model,fold-1_MAP@5,fold-1_nDCG@5,fold-2_MAP@5,fold-2_nDCG@5,fold-3_MAP@5,fold-3_nDCG@5,fold-4_MAP@5,fold-4_nDCG@5,fold-5_MAP@5,fold-5_nDCG@5,MAP@5_mean,MAP@5_std,nDCG@5_mean,nDCG@5_std
ComplEx based model + cosine similarity;embedding_dim=200,0.006645457758925415,0.01136274465853587,0.005857193354542241,0.009578092903814162,0.005630965005302227,0.010067121204341641,0.006083421703782256,0.00957913975871175,0.006068398727465536,0.009918337206950187,0.006057087310003534,0.0003372058853635692,0.010101087146470721,0.0006591332121521743
