model,fold-1_MAP@5,fold-1_nDCG@5,fold-2_MAP@5,fold-2_nDCG@5,fold-3_MAP@5,fold-3_nDCG@5,fold-4_MAP@5,fold-4_nDCG@5,fold-5_MAP@5,fold-5_nDCG@5,MAP@5_mean,MAP@5_std,nDCG@5_mean,nDCG@5_std
ComplEx based model + cosine similarity;embedding_dim=100;entity_initializer=None;relation_initializer=None;regularizer=None;epochs=5;seed=42,0.008238776952986922,0.012750337211164768,0.005433015199717215,0.009239841857289809,0.0069494521032166835,0.010175948233233874,0.005952633439377872,0.009944305399345443,0.007730646871686107,0.012170362020249216,0.006860904913396961,0.001051346673677778,0.010856158944256624,0.001358063728707426
