model,fold-1_MAP@5,fold-1_nDCG@5,fold-2_MAP@5,fold-2_nDCG@5,fold-3_MAP@5,fold-3_nDCG@5,fold-4_MAP@5,fold-4_nDCG@5,fold-5_MAP@5,fold-5_nDCG@5,MAP@5_mean,MAP@5_std,nDCG@5_mean,nDCG@5_std
ComplEx based model + cosine similarity;embedding_dim=200,0.00823966065747614,0.012482747580655224,0.00566631318487098,0.008282146685254501,0.00762636974195829,0.011566006602700504,0.008368681512902085,0.011908403400600854,0.007804878048780488,0.012261237955497908,0.0075411806291975966,0.0009761714511559077,0.011300108444941798,0.0015408583989255727
