model,fold-1_MAP@5,fold-1_nDCG@5,fold-2_MAP@5,fold-2_nDCG@5,fold-3_MAP@5,fold-3_nDCG@5,fold-4_MAP@5,fold-4_nDCG@5,fold-5_MAP@5,fold-5_nDCG@5,MAP@5_mean,MAP@5_std,nDCG@5_mean,nDCG@5_std
DistMult based model + cosine similarity;embedding_dim=50,0.007426652527394839,0.011985312820674113,0.006822198656769177,0.010740450558401978,0.005860728172499116,0.009869880976431501,0.006627783669141039,0.010245892087295635,0.006973312124425593,0.011085030360827995,0.0067421350300459525,0.0005134922627923556,0.010785313360726245,0.0007294975552395792
