model,fold-1_MAP@5,fold-1_nDCG@5,fold-2_MAP@5,fold-2_nDCG@5,fold-3_MAP@5,fold-3_nDCG@5,fold-4_MAP@5,fold-4_nDCG@5,fold-5_MAP@5,fold-5_nDCG@5,MAP@5_mean,MAP@5_std,nDCG@5_mean,nDCG@5_std
DistMult based model + cosine similarity;embedding_dim=50,0.006758571933545422,0.011173030740526179,0.006709084482149169,0.010695014769666666,0.0050777659950512555,0.007753701412488486,0.00627960410038883,0.01021496682117117,0.007203075291622482,0.01029933791955662,0.0064056203605514315,0.0007254897610399192,0.010027210332681825,0.0011863402467922998
