model,fold-1_MAP@2,fold-1_nDCG@2,fold-2_MAP@2,fold-2_nDCG@2,fold-3_MAP@2,fold-3_nDCG@2,fold-4_MAP@2,fold-4_nDCG@2,fold-5_MAP@2,fold-5_nDCG@2,MAP@2_mean,MAP@2_std,nDCG@2_mean,nDCG@2_std
DistMult based model + cosine similarity;embedding_dim=50,0.005832449628844115,0.006238437192327336,0.009544008483563097,0.007909232311634828,0.008218451749734889,0.008138600445482081,0.01166489925768823,0.011951474924688444,0.005302226935312832,0.0045693686373617865,0.008112407211028632,0.0023569576639334965,0.007761422702298894,0.0024588347798899074
