model,fold-1_MAP@5,fold-1_nDCG@5,fold-2_MAP@5,fold-2_nDCG@5,MAP@5_mean,MAP@5_std,nDCG@5_mean,nDCG@5_std
EPHEN based model + cosine similarity;embedding_model=rotatE;embed_with=graph;iterations=30;mi=0.5.,0.015641569459172854,0.021746891478025457,0.01881937080240368,0.026874812711121646,0.017230470130788267,0.0015889006716154133,0.02431085209457355,0.0025639606165480944
