model,fold-1_MAP@5,fold-1_nDCG@5,fold-2_MAP@5,fold-2_nDCG@5,MAP@5_mean,MAP@5_std,nDCG@5_mean,nDCG@5_std
EPHEN based model + cosine similarity;embedding_model=complEx;embed_with=graph;iterations=30;mi=0.5.,0.016532343584305408,0.023093986364089287,0.013400494874513962,0.020070136608232928,0.014966419229409684,0.0015659243548957228,0.021582061486161108,0.0015119248779281794
