model,fold-1_MAP@5,fold-1_nDCG@5,fold-2_MAP@5,fold-2_nDCG@5,MAP@5_mean,MAP@5_std,nDCG@5_mean,nDCG@5_std
EPHEN based model + cosine similarity;embedding_model=distMult;embed_with=graph;iterations=30;mi=0.5.,0.014817956875220925,0.022550751247604788,0.012467302933898906,0.01842062341520313,0.013642629904559916,0.0011753269706610099,0.02048568733140396,0.0020650639162008294
