model,fold-1_MAP@5,fold-1_nDCG@5,fold-2_MAP@5,fold-2_nDCG@5,MAP@5_mean,MAP@5_std,nDCG@5_mean,nDCG@5_std
EPHEN based model + cosine similarity;embedding_model=rESCAL;embed_with=graph;iterations=30;mi=0.5.,0.01741251325556734,0.025803972307947808,0.014969954047366561,0.02215041396807372,0.01619123365146695,0.001221279604100389,0.023977193138010763,0.0018267791699370442
