model,fold-1_MAP@5,fold-1_nDCG@5,fold-2_MAP@5,fold-2_nDCG@5,MAP@5_mean,MAP@5_std,nDCG@5_mean,nDCG@5_std
EPHEN based model + cosine similarity;embedding_model=tuckER;embed_with=graph;iterations=30;mi=0.5.,0.0167903852951573,0.02602242767409713,0.015022976316719686,0.022453566081471733,0.015906680805938492,0.0008837044892188069,0.024237996877784433,0.0017844307963126981
