model,fold-1_MAP@5,fold-1_nDCG@5,fold-2_MAP@5,fold-2_nDCG@5,MAP@5_mean,MAP@5_std,nDCG@5_mean,nDCG@5_std
EPHEN based model + cosine similarity;embedding_model=transH;embed_with=graph;iterations=30;mi=0.5.,0.01591021562389537,0.021377724245584623,0.016903499469777306,0.023823387694586966,0.016406857546836337,0.0004966419229409675,0.022600555970085794,0.0012228317245011715
