model,fold-1_MAP@2,fold-1_nDCG@2,fold-2_MAP@2,fold-2_nDCG@2,fold-3_MAP@2,fold-3_nDCG@2,fold-4_MAP@2,fold-4_nDCG@2,fold-5_MAP@2,fold-5_nDCG@2,MAP@2_mean,MAP@2_std,nDCG@2_mean,nDCG@2_std
RESCAL based model + cosine similarity;embedding_dim=50;entity_initializer=None;relation_initializer=None;regularizer=None;epochs=5;seed=42;triples=ratings,0.012460233297985153,0.01039308926382193,0.010869565217391304,0.01103999486686718,0.011399787910922587,0.011399787910922587,0.010339342523860021,0.009540719037061031,0.014050901378579003,0.014207188478389513,0.011823966065747612,0.0013159781172842901,0.011316155911412449,0.0015776917739463003
