model,fold-1_MAP@5,fold-1_nDCG@5,fold-2_MAP@5,fold-2_nDCG@5,fold-3_MAP@5,fold-3_nDCG@5,fold-4_MAP@5,fold-4_nDCG@5,fold-5_MAP@5,fold-5_nDCG@5,MAP@5_mean,MAP@5_std,nDCG@5_mean,nDCG@5_std
RESCAL based model + cosine similarity;embedding_dim=50,0.006599505125486038,0.010728627734472763,0.006288441145281018,0.01009470070618923,0.006306115235065394,0.009786636746771828,0.007029869211735595,0.011259218701482736,0.007504418522446095,0.012144914718915364,0.006745669848002828,0.00046477936696268714,0.010802819721566385,0.0008425062421048012
