model,fold-1_MAP@5,fold-1_nDCG@5,fold-2_MAP@5,fold-2_nDCG@5,fold-3_MAP@5,fold-3_nDCG@5,fold-4_MAP@5,fold-4_nDCG@5,fold-5_MAP@5,fold-5_nDCG@5,MAP@5_mean,MAP@5_std,nDCG@5_mean,nDCG@5_std
RESCAL based model + cosine similarity;embedding_dim=50,0.005404736656062213,0.009182670723587248,0.005996818663838812,0.009459214311010105,0.0076776246023329804,0.011771137728054293,0.00792859667727112,0.011710293663650987,0.00670820077765995,0.009879018340972543,0.0067431954754330154,0.0009620923851094026,0.010400466953455036,0.0011167163680123036
