model,fold-1_MAP@5,fold-1_nDCG@5,fold-2_MAP@5,fold-2_nDCG@5,fold-3_MAP@5,fold-3_nDCG@5,fold-4_MAP@5,fold-4_nDCG@5,fold-5_MAP@5,fold-5_nDCG@5,MAP@5_mean,MAP@5_std,nDCG@5_mean,nDCG@5_std
RotatE based model + cosine similarity;embedding_dim=200,0.007016613644397314,0.011037148397306852,0.005754683633792859,0.007983660125643693,0.00574761399787911,0.009766119992663858,0.006968893601979499,0.01201425679461336,0.006099328384588194,0.009730882907885749,0.006317426652527396,0.0005660750227378698,0.010106413643622702,0.0013615460529086598
