model,fold-1_MAP@5,fold-1_nDCG@5,fold-2_MAP@5,fold-2_nDCG@5,fold-3_MAP@5,fold-3_nDCG@5,fold-4_MAP@5,fold-4_nDCG@5,fold-5_MAP@5,fold-5_nDCG@5,MAP@5_mean,MAP@5_std,nDCG@5_mean,nDCG@5_std
RotatE based model + cosine similarity;embedding_dim=200,0.008416401555319902,0.012434448073521273,0.006405090137857899,0.010187782602686697,0.006057794273594911,0.009115786646213646,0.007919759632378932,0.012975513944751618,0.0071155885471898194,0.010582918808784113,0.007182926829268292,0.0008876790084396092,0.011059290015191469,0.001437124481398967
