model,fold-1_MAP@5,fold-1_nDCG@5,fold-2_MAP@5,fold-2_nDCG@5,MAP@5_mean,MAP@5_std,nDCG@5_mean,nDCG@5_std
Node2Vec based model + cosine similarity;q=1.0;p=1.0;embedding_size=64,0.2740729939908095,0.3201006084430939,0.24787203958996112,0.2984280159579658,0.2609725167903853,0.013100477200424177,0.30926431220052986,0.010836296242564047
Node2Vec based model + cosine similarity;q=0.6;p=0.8;embedding_size=64,0.25048868858253803,0.2984491648204965,0.25220572640509015,0.30407872541168546,0.2513472074938141,0.0008585189112760572,0.301263945116091,0.0028147802955944823
