model,fold-1_MAP@5,fold-1_nDCG@5,fold-2_MAP@5,fold-2_nDCG@5,MAP@5_mean,MAP@5_std,nDCG@5_mean,nDCG@5_std
Node2Vec based model + cosine similarity;q=1.0;p=1.0;embedding_size=64,0.3180134323082361,0.3472800006183048,0.3132131495227996,0.3368444545773182,0.3156132909155178,0.0024001413927182413,0.34206222759781146,0.005217773020493283
