model,fold-1_MAP@10,fold-1_nDCG@10,fold-2_MAP@10,fold-2_nDCG@10,fold-3_MAP@10,fold-3_nDCG@10,fold-4_MAP@10,fold-4_nDCG@10,fold-5_MAP@10,fold-5_nDCG@10,MAP@10_mean,MAP@10_std,nDCG@10_mean,nDCG@10_std
Node2Vec based model + cosine similarity;q=1.0;p=1.0;embedding_size=64,0.1468935850134406,0.2402859736588019,0.1442547104855846,0.2370812436175602,0.14607495604188028,0.24014987015184636,0.15107832854676767,0.247086866537984,0.14624860798174183,0.24076310851606664,0.146910037613883,0.00226099679511848,0.2410734124964518,0.0032762271231638485
Node2Vec based model + cosine similarity;q=0.6;p=0.8;embedding_size=64,0.14762345912796604,0.24008355755274188,0.14617894611793897,0.23564371192975384,0.14201889821754868,0.23538775039586132,0.14388291954187907,0.23440765616343803,0.1423197561790515,0.23087948541683637,0.14440479583687685,0.0021826431358835936,0.2352804322917263,0.0029442680961352654
