model,fold-1_MAP@5,fold-1_nDCG@5,fold-2_MAP@5,fold-2_nDCG@5,fold-3_MAP@5,fold-3_nDCG@5,fold-4_MAP@5,fold-4_nDCG@5,fold-5_MAP@5,fold-5_nDCG@5,MAP@5_mean,MAP@5_std,nDCG@5_mean,nDCG@5_std
TransE based model + cosine similarity;embedding_dim=150;epochs=5;seed=42;triples=ratings,0.006468716861081655,0.009692760871885708,0.0069167550371155885,0.011539720684577096,0.007792506185931426,0.01173378056981118,0.006527041357370096,0.009317096509232872,0.005678685047720042,0.009319962299442725,0.006676740897843761,0.0006876537497035487,0.010320664186989917,0.0010849711130168774
