model,fold-1_MAP@5,fold-1_nDCG@5,fold-2_MAP@5,fold-2_nDCG@5,fold-3_MAP@5,fold-3_nDCG@5,fold-4_MAP@5,fold-4_nDCG@5,fold-5_MAP@5,fold-5_nDCG@5,MAP@5_mean,MAP@5_std,nDCG@5_mean,nDCG@5_std
TransH based model + cosine similarity;embedding_dim=150,0.006246023329798516,0.010466678399599378,0.006532343584305408,0.010496063056783602,0.005192647578649699,0.0083098333915967,0.006764757864969954,0.009896876140699985,0.005606221279604101,0.008474273630701568,0.006068398727465536,0.0005851938902435641,0.009528744923876249,0.0009537923463298625
