model,fold-1_MAP@5,fold-1_nDCG@5,fold-2_MAP@5,fold-2_nDCG@5,fold-3_MAP@5,fold-3_nDCG@5,fold-4_MAP@5,fold-4_nDCG@5,fold-5_MAP@5,fold-5_nDCG@5,MAP@5_mean,MAP@5_std,nDCG@5_mean,nDCG@5_std
TransR based model + cosine similarity;embedding_dim=150,0.006808059384941676,0.010224935795287498,0.007780134323082361,0.01200576257199631,0.005323435843054084,0.007521111903198136,0.006253092965712265,0.009582996849683367,0.006012725344644751,0.009908842284372006,0.006435489572287028,0.0008240800182152,0.009848729880907462,0.0014343189265661942
