model,fold-1_MAP@5,fold-1_nDCG@5,fold-2_MAP@5,fold-2_nDCG@5,fold-3_MAP@5,fold-3_nDCG@5,fold-4_MAP@5,fold-4_nDCG@5,fold-5_MAP@5,fold-5_nDCG@5,MAP@5_mean,MAP@5_std,nDCG@5_mean,nDCG@5_std
TransH based model + cosine similarity;embedding_dim=150;scoring_fct_norm=2;entity_initializer=None;entity_regularizer=None;relation_initializer=None;relation_regularizer=None;epochs=5;seed=42;triples=ratings,0.00580593849416755,0.009586491482512359,0.006952986921173561,0.010433506487959205,0.006260162601626016,0.01003061012493554,0.0043937787203959,0.007456916137198013,0.0059632378932484974,0.008663548413089006,0.005875220926122304,0.0008386867930777975,0.009234214529138824,0.001065935794443225
