model,fold-1_MAP@5,fold-1_nDCG@5,fold-2_MAP@5,fold-2_nDCG@5,fold-3_MAP@5,fold-3_nDCG@5,fold-4_MAP@5,fold-4_nDCG@5,fold-5_MAP@5,fold-5_nDCG@5,MAP@5_mean,MAP@5_std,nDCG@5_mean,nDCG@5_std
TransE based model + cosine similarity;embedding_dim=50,0.00463061152350654,0.0074098435178166075,0.006493460586779781,0.010139591751690642,0.006410392364793213,0.009959989924282556,0.004057971014492754,0.007290396135118161,0.0045528455284552845,0.006857620849040349,0.0052290562036055145,0.0010179499990083157,0.008331488435589663,0.001416110369682319
