model,fold-1_MAP@5,fold-1_nDCG@5,fold-2_MAP@5,fold-2_nDCG@5,fold-3_MAP@5,fold-3_nDCG@5,fold-4_MAP@5,fold-4_nDCG@5,fold-5_MAP@5,fold-5_nDCG@5,MAP@5_mean,MAP@5_std,nDCG@5_mean,nDCG@5_std
TransE based model + cosine similarity;embedding_dim=50,0.00487451396253093,0.007824675750032222,0.003474726051608342,0.005894251435662955,0.0047083775185577945,0.007416900415027603,0.003856486390950866,0.005353365630574984,0.0051581831035701665,0.00819562153610257,0.00441445740544362,0.000639624210464403,0.006936962953480066,0.0011133394086503038
