model,fold-1_MAP@10,fold-1_nDCG@10,fold-2_MAP@10,fold-2_nDCG@10,fold-3_MAP@10,fold-3_nDCG@10,fold-4_MAP@10,fold-4_nDCG@10,fold-5_MAP@10,fold-5_nDCG@10,MAP@10_mean,MAP@10_std,nDCG@10_mean,nDCG@10_std
TransE based model + cosine similarity;embedding_dim=150,0.004427616653668262,0.0105253214336838,0.004331863297929045,0.01039202088585303,0.004614038557569841,0.011290423976439142,0.004173685204021517,0.009798290847328063,0.003731762490157683,0.009933917180712301,0.00425579324066927,0.00029832854476606965,0.010387994864803267,0.000526723925469447
