model,fold-1_MAP@5,fold-1_nDCG@5,fold-2_MAP@5,fold-2_nDCG@5,fold-3_MAP@5,fold-3_nDCG@5,fold-4_MAP@5,fold-4_nDCG@5,fold-5_MAP@5,fold-5_nDCG@5,MAP@5_mean,MAP@5_std,nDCG@5_mean,nDCG@5_std
TransH based model + cosine similarity;embedding_dim=50,0.006871686108165429,0.01096991432134776,0.008808766348533052,0.011862111458699724,0.005934959349593496,0.010518910578908598,0.006899080947331213,0.010501443731072507,0.005915517850830682,0.010134883523499212,0.006886002120890774,0.0010529691686173052,0.010797452722705561,0.0005945496143923533
