model,fold-1_MAP@5,fold-1_nDCG@5,fold-2_MAP@5,fold-2_nDCG@5,fold-3_MAP@5,fold-3_nDCG@5,fold-4_MAP@5,fold-4_nDCG@5,fold-5_MAP@5,fold-5_nDCG@5,MAP@5_mean,MAP@5_std,nDCG@5_mean,nDCG@5_std
TransE based model + cosine similarity;embedding_dim=50,0.0017108518911276068,0.002721527467463032,0.0011558854718981973,0.0013275985467367708,0.0013220219158713328,0.002073158740839259,0.001120537292329445,0.0015970413705622452,0.0012760692824319551,0.001853517556043677,0.0013170731707317072,0.00021041640398285428,0.0019145687363289969,0.0004744297759160893
