model,fold-1_MAP@5,fold-1_nDCG@5,fold-2_MAP@5,fold-2_nDCG@5,fold-3_MAP@5,fold-3_nDCG@5,fold-4_MAP@5,fold-4_nDCG@5,fold-5_MAP@5,fold-5_nDCG@5,MAP@5_mean,MAP@5_std,nDCG@5_mean,nDCG@5_std
TransE based model + cosine similarity;embedding_dim=150;epochs=5;seed=42;triples=ratings,0.006928243195475433,0.010507245612852642,0.006486390950866031,0.010844927086742409,0.004503358077059032,0.008005770985150701,0.006960056557087311,0.010537302731288856,0.006498762813715094,0.010171159493222011,0.00627536231884058,0.000908790353877095,0.010013281181851323,0.0010261829374482614
