model,fold-1_MAP@5,fold-1_nDCG@5,fold-2_MAP@5,fold-2_nDCG@5,fold-3_MAP@5,fold-3_nDCG@5,fold-4_MAP@5,fold-4_nDCG@5,fold-5_MAP@5,fold-5_nDCG@5,MAP@5_mean,MAP@5_std,nDCG@5_mean,nDCG@5_std
TransR based model + cosine similarity;embedding_dim=150,0.005270413573700954,0.0074935634372925355,0.006829268292682927,0.011307168387423978,0.005252739483916578,0.0079712090568443,0.006684340756451043,0.010020653371400706,0.0051855779427359494,0.007496601568759358,0.005844468009897489,0.0007468647926041621,0.008857839164344175,0.0015395895246296185
