model,fold-1_MAP@5,fold-1_nDCG@5,fold-2_MAP@5,fold-2_nDCG@5,fold-3_MAP@5,fold-3_nDCG@5,fold-4_MAP@5,fold-4_nDCG@5,fold-5_MAP@5,fold-5_nDCG@5,MAP@5_mean,MAP@5_std,nDCG@5_mean,nDCG@5_std
TransE based model + cosine similarity;embedding_dim=150;epochs=5;seed=42;triples=ratings,0.007575114881583599,0.01078116342415729,0.0063379285966772714,0.010869346488367855,0.006673736302580418,0.011029789621240516,0.006122304701307883,0.008978011740154614,0.005831565924354897,0.00942625679763014,0.006508130081300812,0.0006002417533360521,0.010216913614310083,0.0008443731356758639
