model,fold-1_MAP@5,fold-1_nDCG@5,fold-2_MAP@5,fold-2_nDCG@5,fold-3_MAP@5,fold-3_nDCG@5,fold-4_MAP@5,fold-4_nDCG@5,fold-5_MAP@5,fold-5_nDCG@5,MAP@5_mean,MAP@5_std,nDCG@5_mean,nDCG@5_std
TransE based model + cosine similarity;embedding_dim=50,0.007126193001060445,0.010200234473723322,0.007108518911276069,0.011036445581104025,0.006917638741604807,0.011024487516965688,0.005952633439377872,0.00794289953187794,0.0036267232237539764,0.0063613419828737056,0.006146341463414634,0.001331675098554484,0.009313081817308937,0.0018588221815151293
