model,fold-1_MAP@5,fold-1_nDCG@5,fold-2_MAP@5,fold-2_nDCG@5,fold-3_MAP@5,fold-3_nDCG@5,fold-4_MAP@5,fold-4_nDCG@5,fold-5_MAP@5,fold-5_nDCG@5,MAP@5_mean,MAP@5_std,nDCG@5_mean,nDCG@5_std
TransE based model + cosine similarity;embedding_dim=50,0.006645457758925415,0.010475715021356979,0.0068416401555319905,0.011026512537905988,0.006391834570519618,0.010173815543309782,0.0063803464121597745,0.010960328647776591,0.005379992930364087,0.008776771330797817,0.006327854365500177,0.0005040114949817975,0.010282628616229432,0.0008160109595414367
