model,fold-1_MAP@5,fold-1_nDCG@5,fold-2_MAP@5,fold-2_nDCG@5,fold-3_MAP@5,fold-3_nDCG@5,fold-4_MAP@5,fold-4_nDCG@5,fold-5_MAP@5,fold-5_nDCG@5,MAP@5_mean,MAP@5_std,nDCG@5_mean,nDCG@5_std
TransE based model + cosine similarity;embedding_dim=50,0.004878048780487806,0.006464666855123938,0.0025945563803464124,0.0044283534631683824,0.0034093319194061504,0.005361275425245438,0.0024637681159420293,0.004227379152073895,0.002898550724637681,0.004765354673663677,0.0032488511841640157,0.000877178020758272,0.005049405913855066,0.0008052757757015621
