model,fold-1_MAP@5,fold-1_nDCG@5,fold-2_MAP@5,fold-2_nDCG@5,fold-3_MAP@5,fold-3_nDCG@5,fold-4_MAP@5,fold-4_nDCG@5,fold-5_MAP@5,fold-5_nDCG@5,MAP@5_mean,MAP@5_std,nDCG@5_mean,nDCG@5_std
TransE based model + cosine similarity;embedding_dim=50,0.0066595970307529164,0.00959572335064903,0.004941675503711559,0.0072397986200647855,0.004266525273948392,0.006822349061144185,0.0055443619653587845,0.008486318338027017,0.006415694591728527,0.009722360087133772,0.0055655708731000356,0.0008940713941280834,0.008373309891403757,0.0011846796448157062
