model,fold-1_MAP@5,fold-1_nDCG@5,fold-2_MAP@5,fold-2_nDCG@5,fold-3_MAP@5,fold-3_nDCG@5,fold-4_MAP@5,fold-4_nDCG@5,fold-5_MAP@5,fold-5_nDCG@5,MAP@5_mean,MAP@5_std,nDCG@5_mean,nDCG@5_std
TransH based model + cosine similarity;embedding_dim=150,0.007981618946624249,0.01310799899578426,0.006398020501944149,0.010813659772649654,0.005535524920466595,0.007728860273658359,0.004984093319194062,0.008407379983582175,0.00672322375397667,0.010240200570239624,0.006324496288441145,0.0010324340991518521,0.010059619919182814,0.0019003230144800521
