model,fold-1_MAP@5,fold-1_nDCG@5,fold-2_MAP@5,fold-2_nDCG@5,fold-3_MAP@5,fold-3_nDCG@5,fold-4_MAP@5,fold-4_nDCG@5,fold-5_MAP@5,fold-5_nDCG@5,MAP@5_mean,MAP@5_std,nDCG@5_mean,nDCG@5_std
TransH based model + cosine similarity;embedding_dim=50,0.004870979144574055,0.007639834019103217,0.0051802757158006365,0.008850565664312773,0.00728525980911983,0.010980438580302659,0.005054789678331567,0.007361370355911503,0.00830682219865677,0.012751078164216053,0.006139625309296572,0.00139398018956189,0.00951665735676924,0.0020598805533160207
