model,fold-1_MAP@5,fold-1_nDCG@5,fold-2_MAP@5,fold-2_nDCG@5,fold-3_MAP@5,fold-3_nDCG@5,fold-4_MAP@5,fold-4_nDCG@5,fold-5_MAP@5,fold-5_nDCG@5,MAP@5_mean,MAP@5_std,nDCG@5_mean,nDCG@5_std
TransR based model + cosine similarity;embedding_dim=150,0.004118062919759633,0.00678099014356898,0.005630965005302227,0.008631959035646222,0.00558412866737363,0.008318896500739087,0.005555850123718629,0.00893654560378603,0.00591728525980912,0.008484837207692282,0.005361258395192648,0.000634819599395277,0.00823064569828652,0.0007527615593583295
