model,fold-1_MAP@5,fold-1_nDCG@5,fold-2_MAP@5,fold-2_nDCG@5,fold-3_MAP@5,fold-3_nDCG@5,fold-4_MAP@5,fold-4_nDCG@5,fold-5_MAP@5,fold-5_nDCG@5,MAP@5_mean,MAP@5_std,nDCG@5_mean,nDCG@5_std
TransH based model + cosine similarity;embedding_dim=50,0.006366207140332273,0.009833425876489402,0.005851891127606927,0.00906747331273264,0.0069812654648285614,0.01015651329754426,0.006062212796041004,0.009922501794674124,0.0063273241428066455,0.009539689072631209,0.0063177801343230824,0.0003807929300237769,0.009703920670814327,0.00037454683264606496
