model,fold-1_MAP@5,fold-1_nDCG@5,fold-2_MAP@5,fold-2_nDCG@5,fold-3_MAP@5,fold-3_nDCG@5,fold-4_MAP@5,fold-4_nDCG@5,fold-5_MAP@5,fold-5_nDCG@5,MAP@5_mean,MAP@5_std,nDCG@5_mean,nDCG@5_std
TransE based model + cosine similarity;embedding_dim=150;epochs=5;seed=42;triples=ratings,0.007150053022269353,0.010552474237486904,0.004906327324142807,0.007781343617281231,0.005358784022622836,0.008358440409161935,0.006542064333686816,0.01070179608824505,0.00624248851184164,0.008851960787780461,0.00603994344291269,0.0008092659430203605,0.009249203027991116,0.0011759602998672254
