model,fold-1_MAP@5,fold-1_nDCG@5,fold-2_MAP@5,fold-2_nDCG@5,fold-3_MAP@5,fold-3_nDCG@5,fold-4_MAP@5,fold-4_nDCG@5,fold-5_MAP@5,fold-5_nDCG@5,MAP@5_mean,MAP@5_std,nDCG@5_mean,nDCG@5_std
TransR based model + cosine similarity;embedding_dim=150,0.007228702721809827,0.011157528845749377,0.005934959349593496,0.009775039419502717,0.007292329445033581,0.011108478099094208,0.006496995404736657,0.010539469924337151,0.006640155531990102,0.00926900839570974,0.006718628490632733,0.0005017419773171206,0.010369904936878638,0.0007430251948436609
