model,fold-1_MAP@5,fold-1_nDCG@5,fold-2_MAP@5,fold-2_nDCG@5,fold-3_MAP@5,fold-3_nDCG@5,fold-4_MAP@5,fold-4_nDCG@5,fold-5_MAP@5,fold-5_nDCG@5,MAP@5_mean,MAP@5_std,nDCG@5_mean,nDCG@5_std
TransE based model + cosine similarity;embedding_dim=150;epochs=5;seed=42;triples=ratings,0.006412159773771651,0.010426202986876784,0.007271120537292329,0.011519854947881311,0.005519618239660657,0.0097809692453247,0.004969954047366561,0.008077702332197928,0.007009544008483563,0.011828261415080246,0.006236479321314952,0.0008737220562240891,0.010326598185472194,0.0013449177500394205
