model,fold-1_MAP@10,fold-1_nDCG@10,fold-2_MAP@10,fold-2_nDCG@10,fold-3_MAP@10,fold-3_nDCG@10,fold-4_MAP@10,fold-4_nDCG@10,fold-5_MAP@10,fold-5_nDCG@10,MAP@10_mean,MAP@10_std,nDCG@10_mean,nDCG@10_std
TransH based model + cosine similarity;embedding_dim=150,0.005518990528932205,0.013091994606036463,0.004410092185807986,0.010506912274747739,0.005169676271592647,0.012368890179868301,0.006510713864902624,0.013892989745560353,0.0054929808614856334,0.01293470290065564,0.005420490742544219,0.0006763662652854455,0.012559097941373698,0.0011359551301670455
