model,fold-1_MAP@5,fold-1_nDCG@5,fold-2_MAP@5,fold-2_nDCG@5,fold-3_MAP@5,fold-3_nDCG@5,fold-4_MAP@5,fold-4_nDCG@5,fold-5_MAP@5,fold-5_nDCG@5,MAP@5_mean,MAP@5_std,nDCG@5_mean,nDCG@5_std
TransE based model + cosine similarity;embedding_dim=150,0.006758571933545422,0.010663754134087598,0.006920289855072465,0.010036579900311895,0.007146518204312478,0.01039680776253663,0.007778366914103924,0.011500634882831248,0.007896783315659245,0.01106946096028068,0.007300106044538707,0.0004573545629037564,0.01073344752800961,0.0005109382458677212
