model,fold-1_MAP@5,fold-1_nDCG@5,fold-2_MAP@5,fold-2_nDCG@5,fold-3_MAP@5,fold-3_nDCG@5,fold-4_MAP@5,fold-4_nDCG@5,fold-5_MAP@5,fold-5_nDCG@5,MAP@5_mean,MAP@5_std,nDCG@5_mean,nDCG@5_std
TransH based model + cosine similarity;embedding_dim=300,0.006963591375044185,0.011464380799539271,0.006496995404736657,0.010316242837596799,0.007934782608695653,0.012925671583662453,0.007799575821845176,0.012494516748485538,0.005549664192294097,0.008495829572629397,0.006948921880523153,0.0008783972125290391,0.011139328308382693,0.0015999232722528171
