model,fold-1_MAP@5,fold-1_nDCG@5,fold-2_MAP@5,fold-2_nDCG@5,fold-3_MAP@5,fold-3_nDCG@5,fold-4_MAP@5,fold-4_nDCG@5,fold-5_MAP@5,fold-5_nDCG@5,MAP@5_mean,MAP@5_std,nDCG@5_mean,nDCG@5_std
TransE based model + cosine similarity;embedding_dim=50,0.004232944503358077,0.006566312829292229,0.004220572640509014,0.006718791750193917,0.002785436550017674,0.004798249152635294,0.0032873806998939556,0.0056470648670381395,0.003624955814775539,0.005381614795048826,0.0036302580417108517,0.0005555211309348489,0.005822406678841681,0.0007253748591026153
