model,fold-1_MAP@5,fold-1_nDCG@5,fold-2_MAP@5,fold-2_nDCG@5,fold-3_MAP@5,fold-3_nDCG@5,fold-4_MAP@5,fold-4_nDCG@5,fold-5_MAP@5,fold-5_nDCG@5,MAP@5_mean,MAP@5_std,nDCG@5_mean,nDCG@5_std
TuckER based model + cosine similarity;embedding_dim=200,0.006747967479674797,0.010394094256692018,0.007249911629551078,0.01065038224999496,0.006260162601626016,0.010145290904707862,0.0051643690349946975,0.009179371917680429,0.005993283845881937,0.008988717657645487,0.006283138918345706,0.0007052524360276777,0.00987157139734415,0.0006652923713384709
