model,fold-1_MAP@5,fold-1_nDCG@5,fold-2_MAP@5,fold-2_nDCG@5,fold-3_MAP@5,fold-3_nDCG@5,fold-4_MAP@5,fold-4_nDCG@5,fold-5_MAP@5,fold-5_nDCG@5,MAP@5_mean,MAP@5_std,nDCG@5_mean,nDCG@5_std
TuckER based model + cosine similarity;embedding_dim=200,0.007239307175680453,0.01092973627056648,0.00870537292329445,0.012225827633830188,0.007225167903852952,0.011265492928452879,0.009015553199010252,0.013266594109385138,0.005245669848002828,0.007592207102178266,0.007486214209968187,0.0013397293015483007,0.01105597160888259,0.0019137875566913503
