model,fold-1_Precision@10,fold-1_Recall@10,fold-1_F1.0-score@10,fold-2_Precision@10,fold-2_Recall@10,fold-2_F1.0-score@10,fold-3_Precision@10,fold-3_Recall@10,fold-3_F1.0-score@10,fold-4_Precision@10,fold-4_Recall@10,fold-4_F1.0-score@10,fold-5_Precision@10,fold-5_Recall@10,fold-5_F1.0-score@10,Precision@10_mean,Precision@10_std,Recall@10_mean,Recall@10_std,F1.0-score@10_mean,F1.0-score@10_std
Node2Vec based model + cosine similarity;q=1.0;p=1.0;embedding_size=64,0.23011664899257642,0.16149382756919436,0.1897927693839219,0.23043478260869468,0.15969834630552882,0.18865382602241712,0.22969247083775077,0.1620368574276319,0.19002226008527406,0.22757158006362588,0.16568309983242782,0.19175748819401872,0.21707317073170634,0.1599711699559981,0.18419822466860117,0.22697773064687082,0.005052262764239397,0.16177666021815623,0.002144161895065602,0.1888849136708466,0.00254510897834953
