item_id::string,molecule_name::string,iupac_name::string,canonical_smiles::string,standard_inchi::string,standard_inchi_key::string,sugar_free_smiles::string,molecule_identifier::string,annotation_level::string,comment::string,name_trust_level::string,structural_comments::string,synonyms::string,has_stereo::string,has_variants::string,is_parent::string,is_tautomer::string,parent_molecule::string,chemical_class::string,chemical_sub_class::string,chemical_super_class::string,molecular_formula::string,molecular_weight::number,np_likeness::number,fractioncsp3::number,direct_parent_classification::string,exact_molecular_weight::number,heavy_atom_count::number,total_atom_count::number,van_der_walls_volume::number,AlogP::number,formal_charge::number,hydrogen_bond_acceptors::number,hydrogen_bond_donors::number,qed_drug_likeliness::number,lipinski_rule_of_five_violations::number,hydrogen_bond_acceptors_lipinski::number,hydrogen_bond_donors_lipinski::number,aromatic_ring_count::number,contains_linear_sugars::boolean,contains_ring_sugars::boolean,contains_sugar::boolean,murko_framework::string,number_of_minimal_rings::number,rotatable_bond_count::number,topological_polar_surface_area::number
32,"2,3-bis(4-methoxyphenyl)-N-(3-methylbutyl)quinoxaline-6-carboxamide","~{N}-isopentyl-2,3-bis(4-methoxyphenyl)quinoxaline-6-carboxamide",COC1=CC=C(C2=NC3=CC=C(C(=O)NCCC(C)C)C=C3N=C2C2=CC=C(OC)C=C2)C=C1,"InChI=1S/C28H29N3O3/c1-18(2)15-16-29-28(32)21-9-14-24-25(17-21)31-27(20-7-12-23(34-4)13-8-20)26(30-24)19-5-10-22(33-3)11-6-19/h5-14,17-18H,15-16H2,1-4H3,(H,29,32)",YJJRNKXUHWVLBX-UHFFFAOYSA-N,,CNP0580505.0,3.0,,0,,"[""AKOS002143325"",""SR-01000581792"",""2,3-bis(4-methoxyphenyl)-N-(3-methylbutyl)quinoxaline-6-carboxamide""]",0,0,0,0,,,,,,,,,,,,,,,,,,,,,,,,,,,,,
3795,,"2,3,4-tris[(4-hydroxybenzoyl)oxy]butyl 4-hydroxybenzoate",O=C(OCC(OC(=O)C1=CC=C(O)C=C1)C(COC(=O)C1=CC=C(O)C=C1)OC(=O)C1=CC=C(O)C=C1)C1=CC=C(O)C=C1,"InChI=1S/C32H26O12/c33-23-9-1-19(2-10-23)29(37)41-17-27(43-31(39)21-5-13-25(35)14-6-21)28(44-32(40)22-7-15-26(36)16-8-22)18-42-30(38)20-3-11-24(34)12-4-20/h1-16,27-28,33-36H,17-18H2",UFYXGHSICNSXJL-UHFFFAOYSA-N,,CNP0258534.0,1.0,,0,,,0,1,1,0,,,,,,,,,,,,,,,,,,,,,,,,,,,,,
7276,Difenoconazole,"1-[[2-[2-chloro-4-(4-chlorophenoxy)phenyl]-4-methyl-1,3-dioxolan-2-yl]methyl]-1,2,4-triazole",CC1COC(CN2C=NC=N2)(C2=CC=C(OC3=CC=C(Cl)C=C3)C=C2Cl)O1,"InChI=1S/C19H17Cl2N3O3/c1-13-9-25-19(27-13,10-24-12-22-11-23-24)17-7-6-16(8-18(17)21)26-15-4-2-14(20)3-5-15/h2-8,11-13H,9-10H2,1H3",BQYJATMQXGBDHF-UHFFFAOYSA-N,,CNP0347101.0,3.0,,0,,"[""119446-68-3"",""1-((2-(2-Chloro-4-(4-chlorophenoxy)phenyl)-4-methyl-1,3-dioxolan-2-yl)methyl)-1H-1,2,4-triazole"",""Bardos Neu"",""Difenconazole"",""Dividend"",""Plover"",""Score"",""Score EC 250"",""Dividend (fungicide)"",""CGA 169374"",""UNII-D9612XCH4P"",""DTXSID4032372"",""CHEBI:81760"",""D9612XCH4P"",""1H-1,2,4-Triazole, 1-((2-(2-chloro-4-(4-chlorophenoxy)phenyl)-4-methyl-1,3-dioxolan-2-yl)methyl)-"",""DTXCID2012372"",""HSDB 8370"",""MMV688943"",""Difenoconazole 10 microg\/mL in Cyclohexane"",""Difenoconazole 10 microg\/mL in Acetonitrile"",""Difenoconazole [ISO]"",""PLANDOM"",""SPECTRO"",""SCHEMBL22125"",""CHEMBL466426"",""AMY22441"",""BCP21450"",""HY-B0850"",""Tox21_301110"",""MFCD00144119"",""AKOS015907773"",""NCGC00163894-01"",""NCGC00255010-01"",""AS-13948"",""Difenoconazole 1000 microg\/mL in Toluene"",""DB-061566"",""CAS-119446-68-3"",""CS-0012864"",""NS00000433"",""C18459"",""F21399"",""Difenoconazol, PESTANAL(R), analytical standard"",""EN300-7392201"",""A804285"",""SR-05000022490"",""J-004130"",""Q3027717"",""Z3234897102"",""CIS,TRANS-3-CHLORO-4-(4-METHYL-2-(1H-1,2,4-TRIAZOL-1-YLMETHYL)-1,3-DIOXOLAN-2-YL)PHENYL 4-CHLOROPHENYL ETHER""]",0,0,1,0,,,,,,,,,,,,,,,,,,,,,,,,,,,,,
321,Irenolone,2-hydroxy-4-(4-hydroxyphenyl)phenalen-1-one,O=C1C(O)=CC2=C3C1=CC=CC3=CC=C2C1=CC=C(O)C=C1,"InChI=1S/C19H12O3/c20-13-7-4-11(5-8-13)14-9-6-12-2-1-3-15-18(12)16(14)10-17(21)19(15)22/h1-10,20-21H",UQMKPTIDKHEGFW-UHFFFAOYSA-N,,CNP0253267.0,3.0,,0,,"[""149184-19-0"",""2-hydroxy-4-(4-hydroxyphenyl)phenalen-1-one"",""CHEMBL1164175"",""CHEBI:189809"",""AKOS004902211"",""Irenolone""]",0,0,0,0,,,,,,,,,,,,,,,,,,,,,,,,,,,,,
3562,Hydroxyanigorufone,2-hydroxy-9-(4-hydroxyphenyl)phenalen-1-one,O=C1C(O)=CC2=C3C1=C(C1=CC=C(O)C=C1)C=CC3=CC=C2,"InChI=1S/C19H12O3/c20-14-7-4-11(5-8-14)15-9-6-12-2-1-3-13-10-16(21)19(22)18(15)17(12)13/h1-10,20-21H",HTELDEYOMOTOBI-UHFFFAOYSA-N,,CNP0349916.0,5.0,,0,,"[""56252-02-9"",""2-hydroxy-9-(4-hydroxyphenyl)phenalen-1-one"",""Emenolone"",""CHEMBL1165215"",""SCHEMBL20983238"",""CHEBI:180750"",""DTXSID001316177"",""HY-N9127"",""AKOS040761853"",""CS-0158805"",""Hydroxyanigorufone""]",0,0,0,0,,,,,,,,,,,,,,,,,,,,,,,,,,,,,
6723,"2,5-DIHYDROXYBENZOIC ACID","2,5-dihydroxybenzoic acid",O=C(O)C1=CC(O)=CC=C1O,"InChI=1S/C7H6O4/c8-4-1-2-6(9)5(3-4)7(10)11/h1-3,8-9H,(H,10,11)",WXTMDXOMEHJXQO-UHFFFAOYSA-N,,CNP0187458.0,5.0,,0,,"[""gentisic acid"",""490-79-9"",""Hydroquinonecarboxylic acid"",""Benzoic acid, 2,5-dihydroxy-"",""Gentisate"",""5-Hydroxysalicylic acid"",""Gensigen"",""Gensigon"",""2,5-Dioxybenzoic acid"",""2,5-Dhba"",""Gentisinic acid"",""Salicylic acid, 5-hydroxy-"",""Carboxyhydroquinone"",""Kyselina gentisinova"",""Gentisic acid [INN]"",""MFCD00002460"",""NSC 27224"",""Kyselina 2,5-dihydroxybenzoova"",""3,6-dihydroxybenzoic acid"",""CHEMBL1461"",""VP36V95O3T"",""CHEBI:17189"",""BENZOIC ACID,2,5-DIHYDROXY"",""Gentinatre"",""Gentalpin"",""Gentasol"",""Gentidol"",""Gentisan"",""Gentisod"",""Legential"",""Nagentis"",""Casate"",""Gabail"",""Nagent"",""Casate sodium"",""NSC-27224"",""Gensalate sodium"",""Sodium-Gent"",""WLN: QVR BQ EQ"",""GENTISATE SODIUM"",""Acido gentisico"",""Acide gentisique"",""Acidum gentisicum"",""Kyselina gentisinova [Czech]"",""NSC8512"",""Acide gentisique [INN-French]"",""Acido gentisico [INN-Spanish]"",""Acidum gentisicum [INN-Latin]"",""EINECS 207-718-5"",""Acido 2,5-diidrossibenzoico [Italian]"",""2,5-Dihydroxy benzoic acid"",""BRN 2209119"",""Kyselina 2,5-dihydroxybenzoova [Czech]"",""Acido 2,5-diidrossibenzoico"",""UNII-VP36V95O3T"",""AI3-60431"",""Dihydroxybenzoicacid"",""GTQ"",""2,5-Dioxybenzoate"",""GENOP"",""5-hydroxy-Salicylate"",""3,6-Dihydroxybenzoate"",""Spectrum_001241"",""5-hydroxy-Salicylic acid"",""Spectrum2_000773"",""Spectrum3_001326"",""Spectrum5_000581"",""bmse000326"",""GENTISIC ACID [II]"",""SCHEMBL3690"",""2,5-Dihydroxybenzoate, VI"",""NCIOpen2_000913"",""Oprea1_039290"",""BSPBio_003051"",""KBioGR_002487"",""KBioSS_001721"",""4-10-00-01441 (Beilstein Handbook Reference)"",""MLS002207134"",""DivK1c_000538"",""SPBio_000846"",""GENTISIC ACID [WHO-DD]"",""DTXSID4060078"",""HMS501K20"",""KBio1_000538"",""KBio2_001721"",""KBio2_004289"",""KBio2_006857"",""KBio3_002271"",""2,5-Dihydroxybenzoic acid, tech"",""NINDS_000538"",""2,5-Dihydroxybenzoic acid, 98%"",""AMY18270"",""NSC49098"",""BBL013232"",""BDBM50335808"",""CCG-40154"",""CK2181"",""s3799"",""STK426343"",""AKOS003267857"",""CS-W001179"",""HY-W001179"",""PS-6232"",""IDI1_000538"",""NCGC00178325-01"",""1ST40048"",""2,5-DIHYDROXYBENZOIC ACID [INCI]"",""AC-23625"",""SMR000393742"",""SY014321"",""gentisic acid (2,5-dihydroxybenzoic acid)"",""DB-051598"",""MESALAZINE IMPURITY G [EP IMPURITY]"",""D0569"",""D2933"",""NS00007790"",""EN300-81715"",""2,5-Dihydroxybenzoic acid, analytical standard"",""C00628"",""Gentisic acid; Hydroquinonecarboxylic acid; DHB"",""AE-562\/40605400"",""Q417831"",""Resorcyllic acid, alphaodium 2,5-dihydroxybenzoate"",""W-106033"",""26A2CD0F-7EBD-431F-8BDA-168766205AE1"",""Z275164274"",""2,5-Dihydroxybenzoic acid, matrix substance for MALDI-MS, >99.0% (HPLC)"",""InChI=1\/C7H6O4\/c8-4-1-2-6(9)5(3-4)7(10)11\/h1-3,8-9H,(H,10,11"",""Gentisic Acid""]",0,0,0,0,,,,,,,,,,,,,,,,,,,,,,,,,,,,,
9714,,"[(1~{S},4~{a}~{R},8~{a}~{R})-1-[4-(diethylamino)phenyl]-4~{a}-hydroxy-1,3,4,5,6,7,8,8~{a}-octahydroisoquinolin-2-yl]-(9~{H}-xanthen-9-yl)methanone",CCN(CC)C1=CC=C([C@@H]2[C@H]3CCCC[C@@]3(O)CCN2C(=O)C2C3=CC=CC=C3OC3=CC=CC=C32)C=C1,"InChI=1S/C33H38N2O3/c1-3-34(4-2)24-18-16-23(17-19-24)31-27-13-9-10-20-33(27,37)21-22-35(31)32(36)30-25-11-5-7-14-28(25)38-29-15-8-6-12-26(29)30/h5-8,11-12,14-19,27,30-31,37H,3-4,9-10,13,20-22H2,1-2H3/t27-,31-,33-/m1/s1",,,CNP0229946.6,1.0,,0,,,1,0,0,0,,,,,,,,,,,,,,,,,,,,,,,,,,,,,
370,,4-methoxy-6-(2-phenylethyl)pyran-2-one,COC1=CC(=O)OC(CCC2=CC=CC=C2)=C1,"InChI=1S/C14H14O3/c1-16-13-9-12(17-14(15)10-13)8-7-11-5-3-2-4-6-11/h2-6,9-10H,7-8H2,1H3",,,CNP0191534.0,3.0,,0,,"[""7,8-Dihydro-5,6-dehydrokawain"",""2H-Pyran-2-one, 4-methoxy-6-(2-phenylethyl)-"",""4-Methoxy-6-(2-phenylethyl)-2H-pyran-2-one"",""4-METHOXY-6-(2-PHENYLETHYL)PYRAN-2-ONE"",""5,6-Ddk"",""CHEMBL1946699"",""SCHEMBL19679894"",""5,6-Dehydro-7,8-dihydrokavain"",""DTXSID10185453"",""CHEBI:157717"",""OVXOWIKMOIVICB-UHFFFAOYSA-N"",""4-methoxy-6-phenethyl-pyran-2-one"",""Kawain, 5,6-dehydro-7,8-dihydro-"",""DB-295452"",""2,4-Heptadienoic acid, 5-hydroxy-3-methoxy-7-phenyl-, .delta.-lactone""]",0,0,0,0,,,,,,,,,,,,,,,,,,,,,,,,,,,,,
3631,Stenocarpoquinone A,"(3~{R})-3-hydroxy-2,2-dimethyl-3,4-dihydrobenzo[h]chromene-5,6-dione",CC1(C)OC2=C(C[C@H]1O)C(=O)C(=O)C1=CC=CC=C21,"InChI=1S/C15H14O4/c1-15(2)11(16)7-10-13(18)12(17)8-5-3-4-6-9(8)14(10)19-15/h3-6,11,16H,7H2,1-2H3/t11-/m1/s1",MFHPSBRWDZUZHF-LLVKDONJSA-N,,CNP0209313.1,2.0,,0,,"[""Sentocarpoquinone A"",""MFHPSBRWDZUZHF-LLVKDONJSA-N"",""2H-Naphtho[1,2-b]pyran-5,6-dione, 3,4-dihydro-3-hydroxy-2,2-dimethyl-, (R)-"",""3-Hydroxy-2,2-dimethyl-3,4-dihydro-2H-benzo[h]chromene-5,6-dione #""]",1,0,0,0,,,,,,,,,,,,,,,,,,,,,,,,,,,,,
6246,Afrormosin,7-hydroxy-6-methoxy-3-(4-methoxyphenyl)chromen-4-one,COC1=CC=C(C2=COC3=CC(O)=C(OC)C=C3C2=O)C=C1,"InChI=1S/C17H14O5/c1-20-11-5-3-10(4-6-11)13-9-22-15-8-14(18)16(21-2)7-12(15)17(13)19/h3-9,18H,1-2H3",KJGPBYUQZLUKLL-UHFFFAOYSA-N,,CNP0316994.0,5.0,,0,,"[""Afromosin"",""550-79-8"",""6,4'-Dimethoxy-7-hydroxyisoflavone"",""6-Methoxyformonetin"",""7-hydroxy-6-methoxy-3-(4-methoxyphenyl)chromen-4-one"",""4H-1-Benzopyran-4-one, 7-hydroxy-6-methoxy-3-(4-methoxyphenyl)-"",""89P1SB9FYW"",""CHEBI:2506"",""CHEMBL464404"",""7-hydroxy-6-methoxy-3-(4-methoxyphenyl)-4H-1-benzopyran-4-one"",""AFROMORSIN"",""Isoflavone, 7-hydroxy-4',6-dimethoxy-"",""UNII-89P1SB9FYW"",""MLS002473149"",""SCHEMBL572274"",""cid_5281704"",""DTXSID90203543"",""HMS2198K16"",""7-hydroxy-4',6-dimethoxyisoflavone"",""BDBM50241529"",""LMPK12050100"",""AKOS024286653"",""FS-7688"",""NCGC00247474-01"",""SMR001397241"",""HY-119846"",""CS-0078127"",""Q27105693"",""4H-1-Benzopyran-4-one, 7-hydroxy-3-(4-methoxyphenyl)-6-methoxy-"",""afrormosin"",""7-Hydroxy-4'6-dimethoxyisoflavone, Afrormosin, Afromosin"",""castanin""]",0,0,0,0,,,,,,,,,,,,,,,,,,,,,,,,,,,,,
9187,butylbrevifolin carboxylate,"butyl 7,8,9-trihydroxy-3,5-dioxo-1,2-dihydrocyclopenta[c]isochromene-1-carboxylate",CCCCOC(=O)C1CC(=O)C2=C1C1=C(O)C(O)=C(O)C=C1C(=O)O2,"InChI=1S/C17H16O8/c1-2-3-4-24-16(22)8-6-10(19)15-12(8)11-7(17(23)25-15)5-9(18)13(20)14(11)21/h5,8,18,20-21H,2-4,6H2,1H3",VXJWXXXNAGXANY-UHFFFAOYSA-N,,CNP0248972.0,3.0,,0,,"[""CHEMBL568338"",""BDBM50415049""]",0,1,1,0,,,,,,,,,,,,,,,,,,,,,,,,,,,,,
425,isoniazid,pyridine-4-carbohydrazide,NNC(=O)C1=CC=NC=C1,"InChI=1S/C6H7N3O/c7-9-6(10)5-1-3-8-4-2-5/h1-4H,7H2,(H,9,10)",QRXWMOHMRWLFEY-UHFFFAOYSA-N,,CNP0295499.0,5.0,,0,,"[""54-85-3"",""Isonicotinic acid hydrazide"",""Isonicotinohydrazide"",""pyridine-4-carbohydrazide"",""Isoniazide"",""Nydrazid"",""Rimifon"",""Cotinazin"",""Hydrazid"",""Iscotin"",""Mybasan"",""Isonicotinylhydrazine"",""Atcotibine"",""Hidrasonil"",""Isobicina"",""Isonicotan"",""Neumandin"",""Armazid"",""Dinacrin"",""Ditubin"",""Eralon"",""Ertuban"",""Isidrina"",""Laniazid"",""Cedin"",""Hyzyd"",""Andrazide"",""Neoteben"",""Nicizina"",""Niconyl"",""Nicotibina"",""Nicozide"",""Pycazide"",""Stanozide"",""Isolyn"",""Isohydrazide"",""Antimicina"",""Chemiazid"",""Chemidon"",""Fimalene"",""Hidranizil"",""Hidrulta"",""Ismazide"",""Isocidene"",""Isonerit"",""Isonicid"",""Isonicotil"",""Isonidrin"",""Isonilex"",""Isonindon"",""Isonirit"",""Isoniton"",""Isotebezid"",""Nidrazid"",""Nyscozid"",""Pyricidin"",""Pyrizidin"",""Raumanon"",""Retozide"",""Rimitsid"",""Teebaconin"",""Tubazide"",""Azuren"",""Defonin"",""Diforin"",""Ebidene"",""Eutizon"",""Evalon"",""Hidrun"",""Hycozid"",""Idrazil"",""Inizid"",""Isocid"",""Isonex"",""Isonico"",""Isonide"",""Isonin"",""Isozide"",""Isozyd"",""Neoxin"",""Niadrin"",""Nicetal"",""Nidaton"",""Nikozid"",""Niplen"",""Nitadon"",""Pelazid"",""Rimicid"",""Antituberkulosum"",""Nevin"",""Inah"",""Ido-tebin"",""Nicotisan"",""Rimiphone"",""Tisiodrazida"",""Tubilysin"",""Isotebe"",""Isotinyl"",""Nicazide"",""Phthisen"",""Pyreazid"",""Percin"",""Razide"",""Tyvid"",""Neo-Tizide"",""4-Pyridinecarboxylic acid, hydrazide"",""Isoniazid SA"",""Armacide"",""Bacillin"",""Cotinizin"",""GINK"",""Isotamine"",""Robisellin"",""Sauterazid"",""Tibinide"",""Unicozyde"",""Vazadrine"",""Zonazide"",""Dibutin"",""Tebecid"",""Tekazin"",""Tubeco"",""Tubicon"",""Tubomel"",""Vederon"",""Zinadon"",""Dow-Isoniazid"",""Preparation 6424"",""TB-Razide"",""Sanohidrazina"",""Laniozid"",""Pyridicin"",""Tibazide"",""Tibizide"",""Tuberian"",""Unicocyde"",""Niteban"",""Roxifen"",""Tebenic"",""Tebexin"",""Tebilon"",""Tibison"",""Tibivis"",""Tibusan"",""Tizide"",""Tebos"",""Tisin"",""Inh-Burgthal"",""TB-Vis"",""FSR 3"",""TB-Phlogin"",""Isoniazidum"",""Tubizid"",""Zidafimia"",""INH"",""Nitebannsc 9659"",""In-73"",""Cedin (Aerosol)"",""RU-EF-Tb"",""bacillen"",""tebemid"",""tubercid"",""Isonizida"",""Isokin"",""Tibemid"",""4-Pyridinecarbonylhydrazine"",""Isonicotinsaeurehydrazid"",""FSR-3"",""4-(Hydrazinocarbonyl)pyridine"",""BP 5015"",""4-Pyridylcarbonylhydrazide"",""Dianicotyl"",""Ipcazide"",""NSC 9659"",""4-pyridinecarbohydrazide"",""RP-5015"",""Usaf cb-2"",""HIA"",""pyridine-4-carboxylic acid hydrazide"",""CCRIS 351"",""CHEBI:6030"",""5015 RP"",""L 1945"",""HSDB 1647"",""Isoniazidum [INN-Latin]"",""Isoniazida [INN-Spanish]"",""5015 R.P."",""UNII-V83O1VOZ8L"",""NSC-9659"",""EINECS 200-214-6"",""V83O1VOZ8L"",""MFCD00006426"",""RP 5015"",""I.A.I."",""DTXSID8020755"",""isonicotinate hydrazide"",""Idrazide dell'acido isonicotinico"",""AI3-23936"",""CHEMBL64"",""DTXCID20755"",""MLS000069444"",""Isoniazid [USP:INN:BAN:JAN]"",""RIFATER COMPONENT ISONIAZID"",""ISONIAZID COMPONENT OF RIFATER"",""CAS-54-85-3"",""NCGC00016244-09"",""Tubecotubercid"",""Abdizide"",""Anidrasona"",""SMR000059082"",""Fetefu"",""Hydra"",""ISONIAZID (MART.)"",""ISONIAZID [MART.]"",""ISONIAZID (USP-RS)"",""ISONIAZID [USP-RS]"",""LANIZID"",""ISONIAZID (EP IMPURITY)"",""ISONIAZID (EP MONOGRAPH)"",""ISONIAZID [USP MONOGRAPH]"",""RY-EF-Tb"",""[(4-Pyridinylcarbonyl)oxy]hydrazine"",""Isoniazid; pyridine-4-carbohydrazide"",""AZT + Isoniazid"",""FRS-3"",""Laniazid (TN)"",""ISONICOTINIC ACID HYDRAZIDE (IARC)"",""((4-PYRIDINYLCARBONYL)OXY)HYDRAZINE"",""Isonicotinsaeurehydrazid [German]"",""INHd20"",""SR-01000003025"",""Hydrazide, Isonicotinic Acid"",""Mayambutol"",""Dinocrin"",""Idrazide dell'acido isonicotinico [Italian]"",""isoniazid (inh)"",""Soniazid,(S)"",""NIZ"",""Prestwick_578"",""Isoniazid (Tubizid)"",""Isoniazid 300 mg"",""ISOZIN"",""Rifater (Salt\/Mix)"",""Isonicotinic acid hydrazide (Isoniazid)"",""Spectrum_000853"",""ISONIAZID [INN]"",""ISONIAZID [JAN]"",""Opera_ID_454"",""ISONIAZID [MI]"",""ISONIAZID [HSDB]"",""Prestwick0_000161"",""Spectrum2_000107"",""Spectrum3_000472"",""Spectrum4_000022"",""Spectrum5_000876"",""ISONIAZID [VANDF]"",""T.B. RAZIDE"",""I0138"",""WLN: T6NJ DVMZ"",""isonicotinic acid hydrazone"",""SCHEMBL228"",""Biomol-NT_000288"",""Epitope ID:141801"",""ISONIAZID [WHO-DD]"",""ISONIAZID [WHO-IP]"",""Oprea1_396155"",""BSPBio_000021"",""BSPBio_002204"",""KBioGR_000423"",""KBioSS_001333"",""MLS001055327"",""BIDD:GT0140"",""DivK1c_000070"",""SPECTRUM1500355"",""SPBio_000094"",""SPBio_001942"",""Isoniazid (JP17\/USP\/INN)"",""BPBio1_000025"",""BPBio1_001322"",""SCHEMBL2998929"",""ISONIAZID [ORANGE BOOK]"",""component of Niadox (Salt\/Mix)"",""GTPL12761"",""HMS500D12"",""KBio1_000070"",""KBio2_001333"",""KBio2_003901"",""KBio2_006469"",""KBio3_001424"",""NINDS_000070"",""HMS1568B03"",""HMS1920H09"",""HMS2089I16"",""HMS2091N19"",""HMS2095B03"",""HMS2234G04"",""HMS3259E19"",""HMS3373O01"",""HMS3655L03"",""HMS3712B03"",""KUC109571N"",""Pharmakon1600-01500355"",""4-pyridinecarbohydrazide(Isoniazid)"",""ISONIAZIDUM [WHO-IP LATIN]"",""BCP13791"",""HY-B0329"",""STR00210"",""Anti-TNF monoclonal antibody & INH"",""Tox21_113640"",""Tox21_201367"",""Tox21_300193"",""BBL008409"",""BDBM50336507"",""CCG-39710"",""NSC757078"",""s1937"",""STK086288"",""AKOS000119062"",""DB00951"",""KSC-27-048"",""NC00513"",""PS-4129"",""IDI1_000070"",""UPCMLD0ENAT5791176:001"",""NCGC00016244-11"",""NCGC00022648-03"",""NCGC00254094-01"",""NCGC00258919-01"",""SY010614"",""Isoniazid, Vetec(TM) reagent grade, 98%"",""SBI-0051419.P003"",""AB00052025"",""ISONICOTINIC ACID HYDRAZIDE [WHO-IP]"",""NS00006598"",""SW196752-3"",""EN300-18498"",""ISONICOTINIC ACID HYDRAZIDE(ISONIAZIDE)"",""C07054"",""D00346"",""D70582"",""Isoniazid, analytical standard, >=99% (TLC)"",""AB00052025-20"",""AB00052025_22"",""A830384"",""AE-641\/02310003"",""Q423169"",""4-PYRIDINECARBOXYLIC ACID HYDRAZIDE [WHO-IP]"",""BRD-K87202646-001-26-8"",""Isoniazid, certified reference material, TraceCERT(R)"",""Z58981801"",""F0391-0007"",""Isoniazid, European Pharmacopoeia (EP) Reference Standard"",""Isoniazid, United States Pharmacopeia (USP) Reference Standard"",""InChI=1\/C6H7N3O\/c7-9-6(10)5-1-3-8-4-2-5\/h1-4H,7H2,(H,9,10"",""Isoniazid, Pharmaceutical??Secondary??Standard;??Certified??Reference??Material"",""isoniazid""]",0,0,0,0,,,,,,,,,,,,,,,,,,,,,,,,,,,,,
3566,"1,4,5-Trihydroxy-3-prenylxanthone","1,4,5-trihydroxy-3-(3-methylbut-2-enyl)xanthen-9-one",CC(C)=CCC1=CC(O)=C2C(=O)C3=CC=CC(O)=C3OC2=C1O,"InChI=1S/C18H16O5/c1-9(2)6-7-10-8-13(20)14-16(22)11-4-3-5-12(19)17(11)23-18(14)15(10)21/h3-6,8,19-21H,7H2,1-2H3",BRVVGOBMRRGKCK-UHFFFAOYSA-N,,CNP0354577.0,4.0,,0,,"[""CHEMBL188061"",""CHEBI:174994"",""DTXSID401187821"",""BDBM50155430"",""136364-72-2"",""1,4,5-trihydroxy-3-(3-methylbut-2-enyl)xanthen-9-one"",""1,4,5-Trihydroxy-3-(3-methyl-2-buten-1-yl)-9H-xanthen-9-one"",""1,4,5-Trihydroxy-3-prenylxanthone""]",0,0,0,0,,,,,,,,,,,,,,,,,,,,,,,,,,,,,
6668,juglone,"5-hydroxynaphthalene-1,4-dione",O=C1C=CC(=O)C2=C(O)C=CC=C12,"InChI=1S/C10H6O3/c11-7-4-5-9(13)10-6(7)2-1-3-8(10)12/h1-5,12H",KQPYUDDGWXQXHS-UHFFFAOYSA-N,,CNP0159137.0,5.0,,0,,"[""481-39-0"",""5-Hydroxy-1,4-naphthoquinone"",""5-Hydroxy-1,4-naphthalenedione"",""5-Hydroxynaphthalene-1,4-dione"",""Regianin"",""Nucin"",""Juglon"",""Akhnot"",""Yuglon"",""C.I. Natural Brown 7"",""1,4-NAPHTHALENEDIONE, 5-HYDROXY-"",""C.I. 75500"",""1,4-Naphthoquinone, 5-hydroxy-"",""Juglane"",""Iuglon"",""5-Hydroxy-1,4-naftochinon"",""NSC 153189"",""NSC 622948"",""5-hydroxy-1,4-dihydronaphthalene-1,4-dione"",""MFCD00001684"",""CHEMBL43612"",""W6Q80SK9L6"",""CHEBI:15794"",""NCI 2323"",""NSC34266"",""1, 8-hydroxy-"",""WLN: L66 BV EVJ GQ"",""Caswell No. 515AA"",""CCRIS 5423"",""EINECS 207-567-5"",""5-Hydroxy-1,4-naftochinon [Czech]"",""JUGLONE CRYSTALLIZED"",""BRN 1909764"",""UNII-W6Q80SK9L6"",""Antibiotic PD7"",""481-13-0"",""Spectrum_000415"",""3b7j"",""JUGLONE [MI]"",""Spectrum2_000778"",""Spectrum3_001228"",""Spectrum4_001769"",""Spectrum5_000357"",""5-HNQ"",""SCHEMBL34185"",""BSPBio_001157"",""BSPBio_002676"",""KBioGR_000497"",""KBioGR_002257"",""KBioGR_002470"",""KBioSS_000497"",""KBioSS_000895"",""KBioSS_002477"",""SPECTRUM300038"",""4-08-00-02368 (Beilstein Handbook Reference)"",""DivK1c_001026"",""SPBio_000856"",""DTXSID0031504"",""BDBM24777"",""HMS503M13"",""KBio1_001026"",""KBio2_000497"",""KBio2_000895"",""KBio2_002470"",""KBio2_003065"",""KBio2_003463"",""KBio2_005038"",""KBio2_005633"",""KBio2_006031"",""KBio2_007606"",""KBio3_000913"",""KBio3_002176"",""KBio3_002948"",""cMAP_000058"",""NINDS_001026"",""Bio1_000441"",""Bio1_000930"",""Bio1_001419"",""Bio2_000409"",""Bio2_000889"",""HMS1362I19"",""HMS1792I19"",""HMS1923G07"",""HMS1990I19"",""HMS3403I19"",""Juglone - CAS 481-39-0"",""HY-N6949"",""CCG-40256"",""s5512"",""ZB1862"",""AKOS001576598"",""CS-W017516"",""SDCCGMLS-0066542.P001"",""IDI1_001026"",""IDI1_002164"",""SMP1_000168"",""NCGC00095247-01"",""CI 75500"",""CI-75500"",""SY051453"",""5-Hydroxy-1,4-naphthalenedione(Juglone)?"",""DB-005382"",""1,4-dihydro-1,4-dioxo-5-hydroxynaphthalene"",""AM20040546"",""H0286"",""NS00021169"",""C03840"",""EN300-160375"",""F17689"",""A827478"",""A936425"",""Q900912"",""SR-05000002406"",""J-650071"",""Q-100522"",""F0451-0746"",""InChI=1\/C10H6O3\/c11-7-4-5-9(13)10-6(7)2-1-3-8(10)12\/h1-5,12"",""Juglandaceae"",""juglone""]",0,0,0,0,,,,,,,,,,,,,,,,,,,,,,,,,,,,,
9679,,"[(1~{S},4~{a}~{R},8~{a}~{R})-1-[4-(diethylamino)phenyl]-4~{a}-hydroxy-1,3,4,5,6,7,8,8~{a}-octahydroisoquinolin-2-yl]-(9~{H}-xanthen-9-yl)methanone",CCN(CC)C1=CC=C([C@@H]2[C@H]3CCCC[C@@]3(O)CCN2C(=O)C2C3=CC=CC=C3OC3=CC=CC=C32)C=C1,"InChI=1S/C33H38N2O3/c1-3-34(4-2)24-18-16-23(17-19-24)31-27-13-9-10-20-33(27,37)21-22-35(31)32(36)30-25-11-5-7-14-28(25)38-29-15-8-6-12-26(29)30/h5-8,11-12,14-19,27,30-31,37H,3-4,9-10,13,20-22H2,1-2H3/t27-,31-,33-/m1/s1",,,CNP0229946.6,1.0,,0,,,1,0,0,0,,,,,,,,,,,,,,,,,,,,,,,,,,,,,
459,enoxacin,"1-ethyl-6-fluoro-4-oxo-7-piperazin-1-yl-1,8-naphthyridine-3-carboxylic acid",CCN1C=C(C(=O)O)C(=O)C2=CC(F)=C(N3CCNCC3)N=C21,"InChI=1S/C15H17FN4O3/c1-2-19-8-10(15(22)23)12(21)9-7-11(16)14(18-13(9)19)20-5-3-17-4-6-20/h7-8,17H,2-6H2,1H3,(H,22,23)",IDYZIJYBMGIQMJ-UHFFFAOYSA-N,,CNP0334914.0,,"[{""timestamp"":""2024-08-06 12:01:50"",""user_id"":11,""comment"":""Over 50 years have passed since the first fluorinated natural product was identified (https://doi.org/10.1016/S0022-1139(99)00201-8). During this time, only around a dozen fluorinated natural products have been isolated, with the most recent discovery occurring over a decade ago. Although there is limited knowledge about the biological fluorination mechanism, progress has been made in understanding the biosynthesis pathway of fluoroacetate and 4-fluorothreonine in Streptomyces cattleya. Prior to 1999, only six discrete fluorinated natural products had been isolated.""}]",0,,"[""74011-58-8"",""Penetrex"",""Enoxacine"",""1-Ethyl-6-fluoro-1,4-dihydro-4-oxo-7-(1-piperazinyl)-1,8-naphthyridine-3-carboxylic acid"",""Comprecin"",""Bactidan"",""Enoxacino"",""Enoxacinum"",""Flumark"",""AT-2266"",""Enoram"",""Enoxor"",""CI-919"",""Almitil"",""PD 107779"",""Enoxacinum [Latin]"",""enofloxacin"",""CI 919"",""PD-107779"",""1-ethyl-6-fluoro-4-oxo-7-(piperazin-1-yl)-1,4-dihydro-1,8-naphthyridine-3-carboxylic acid"",""CCRIS 5242"",""NSC 629661"",""CHEBI:157175"",""Enoxacin (hydrate)"",""NSC 627409"",""NSC-758416"",""UNII-325OGW249P"",""BRN 3628995"",""DTXSID5022984"",""325OGW249P"",""CHEMBL826"",""1,8-Naphthyridine-3-carboxylic acid, 1-ethyl-6-fluoro-1,4-dihydro-4-oxo-7-(1-piperazinyl)-"",""DTXCID002984"",""Enoxin"",""Enoxacinum (Latin)"",""MFCD00133308"",""1,8-Naphthyridine-3-carboxylic acid, 1,4-dihydro-1-ethyl-6-fluoro-4-oxo-7-(1-piperazinyl)-"",""AT 2266;CI 919"",""Enoxacine [French]"",""NCGC00016927-01"",""Enoxacin (Penetrex)"",""Enoxacino [Spanish]"",""Enoksetin"",""CAS-74011-58-8"",""ENOXACIN (MART.)"",""ENOXACIN [MART.]"",""Enoxacin sesquihydrate;AT-2266 hydrate;CI-919 hydrate"",""Enofloxacine"",""Bactidron"",""Enoxen"",""Penetrex (TN)"",""1,8-NAPHTHYRIDINE-3-CARBOXYLIC ACID, 1-ETHYL-6-FLUORO-1,4-DIHYDRO-4-OXO-7-(1-PIPERAZINYL)"",""ENX"",""SMR000058233"",""Enoxacin (USAN\/INN)"",""SR-01000000202"",""Enoxacina"",""Abenox"",""Enoxacin [USAN:INN:BAN:JAN]"",""Prestwick_708"",""Spectrum_001539"",""ENOXACIN [USAN]"",""ENOXACIN [INN]"",""ENOXACIN [MI]"",""ENOXACIN [VANDF]"",""Prestwick0_000353"",""Spectrum2_001731"",""Spectrum3_001570"",""Spectrum4_000166"",""Spectrum5_001044"",""E0762"",""ENOXACIN [WHO-DD]"",""Epitope ID:119069"",""Oprea1_147866"",""SCHEMBL33963"",""BSPBio_000445"",""BSPBio_003080"",""Enoxacin, analytical standard"",""KBioGR_000651"",""KBioSS_002019"",""MLS000069645"",""MLS006011976"",""BIDD:GT0191"",""DivK1c_000420"",""SPECTRUM1503215"",""SPBio_001802"",""SPBio_002366"",""ENOXACIN [ORANGE BOOK]"",""BPBio1_000491"",""GTPL8882"",""BCBcMAP01_000009"",""HMS501E22"",""KBio1_000420"",""KBio2_002019"",""KBio2_004587"",""KBio2_007155"",""KBio3_002580"",""J01MA04"",""NINDS_000420"",""HMS1569G07"",""HMS1922I17"",""HMS2090E10"",""HMS2092N20"",""HMS2233K20"",""HMS3372A12"",""HMS3655M08"",""HMS3715H13"",""Pharmakon1600-01503215"",""BCP22623"",""HY-B0268"",""Tox21_110688"",""BDBM50296358"",""CCG-39452"",""s1756"",""AKOS015838626"",""DB00467"",""KS-5190"",""1-ethyl-6-fluoro-4-oxo-7-piperazinylhydropyridino[2,3-b]pyridine-3-carboxylic acid"",""IDI1_000420"",""SMP1_000113"",""NCGC00023864-03"",""NCGC00178309-01"",""NCI60_009618"",""SBI-0051788.P002"",""DB-055829"",""NS00000506"",""SW196857-3"",""C06979"",""D00310"",""EN300-122627"",""1, 6-fluoro-1,4-dihydro- 4-oxo-7-piperazinyl"",""AB00052328-09"",""AB00052328_10"",""A837996"",""Q1639616"",""BRD-K78113049-001-05-5"",""BRD-K78113049-001-12-1"",""Z1544404495"",""84294-96-2 (.1.5H2O)"",""1-ethyl-6-fluoranyl-4-oxidanylidene-7-piperazin-1-yl-1,8-naphthyridine-3-carboxylic acid"",""AT 2266"",""ENOXACIN""]",0,0,0,0,,,,,,,,,,,,,,,,,,,,,,,,,,,,,
3086,"2-Chloro-1,4-naphthoquinone","2-chloronaphthalene-1,4-dione",O=C1C=C(Cl)C(=O)C2=CC=CC=C12,InChI=1S/C10H5ClO2/c11-8-5-9(12)6-3-1-2-4-7(6)10(8)13/h1-5H,CCTJHVLTAJTPBV-UHFFFAOYSA-N,,CNP0044977.0,3.0,,0,,"[""1010-60-2"",""2-chloronaphthalene-1,4-dione"",""2-Chloronaphthoquinone"",""1,4-Naphthalenedione, 2-chloro-"",""2-Chloro-1,4-naphthalenedione"",""NSC 400597"",""1,4-NAPHTHOQUINONE, 2-CHLORO-"",""FOF3PSJ59Z"",""CHEBI:28160"",""MFCD00029187"",""2-chloro-1,4-dihydronaphthalene-1,4-dione"",""2-Chloronaphthalene-1,4-dione (2-Chloro-1,4-naphthoquinone)"",""EINECS 213-776-2"",""UNII-FOF3PSJ59Z"",""BRN 1867045"",""2-Chlor-1,4-naphthochinon"",""2-chloro-1,4-naphthquinone"",""4-07-00-02425 (Beilstein Handbook Reference)"",""SCHEMBL917548"",""CHEMBL349147"",""WLN: L66 BV EVJ CG"",""2-Chloro-[1,4]Naphthoquinone"",""DTXSID00143623"",""FD7245"",""AKOS006343761"",""AM84303"",""GS-3324"",""AC-15235"",""PD099119"",""SY051032"",""HY-115243"",""C2721"",""CS-0034824"",""NS00023017"",""C03753"",""EN300-6490914"",""A800322"",""W-108929"",""Q27103536""]",0,0,0,0,,,,,,,,,,,,,,,,,,,,,,,,,,,,,
6597,Methyl brevifolincarboxylate,"methyl 7,8,9-trihydroxy-3,5-dioxo-1,2-dihydrocyclopenta[c]isochromene-1-carboxylate",COC(=O)C1CC(=O)C2=C1C1=C(O)C(O)=C(O)C=C1C(=O)O2,"InChI=1S/C14H10O8/c1-21-13(19)5-3-7(16)12-9(5)8-4(14(20)22-12)2-6(15)10(17)11(8)18/h2,5,15,17-18H,3H2,1H3",JNWDNAASYHRXMG-UHFFFAOYSA-N,,CNP0312795.0,4.0,,0,,"[""154702-76-8"",""CHEBI:66711"",""methyl 7,8,9-trihydroxy-3,5-dioxo-1,2-dihydrocyclopenta[c]isochromene-1-carboxylate"",""methylbrevifolin carboxylate"",""CHEMBL567076"",""DTXSID20935047"",""HY-N7647"",""BDBM50415047"",""AKOS040755436"",""CS-0134956"",""Q27135333"",""Methyl 7,8,9-trihydroxy-3,5-dioxo-1,2,3,5-tetrahydrobenzo[d]cyclopenta[b]pyran-1-carboxylate""]",0,1,1,0,,,,,,,,,,,,,,,,,,,,,,,,,,,,,
9403,"2-Methoxy-1,4-naphthoquinone","2-methoxynaphthalene-1,4-dione",COC1=CC(=O)C2=CC=CC=C2C1=O,"InChI=1S/C11H8O3/c1-14-10-6-9(12)7-4-2-3-5-8(7)11(10)13/h2-6H,1H3",OBGBGHKYJAOXRR-UHFFFAOYSA-N,,CNP0189946.0,5.0,,0,,"[""2348-82-5"",""2-methoxynaphthalene-1,4-dione"",""2-Methoxynaphthoquinone"",""1,4-Naphthalenedione, 2-methoxy-"",""lawsone methyl ether"",""1,4-NAPHTHOQUINONE, 2-METHOXY-"",""2-methoxy-1,4-dihydronaphthalene-1,4-dione"",""2-methoxy-1,4-napthoquinone"",""CHEMBL106562"",""2-Methoxy-[1,4]naphthoquinone"",""CHEBI:69522"",""39020BUT1D"",""NSC-31530"",""2-Methoxy-1,4-naphthalenedione"",""NSC 31530"",""UNII-39020BUT1D"",""AI3-17893"",""O-METHYLLAWSONE"",""MLS002472995"",""SCHEMBL571061"",""DTXSID1062338"",""BDBM24775"",""OBGBGHKYJAOXRR-UHFFFAOYSA-"",""HMS1607J05"",""CAA34882"",""HY-N7116"",""MFCD00019539"",""s3661"",""2-Methoxy-1,4-naphthoquinone, 98%"",""AKOS001588285"",""CCG-214807"",""NCGC00247463-01"",""AS-61144"",""SMR000112464"",""DB-046160"",""CS-0030693"",""NS00094643"",""EN300-332507"",""A816744"",""J-015127"",""Q27137861"",""InChI=1\/C11H8O3\/c1-14-10-6-9(12)7-4-2-3-5-8(7)11(10)13\/h2-6H,1H3""]",0,0,0,0,,,,,,,,,,,,,,,,,,,,,,,,,,,,,
634,MELARSOPROL,"[2-[4-[(4,6-diamino-1,3,5-triazin-2-yl)amino]phenyl]-1,3,2-dithiarsolan-4-yl]methanol",NC1=NC(N)=NC(NC2=CC=C([As]3SCC(CO)S3)C=C2)=N1,"InChI=1S/C12H15AsN6OS2/c14-10-17-11(15)19-12(18-10)16-8-3-1-7(2-4-8)13-21-6-9(5-20)22-13/h1-4,9,20H,5-6H2,(H5,14,15,16,17,18,19)",JCYZMTMYPZHVBF-UHFFFAOYSA-N,,CNP0602338.0,3.0,,0,,"[""494-79-1"",""Arsobal"",""Mel B"",""Melarsoprolum [INN-Latin]"",""RP 3854"",""EINECS 207-793-4"",""[2-[4-[(4,6-diamino-1,3,5-triazin-2-yl)amino]phenyl]-1,3,2-dithiarsolan-4-yl]methanol"",""RP-3854"",""CHEBI:6729"",""ZF3786Q2E8"",""Melarsoprol (INN)"",""MELARSOPROL [INN]"",""2-(p-(4,6-Diamino-s-triazin-2-ylamino)phenyl)-1,3,2-dithiarsolane-4-methanol"",""Melarsoprolum"",""Melarsoprol [INN:BAN:DCF]"",""Specia"",""UNII-ZF3786Q2E8"",""Mel B (TN)"",""CHEMBL166"",""1,3,2-Dithiarsolane-4-methanol, 2-(4-((4,6-diamino-1,3,5-triazin-2-yl)amino)phenyl)-"",""MELARSOPROL [MART.]"",""SCHEMBL61707"",""MELARSOPROL [WHO-DD]"",""DTXSID90862033"",""JCYZMTMYPZHVBF-UHFFFAOYSA-N"",""Melarsoprol(Mixture of Diastereomers)"",""AKOS040752991"",""DB12864"",""HY-119594"",""CS-0070029"",""NS00080111"",""C08001"",""D00832"",""Q419753""]",0,0,1,1,,,,,,,,,,,,,,,,,,,,,,,,,,,,,
3169,5-nitrofuran-2-carbohydrazide,5-nitrofuran-2-carbohydrazide,NNC(=O)C1=CC=C([N+](=O)[O-])O1,"InChI=1S/C5H5N3O4/c6-7-5(9)3-1-2-4(12-3)8(10)11/h1-2H,6H2,(H,7,9)",HRYYAHKXNSUDFH-UHFFFAOYSA-N,,CNP0562057.0,3.0,,0,,"[""5469-78-3"",""2-Furancarboxylic acid, 5-nitro-, hydrazide"",""CHEMBL120665"",""NSC53267"",""NSC124507"",""NSC25251"",""5-Nitro-2-furancarboxylic acid hydrazide"",""5-Nitro-2-furohydrazide"",""Maybridge1_005604"",""5-nitro-2-furoic-hydrazide"",""Oprea1_291842"",""DivK1c_001892"",""SCHEMBL2831760"",""HMS557G16"",""DTXSID10203146"",""NSC38565"",""BDBM50121448"",""AKOS000181364"",""CDS1_000852"",""DB-058083"",""Furan-5-nitro-2-carboxylic acid, hydrazide"",""5-nitro-2-furohydrazide (en)2-furancarboxylic acid, 5-nitro-, hydrazide (en)"",""5-nitrofuran-2-carbohydrazide""]",0,0,0,0,,,,,,,,,,,,,,,,,,,,,,,,,,,,,
6625,,2-hydroxy-4-(4-methoxyphenyl)phenalen-1-one,COC1=CC=C(C2=CC=C3C=CC=C4C(=O)C(O)=CC2=C43)C=C1,"InChI=1S/C20H14O3/c1-23-14-8-5-12(6-9-14)15-10-7-13-3-2-4-16-19(13)17(15)11-18(21)20(16)22/h2-11,21H,1H3",,,CNP0318807.0,3.0,,0,,"[""159853-36-8"",""2-hydroxy-4-(4-methoxyphenyl)-1H-phenalen-1-one"",""1H-phenalen-1-one, 2-hydroxy-4-(4-methoxyphenyl)-"",""DTXSID10348561"",""AKOS032949146"",""InChI=1\/C20H14O3\/c1-23-14-8-5-12(6-9-14)15-10-7-13-3-2-4-16-19(13)17(15)11-18(21)20(16)22\/h2-11,21H,1H""]",0,0,0,0,,,,,,,,,,,,,,,,,,,,,,,,,,,,,
9646,,"(7~{S})-7-(2,4-dimethoxyphenyl)-1-(3-methoxyphenyl)-5-oxo-6,7-dihydro-4~{H}-pyrrolo[3,2-b]pyridine-3-carboxylic acid",COC1=CC=CC(N2C=C(C(=O)O)C3=C2[C@H](C2=CC=C(OC)C=C2OC)CC(=O)N3)=C1,"InChI=1S/C23H22N2O6/c1-29-14-6-4-5-13(9-14)25-12-18(23(27)28)21-22(25)17(11-20(26)24-21)16-8-7-15(30-2)10-19(16)31-3/h4-10,12,17H,11H2,1-3H3,(H,24,26)(H,27,28)/t17-/m0/s1",,,CNP0397867.1,1.0,,0,,,1,0,0,0,,,,,,,,,,,,,,,,,,,,,,,,,,,,,
714,CHLORSULFURON,"1-(2-chlorophenyl)sulfonyl-3-(4-methoxy-6-methyl-1,3,5-triazin-2-yl)urea",COC1=NC(C)=NC(NC(=O)NS(=O)(=O)C2=CC=CC=C2Cl)=N1,"InChI=1S/C12H12ClN5O4S/c1-7-14-10(17-12(15-7)22-2)16-11(19)18-23(20,21)9-6-4-3-5-8(9)13/h3-6H,1-2H3,(H2,14,15,16,17,18,19)",VJYIFXVZLXQVHO-UHFFFAOYSA-N,,CNP0274798.0,3.0,,0,,"[""64902-72-3"",""Chlorosulfuron"",""Chlorsulfon"",""Glean"",""Telar"",""Trilixon"",""2-Chlorsulfuron"",""1-(2-chlorophenyl)sulfonyl-3-(4-methoxy-6-methyl-1,3,5-triazin-2-yl)urea"",""DPX 4189"",""79793-04-7"",""2-Chloro-N-((4-methoxy-6-methyl-1,3,5-triazin-2-yl)aminocarbonyl)-benzenesulfonamide"",""CHEMBL1229721"",""DTXSID7023980"",""O6S620ML45"",""DNDI1246776"",""112143-77-8"",""Khardin"",""Urea, 1-((o-chlorophenyl)sulfonyl)-3-(4-methoxy-6-methyl-s-triazin-2-yl)-"",""Glean C"",""1-(2-CHLOROPHENYLSULFONYL)-3-(4-METHOXY-6-METHYL-L,3,5-TRIAZIN-2-YL)UREA"",""Benzenesulfonamide, 2-chloro-N-(((4-methoxy-6-methyl-1,3,5-triazin-2-yl)amino)carbonyl)-"",""Glean 20DF"",""Caswell No. 194AA"",""1CS"",""Chlorsulfuron [ANSI:BSI:ISO]"",""HSDB 6847"",""EINECS 265-268-5"",""EPA Pesticide Chemical Code 118601"",""BRN 0577255"",""Chlorsulphuron"",""Tuligen"",""UNII-O6S620ML45"",""CCRIS 9260"",""ChemDiv1_004813"",""CHLORSULFURON [MI]"",""CHLORSULFURON [HSDB]"",""SCHEMBL54874"",""5-26-09-00405 (Beilstein Handbook Reference)"",""MLS001066361"",""CHEBI:3652"",""DTXCID503980"",""SCHEMBL11325386"",""HMS600K17"",""Chlorosulfuron, analytical standard"",""HMS2231M23"",""HMS3372O17"",""HMS3741I09"",""EINECS 279-271-4"",""Tox21_200255"",""BDBM50424589"",""CCG-17066"",""MFCD00128059"",""AKOS015895548"",""KS-5119"",""NCGC00164267-01"",""NCGC00257809-01"",""AC-18016"",""SMR000471866"",""CAS-64902-72-3"",""DB-054747"",""HY-119737"",""CS-0077902"",""NS00000107"",""C05071"",""H10430"",""W 4189"",""Chlorosulfuron, PESTANAL(R), analytical standard"",""Q424796"",""SR-01000441519"",""2-[(([(2-Chlorophenyl)sulfonyl]amino)carbonyl)amino]-4-methoxy-6-methyl-1,3,5-triazine"",""2-chloro-N-[(4-methoxy-6-methyl-1,3,5-triazin-2-yl)carbamoyl]benzene-1-sulfonamide"",""Ammonium 2-chloro-N-((4-methoxy-6-methyl-1,3,5-triazin-2-yl)carbamoyl)benzenesulphonamidate"",""chlorsulfuron""]",0,0,1,0,,,,,,,,,,,,,,,,,,,,,,,,,,,,,
3028,"2-Anilino-1,4-naphthoquinone","2-anilinonaphthalene-1,4-dione",O=C1C=C(NC2=CC=CC=C2)C(=O)C2=CC=CC=C12,"InChI=1S/C16H11NO2/c18-15-10-14(17-11-6-2-1-3-7-11)16(19)13-9-5-4-8-12(13)15/h1-10,17H",OPECBHGHSFBITB-UHFFFAOYSA-N,,CNP0288378.0,4.0,,0,,"[""6628-97-3"",""2-(phenylamino)naphthalene-1,4-dione"",""2-anilinonaphthalene-1,4-dione"",""MLS001048869"",""SMR000387072"",""CCRIS 6674"",""NSC59789"",""2-Anilinonaphthoquinone #"",""cid_81124"",""MLS004556032"",""CHEMBL84010"",""SCHEMBL754259"",""BDBM49934"",""DTXSID60216488"",""OPECBHGHSFBITB-UHFFFAOYSA-N"",""HMS1613N03"",""HMS2270B21"",""KUC111337N"",""KUC111417N"",""2-Phenylamino-[1,4]naphthoquinone"",""2-phenylazanylnaphthalene-1,4-dione"",""STL036446"",""AKOS001675647"",""KUC111337N-02"",""KSC-293-002"",""KSC-293-058"",""NCGC00246338-01"",""1,4-Naphthalenedione, 2-(phenylamino)-"",""DB-098235"",""NS00122892"",""AB00147369-12"",""2-anilino-1,4-naphthoquinone""]",0,0,0,0,,,,,,,,,,,,,,,,,,,,,,,,,,,,,
6847,econazole,"1-[2-[(4-chlorophenyl)methoxy]-2-(2,4-dichlorophenyl)ethyl]imidazole",ClC1=CC=C(COC(CN2C=CN=C2)C2=CC=C(Cl)C=C2Cl)C=C1,"InChI=1S/C18H15Cl3N2O/c19-14-3-1-13(2-4-14)11-24-18(10-23-8-7-22-12-23)16-6-5-15(20)9-17(16)21/h1-9,12,18H,10-11H2",LEZWWPYKPKIXLL-UHFFFAOYSA-N,,CNP0173000.0,3.0,,0,,"[""27220-47-9"",""Ecostatin"",""Econazolum"",""Econazol"",""(+-)-Econazole"",""1-[2-[(4-chlorophenyl)methoxy]-2-(2,4-dichlorophenyl)ethyl]imidazole"",""Spectazole"",""UNII-6Z1Y2V4A7M"",""NSC 187789"",""6Z1Y2V4A7M"",""CCRIS 9032"",""Econazol [INN-Spanish]"",""EINECS 248-341-6"",""BRN 0964150"",""(+\/-)-ECONAZOLE"",""1-(2-((4-Chlorobenzyl)oxy)-2-(2,4-dichlorophenyl)ethyl)-1H-imidazole"",""1H-Imidazole, 1-(2-((4-chlorophenyl)methoxy)-2-(2,4-dichlorophenyl)ethyl)-"",""DTXSID2029872"",""CHEBI:82873"",""SQ 13050"",""1-(2,4-Dichloro-beta-((p-chlorobenzyl)oxy)phenethyl)imidazole"",""ECONAZOLE (MART.)"",""ECONAZOLE [MART.]"",""ECONAZOLE (EP MONOGRAPH)"",""Ekonazole"",""Imidazole, 1,2,4-dichloro-beta-(p-chlorobenzyl)oxyphenethyl-"",""R-14827"",""Econazole [USAN]"",""MICONAZOLE IMPURITY B (EP IMPURITY)"",""Econazole (USAN\/INN)"",""NCGC00018258-03"",""econazolo"",""Econazole [USAN:INN:BAN]"",""rac-econazole"",""(RS)-econazole"",""()-Econazol"",""Spectrum_001223"",""ECONAZOLE [INN]"",""ECONAZOLE [MI]"",""Prestwick0_000304"",""Spectrum2_001439"",""Spectrum3_001467"",""Spectrum4_000446"",""Spectrum5_001033"",""ECONAZOLE [VANDF]"",""CHEMBL808"",""ECONAZOLE [WHO-DD]"",""SCHEMBL34498"",""BSPBio_000268"",""BSPBio_002993"",""KBioGR_000832"",""KBioSS_001703"",""cid_68589"",""DivK1c_000113"",""SPBio_001578"",""SPBio_002487"",""BPBio1_000296"",""CHEBI:4754"",""DTXCID409872"",""GTPL2446"",""BDBM31773"",""KBio1_000113"",""KBio2_001703"",""KBio2_004271"",""KBio2_006839"",""KBio3_002493"",""D01AC03"",""G01AF05"",""NINDS_000113"",""HY-B0885"",""MFCD00800993"",""s5492"",""STL483402"",""AKOS015889868"",""1H-Imidazole,4-dichlorophenyl)ethyl]-"",""CCG-268426"",""DB01127"",""IDI1_000113"",""AS-13862"",""MFCD00058160 (.HNO3)"",""NCI60_001564"",""NCI60_001947"",""SBI-0051682.P002"",""DB-047186"",""AB00053611"",""NS00005601"",""C08068"",""D03936"",""F14858"",""AB00053611-20"",""AB00053611_21"",""EN300-7371061"",""68797-31-9 (.HNO3)"",""A818963"",""Q417141"",""MICONAZOLE NITRATE IMPURITY B [EP IMPURITY]"",""W-107123"",""BRD-A51820102-008-05-7"",""BRD-A51820102-008-16-4"",""econazole nitrate""]",0,1,1,0,,,,,,,,,,,,,,,,,,,,,,,,,,,,,
9715,,"[(1~{S},4~{a}~{R},8~{a}~{R})-1-[4-(diethylamino)phenyl]-4~{a}-hydroxy-1,3,4,5,6,7,8,8~{a}-octahydroisoquinolin-2-yl]-(9~{H}-xanthen-9-yl)methanone",CCN(CC)C1=CC=C([C@@H]2[C@H]3CCCC[C@@]3(O)CCN2C(=O)C2C3=CC=CC=C3OC3=CC=CC=C32)C=C1,"InChI=1S/C33H38N2O3/c1-3-34(4-2)24-18-16-23(17-19-24)31-27-13-9-10-20-33(27,37)21-22-35(31)32(36)30-25-11-5-7-14-28(25)38-29-15-8-6-12-26(29)30/h5-8,11-12,14-19,27,30-31,37H,3-4,9-10,13,20-22H2,1-2H3/t27-,31-,33-/m1/s1",,,CNP0229946.6,1.0,,0,,,1,0,0,0,,,,,,,,,,,,,,,,,,,,,,,,,,,,,
777,,8-oxooctadec-9-ynoic acid,CCCCCCCCC#CC(=O)CCCCCCC(=O)O,"InChI=1S/C18H30O3/c1-2-3-4-5-6-7-8-11-14-17(19)15-12-9-10-13-16-18(20)21/h2-10,12-13,15-16H2,1H3,(H,20,21)",JXIPHZPDGBLKPU-UHFFFAOYSA-N,,CNP0542264.0,3.0,,0,,"[""8-Oxooctadec-9-ynoic acid""]",0,0,0,0,,,,,,,,,,,,,,,,,,,,,,,,,,,,,
3744,,2-methyl-8-(3-methylbut-2-enyl)-2-(4-methylpent-3-enyl)chromene-6-carboxylic acid,CC(C)=CCCC1(C)C=CC2=CC(C(=O)O)=CC(CC=C(C)C)=C2O1,"InChI=1S/C22H28O3/c1-15(2)7-6-11-22(5)12-10-18-14-19(21(23)24)13-17(20(18)25-22)9-8-16(3)4/h7-8,10,12-14H,6,9,11H2,1-5H3,(H,23,24)",,,CNP0231339.0,5.0,,0,,"[""CHEBI:67582"",""Gaudichaudianic Acid"",""CHEMBL1783235"",""Q27136050"",""2-methyl-8-(3-methylbut-2-enyl)-2-(4-methylpent-3-enyl)chromene-6-carboxylic acid""]",0,1,1,0,,,,,,,,,,,,,,,,,,,,,,,,,,,,,
7012,trimetrexate,"5-methyl-6-[(3,4,5-trimethoxyanilino)methyl]quinazoline-2,4-diamine",COC1=CC(NCC2=CC=C3N=C(N)N=C(N)C3=C2C)=CC(OC)=C1OC,"InChI=1S/C19H23N5O3/c1-10-11(5-6-13-16(10)18(20)24-19(21)23-13)9-22-12-7-14(25-2)17(27-4)15(8-12)26-3/h5-8,22H,9H2,1-4H3,(H4,20,21,23,24)",NOYPYLRCIDNJJB-UHFFFAOYSA-N,,CNP0512318.0,3.0,,0,,"[""52128-35-5"",""CI-898"",""Jb-11"",""Trimetrexatum [INN-Latin]"",""Trimetrexato [INN-Spanish]"",""NSC-249008"",""TMQ"",""5-methyl-6-[(3,4,5-trimethoxyanilino)methyl]quinazoline-2,4-diamine"",""UPN4ITI8T4"",""CHEMBL119"",""2,4-Diamino-5-methyl-6-((3,4,5-trimethoxyanilino)methyl)quinazoline"",""2,4-Quinazolinediamine, 5-methyl-6-(((3,4,5-trimethoxyphenyl)amino)methyl)-"",""Trimetrexato"",""Trimetrexatum"",""Trimetrexate Hydrate"",""JB 11"",""HSDB 6545"",""NCGC00161419-02"",""UNII-UPN4ITI8T4"",""Trimetrexate (USAN\/INN)"",""Trimetrexate [USAN:INN:BAN]"",""5-Methyl-6-(((3,4,5-trimethoxyphenyl)amino)methyl)-2,4-quinazolinediamine"",""251301-18-5"",""TRIMETREXATE [MI]"",""TRIMETREXATE [HSDB]"",""TRIMETREXATE [USAN]"",""SCHEMBL3983"",""TRIMETREXATE [VANDF]"",""BIDD:GT0129"",""TRIMETREXATE [WHO-DD]"",""CHEBI:9737"",""GTPL7613"",""DTXSID3023714"",""BDBM18268"",""BCP15515"",""6-[((3,4,5-Trimethoxyphenyl)amino)methyl]-5-methyl-2,4-quinazolinediamine"",""AKOS030257627"",""DB01157"",""5-methyl-6-({[3,4,5-tris(methyloxy)phenyl]amino}methyl)quinazoline-2,4-diamine"",""72828-03-6"",""HY-10373"",""MS-25931"",""DB-242472"",""NS00068348"",""D06238"",""F85148"",""EN300-7481403"",""A913386"",""Q7842225"",""2, 5-methyl-6-[[(3,4,5-trimethoxyphenyl)amino]methyl]-"",""2,4-diamino-5-methyl-6-[(3,4,5-trimethoxyphenylamino)methyl]quinazoline""]",0,0,0,0,,,,,,,,,,,,,,,,,,,,,,,,,,,,,
9769,Anethole trithione,5-(4-methoxyphenyl)dithiole-3-thione,COC1=CC=C(C2=CC(=S)SS2)C=C1,"InChI=1S/C10H8OS3/c1-11-8-4-2-7(3-5-8)9-6-10(12)14-13-9/h2-6H,1H3",KYLIZBIRMBGUOP-UHFFFAOYSA-N,,CNP0415664.0,3.0,,0,,"[""532-11-6"",""anetholtrithion"",""5-(4-Methoxyphenyl)-3H-1,2-dithiole-3-thione"",""Sulfarlem"",""Tiopropen"",""Halpen"",""Trithioanethole"",""Felviten"",""Heporal"",""Mucinol"",""Sulfogal"",""Tiotrifar"",""3H-1,2-Dithiole-3-thione, 5-(4-methoxyphenyl)-"",""5-(4-methoxyphenyl)dithiole-3-thione"",""Anetholtrithion [JAN]"",""SKF 1717"",""3-(p-Methoxyphenyl)trithione"",""Trithio-(p-methoxyphenyl)propene"",""3H-1,2-DITHIOLE-3-THIONE, 5-(p-METHOXYPHENYL)-"",""MFCD00129751"",""OP2113"",""5-(p-Methoxyphenyl)-1,2-dithiocyclopenten-3-thione"",""QUY32964DJ"",""DTXSID9046651"",""NCGC00167471-01"",""Bilitherap"",""Sulfralem"",""DTXCID7026651"",""C10H8OS3"",""Trithio"",""Anetholetrithione"",""CAS-532-11-6"",""CCRIS 6289"",""3-(p-anisyl)trithione"",""SR-05000001483"",""EINECS 208-528-5"",""BRN 0158393"",""UNII-QUY32964DJ"",""Athenentol (TN)"",""Anetholdithiolthione"",""Anethol Trithione,(S)"",""5-19-05-00546 (Beilstein Handbook Reference)"",""MLS004774038"",""SCHEMBL225654"",""CHEMBL178862"",""ANETHOLE TRITHIONE [MI]"",""CHEBI:31221"",""HMS2089N08"",""HMS3715D09"",""ANETHOLE TRITHIONE [MART.]"",""ANETHOLE TRITHIONE [WHO-DD]"",""BCP13800"",""HY-B1223"",""Tox21_112475"",""BDBM50597993"",""s4744"",""AKOS015920023"",""CCG-207967"",""CS-4781"",""DB13853"",""GS-3613"",""SMR001550561"",""SY046610"",""CIS-9,10-METHYLENEHEXADECANOICACID"",""NS00002237"",""D01584"",""5-(p-methoxyphenyl)-1,2-dithiol-3(3h)-thione"",""AB01275477-01"",""EN300-8663238"",""A829446"",""Q4761739"",""W-105762"",""ANETHOLTRITHION, Anethole-trithione (Anetholtrithion)"",""5-(4-Methoxyphenyl)-1,2-dithiole-3-thione; 5-(4-Methoxyphenyl)-3H-1,2-dithiole-3-thione""]",0,0,0,0,,,,,,,,,,,,,,,,,,,,,,,,,,,,,
828,"2-[4-[(3S,4S)-4-(hydroxymethyl)dioxetan-3-yl]-2,6-dimethoxyphenyl]-3-methoxy-5-[2-(4-methoxyphenyl)ethyl]phenol","2-[4-[(3~{S},4~{S})-4-(hydroxymethyl)dioxetan-3-yl]-2,6-dimethoxy-phenyl]-3-methoxy-5-[2-(4-methoxyphenyl)ethyl]phenol",COC1=CC=C(CCC2=CC(O)=C(C3=C(OC)C=C([C@@H]4OO[C@H]4CO)C=C3OC)C(OC)=C2)C=C1,"InChI=1S/C27H30O8/c1-30-19-9-7-16(8-10-19)5-6-17-11-20(29)25(21(12-17)31-2)26-22(32-3)13-18(14-23(26)33-4)27-24(15-28)34-35-27/h7-14,24,27-29H,5-6,15H2,1-4H3/t24-,27-/m0/s1",OIVPCVODMRLMRT-IGKIAQTJSA-N,,CNP0487610.1,4.0,,0,,"[""CHEMBL4163820""]",1,0,0,0,,,,,,,,,,,,,,,,,,,,,,,,,,,,,
2907,biscryptolepine,"5-methyl-11-(5-methylindolo[3,2-b]quinolin-11-yl)indolo[3,2-b]quinoline",CN1C2=C3C=CC=CC3=NC2=C(C2=C3N=C4C=CC=CC4=C3N(C)C3=CC=CC=C23)C2=CC=CC=C21,"InChI=1S/C32H22N4/c1-35-25-17-9-5-13-21(25)27(29-31(35)19-11-3-7-15-23(19)33-29)28-22-14-6-10-18-26(22)36(2)32-20-12-4-8-16-24(20)34-30(28)32/h3-18H,1-2H3",GPXBTNAIIIXHOX-UHFFFAOYSA-N,,CNP0153452.0,4.0,,0,,"[""CHEMBL518720"",""Biscryptolepine""]",0,0,0,0,,,,,,,,,,,,,,,,,,,,,,,,,,,,,
5653,,"[(1~{S},4~{a}~{R},8~{a}~{R})-1-[4-(diethylamino)phenyl]-4~{a}-hydroxy-1,3,4,5,6,7,8,8~{a}-octahydroisoquinolin-2-yl]-(9~{H}-xanthen-9-yl)methanone",CCN(CC)C1=CC=C([C@@H]2[C@H]3CCCC[C@@]3(O)CCN2C(=O)C2C3=CC=CC=C3OC3=CC=CC=C32)C=C1,"InChI=1S/C33H38N2O3/c1-3-34(4-2)24-18-16-23(17-19-24)31-27-13-9-10-20-33(27,37)21-22-35(31)32(36)30-25-11-5-7-14-28(25)38-29-15-8-6-12-26(29)30/h5-8,11-12,14-19,27,30-31,37H,3-4,9-10,13,20-22H2,1-2H3/t27-,31-,33-/m1/s1",,,CNP0229946.6,1.0,,0,,,1,0,0,0,,,,,,,,,,,,,,,,,,,,,,,,,,,,,
8821,,"[(1~{S},4~{a}~{R},8~{a}~{R})-1-[4-(diethylamino)phenyl]-4~{a}-hydroxy-1,3,4,5,6,7,8,8~{a}-octahydroisoquinolin-2-yl]-(9~{H}-xanthen-9-yl)methanone",CCN(CC)C1=CC=C([C@@H]2[C@H]3CCCC[C@@]3(O)CCN2C(=O)C2C3=CC=CC=C3OC3=CC=CC=C32)C=C1,"InChI=1S/C33H38N2O3/c1-3-34(4-2)24-18-16-23(17-19-24)31-27-13-9-10-20-33(27,37)21-22-35(31)32(36)30-25-11-5-7-14-28(25)38-29-15-8-6-12-26(29)30/h5-8,11-12,14-19,27,30-31,37H,3-4,9-10,13,20-22H2,1-2H3/t27-,31-,33-/m1/s1",,,CNP0229946.6,1.0,,0,,,1,0,0,0,,,,,,,,,,,,,,,,,,,,,,,,,,,,,
929,fluconazole,"2-(2,4-difluorophenyl)-1,3-bis(1,2,4-triazol-1-yl)propan-2-ol",OC(CN1C=NC=N1)(CN1C=NC=N1)C1=CC=C(F)C=C1F,"InChI=1S/C13H12F2N6O/c14-10-1-2-11(12(15)3-10)13(22,4-20-8-16-6-18-20)5-21-9-17-7-19-21/h1-3,6-9,22H,4-5H2",RFHAOTPXVQNOHP-UHFFFAOYSA-N,,CNP0516991.0,,"[{""timestamp"":""2024-08-06 12:01:50"",""user_id"":11,""comment"":""Over 50 years have passed since the first fluorinated natural product was identified (https://doi.org/10.1016/S0022-1139(99)00201-8). During this time, only around a dozen fluorinated natural products have been isolated, with the most recent discovery occurring over a decade ago. Although there is limited knowledge about the biological fluorination mechanism, progress has been made in understanding the biosynthesis pathway of fluoroacetate and 4-fluorothreonine in Streptomyces cattleya. Prior to 1999, only six discrete fluorinated natural products had been isolated.""}]",0,,"[""86386-73-4"",""Diflucan"",""Triflucan"",""Biozolene"",""Elazor"",""Fluconazol"",""Biocanol"",""Zoltec"",""Flucazol"",""Flucostat"",""Fungata"",""difluconazole"",""Flukezol"",""Flunizol"",""Pritenzol"",""Alflucoz"",""Cryptal"",""Dimycon"",""Oxifugol"",""Baten"",""Canzol"",""Forcan"",""Mutum"",""Syscan"",""Zemyc"",""2-(2,4-Difluorophenyl)-1,3-bis(1H-1,2,4-triazol-1-yl)propan-2-ol"",""2-(2,4-DIFLUOROPHENYL)-1,3-DI(1H-1,2,4-TRIAZOL-1-YL)PROPAN-2-OL"",""UK 49858"",""Flunazol"",""UK-49858"",""Alkanazole"",""Triconal"",""Fluconazolum [Latin]"",""DRG-0005"",""CCRIS 7211"",""HSDB 7420"",""DIFLUCAN IN SODIUM CHLORIDE 0.9%"",""UNII-8VZV102JFY"",""123631-92-5"",""8VZV102JFY"",""Fluconazole in sodium chloride 0.9%"",""NSC-758661"",""Fluconazole [USAN]"",""1H-1,2,4-Triazole-1-ethanol, alpha-(2,4-difluorophenyl)-alpha-(1H-1,2,4-triazol-1-ylmethyl)-"",""DTXSID3020627"",""CHEBI:46081"",""DIFLUCAN IN DEXTROSE 5% IN PLASTIC CONTAINER"",""BAYT006267"",""Fluconazole in dextrose 5% in plastic container"",""MFCD00274549"",""Zonal"",""CHEMBL106"",""2,4-Difluoro-alpha,alpha-bis(1H-1,2,4-triazol-1-ylmethyl)benzyl alcohol"",""DTXCID10627"",""Fluconazole in sodium chloride 0.9% in plastic container"",""DIFLUCAN IN SODIUM CHLORIDE 0.9% IN PLASTIC CONTAINER"",""Fluzon (Antifungal)"",""Fluzon [Antifungal]"",""alpha-(2,4-Difluorophenyl)-alpha-(1H-1,2,4-triazol-1-ylmethyl)-1H-1,2,4-triazole-1-ethanol"",""Fluconazole [USAN:USP:INN:BAN:JAN]"",""NCGC00095089-01"",""Fluconazol [Spanish]"",""Loitin"",""FLUCONAZOLE (MART.)"",""FLUCONAZOLE [MART.]"",""C13H12F2N6O"",""FLUCONAZOLE (USP-RS)"",""FLC"",""Diflazon"",""FLUCONAZOLE (EP MONOGRAPH)"",""Fuconal"",""Trican"",""FLUCONAZOLE [USP MONOGRAPH]"",""Diflucan (TN)"",""SMR000471882"",""CAS-86386-73-4"",""FLCZ"",""Fluconazole & hGCSF"",""SR-01000765440"",""fluconazolo"",""Biozole"",""Flucoral"",""Fluconazole & MC-510,011"",""Fluconazole (f)"",""Fluconazole,(S)"",""Expel-F"",""Fluconazole- Bio-X"",""KS-1059"",""AF01 - Antifungals"",""Fluconazole in combination with MGCD290"",""Spectrum_001654"",""FLUCONAZOLE [MI]"",""Spectrum2_001607"",""Spectrum3_001912"",""Spectrum4_000090"",""Spectrum5_001277"",""FLUCONAZOLE [JAN]"",""F0677"",""FLUCONAZOLE [HSDB]"",""MGCD290 and Fluconazole"",""FLUCONAZOLE [VANDF]"",""cid_3365"",""SCHEMBL3151"",""Fluconazole, Sodium Chloride"",""BSPBio_003504"",""FLUCONAZOLE [WHO-DD]"",""KBioGR_000360"",""KBioSS_002134"",""MLS001066394"",""MLS001165780"",""MLS001195645"",""MLS001304713"",""MLS001306492"",""MLS006011884"",""BIDD:GT0799"",""DivK1c_001030"",""SPECTRUM1503975"",""SPBio_001613"",""Fluconazole (JP17\/USP\/INN)"",""BDBM25817"",""HMS503M21"",""KBio1_001030"",""KBio2_002134"",""KBio2_004702"",""KBio2_007270"",""KBio3_003009"",""D01AC15"",""FLUCONAZOLE [ORANGE BOOK]"",""J02AC01"",""NINDS_001030"",""HMS1922O10"",""HMS2090I20"",""HMS2093M21"",""HMS2230O22"",""HMS3259H13"",""HMS3373I19"",""HMS3654P15"",""HMS3715F21"",""HMS3748G19"",""Pharmakon1600-01503975"",""FLUCONAZOLI [WHO-IP LATIN]"",""AMY23415"",""BCP28522"",""Fluconazole 2.0 mg\/ml in Methanol"",""HY-B0101"",""1,2,4-triazol-1-yl)propan-2-ol"",""Tox21_111419"",""Tox21_202240"",""Tox21_300581"",""AC-428"",""BBL005614"",""CCG-39065"",""DL-407"",""Fluconazole & Human recombinant granulocyte colony stimulating factor"",""NSC754343"",""s1331"",""STK619301"",""AKOS000280854"",""CS-1835"",""DB00196"",""Fluconazole, >=98% (HPLC), powder"",""NC00650"",""IDI1_001030"",""NCGC00254412-01"",""NCGC00259789-01"",""2-(2,4-difluorophenyl)-1,3-di(1H-"",""BF164466"",""Fluconazole 100 microg\/mL in Acetonitrile"",""SBI-0051880.P002"",""NS00000281"",""SW199616-2"",""EN300-53634"",""C07002"",""D00322"",""AB00052399-07"",""AB00052399_09"",""A841625"",""Q411478"",""Q-201120"",""UK-49858;UK 49858;UK49858"",""BRD-K05977355-001-02-6"",""F2173-0496"",""Z235354561"",""Fluconazole, European Pharmacopoeia (EP) Reference Standard"",""Fluconazole, United States Pharmacopeia (USP) Reference Standard"",""2-[2,4-bis(fluoranyl)phenyl]-1,3-bis(1,2,4-triazol-1-yl)propan-2-ol"",""Fluconazole, Pharmaceutical Secondary Standard; Certified Reference Material"",""2,4-DIFLUORO-1',1'-BIS(1H-1,2,4-TRIAZOL-1-YLMETHYL)BENZYL ALCOHOL"",""Fluconazole for peak identification, European Pharmacopoeia (EP) Reference Standard"",""1H-1,2,4-TRIAZOLE-1-ETHANOL, 1-(2,4-DIFLUOROPHENYL)-1-(1H-1,2,4-TRIAZOL-1-YLMETHYL)-""]",0,0,0,0,,,,,,,,,,,,,,,,,,,,,,,,,,,,,
3089,,"[(1~{S},4~{a}~{R},8~{a}~{R})-1-[4-(diethylamino)phenyl]-4~{a}-hydroxy-1,3,4,5,6,7,8,8~{a}-octahydroisoquinolin-2-yl]-(9~{H}-xanthen-9-yl)methanone",CCN(CC)C1=CC=C([C@@H]2[C@H]3CCCC[C@@]3(O)CCN2C(=O)C2C3=CC=CC=C3OC3=CC=CC=C32)C=C1,"InChI=1S/C33H38N2O3/c1-3-34(4-2)24-18-16-23(17-19-24)31-27-13-9-10-20-33(27,37)21-22-35(31)32(36)30-25-11-5-7-14-28(25)38-29-15-8-6-12-26(29)30/h5-8,11-12,14-19,27,30-31,37H,3-4,9-10,13,20-22H2,1-2H3/t27-,31-,33-/m1/s1",,,CNP0229946.6,1.0,,0,,,1,0,0,0,,,,,,,,,,,,,,,,,,,,,,,,,,,,,
6176,"2,3-Dichloro-1,4-naphthoquinone","2,3-dichloronaphthalene-1,4-dione",O=C1C(Cl)=C(Cl)C(=O)C2=CC=CC=C12,InChI=1S/C10H4Cl2O2/c11-7-8(12)10(14)6-4-2-1-3-5(6)9(7)13/h1-4H,SVPKNMBRVBMTLB-UHFFFAOYSA-N,,CNP0108341.0,3.0,,0,,"[""117-80-6"",""DICHLONE"",""2,3-dichloronaphthalene-1,4-dione"",""Phygon"",""Diclone"",""2,3-Dichloronaphthoquinone"",""Algistat"",""Sanquinon"",""Uniroyal"",""Phygon paste"",""1,4-Naphthalenedione, 2,3-dichloro-"",""Phygon XL"",""Quintar"",""Compound 604"",""Phygon seed protectant"",""U.s. rubber 604"",""2,3-Dichloro-1,4-naphthalenedione"",""Quintar 540F"",""USR 604"",""2,3-Dichloro-1,4-naphthaquinone"",""ENT 3,776"",""1,4-Naphthoquinone, 2,3-dichloro-"",""Latka 604"",""2,3-dichloro-1,4-dihydronaphthalene-1,4-dione"",""NSC 537"",""2,3-Dichlor-1,4-naftochinon"",""C28BKZ2J9A"",""CHEMBL318782"",""CNQ"",""DTXSID7020425"",""NSC-537"",""2,3-Dichloro-.alpha.-naphthoquinone"",""MFCD00001677"",""Dichlon"",""DTXCID30425"",""Caswell No. 298"",""US Rubber 604"",""Dichlone [BSI:ISO]"",""Latka 604 [Czech]"",""C10H4Cl2O2"",""CAS-117-80-6"",""CCRIS 6667"",""HSDB 313"",""EINECS 204-210-5"",""UNII-C28BKZ2J9A"",""EPA Pesticide Chemical Code 029601"",""2,3-Dichlor-1,4-naftochinon [Czech]"",""2,3-Dichlor-1,4-naphthochinon [German]"",""AI3-03776"",""2,4-naphthochinon"",""2,4-naphthalenedione"",""DICHLONE [HSDB]"",""DICHLONE [ISO]"",""DICHLONE [MI]"",""Maybridge1_002563"",""SCHEMBL45723"",""DivK1c_001315"",""BDBM24774"",""HMS548M11"",""USR-604"",""WLN: L66 BV EVJ CG DG"",""2,3-dichloro(1,4)-naphthoquinone"",""DNA methylation inhibitor, Dichlone"",""Tox21_201652"",""Tox21_303031"",""BBL013154"",""CCG-44349"",""STL163952"",""AKOS000121572"",""AKOS025243278"",""CDS1_000275"",""NCGC00163987-01"",""NCGC00256618-01"",""NCGC00259201-01"",""2,?3-?Dichloro-?1,?4-?naphthoquinone"",""2,3-bis(chloranyl)naphthalene-1,4-dione"",""2,3-Dichloro-1,4-naphthoquinone, 98%"",""VS-03691"",""2,3-DICHLORO-1,4-NAPTHALENEDIONE"",""DB-038052"",""Dichlon, PESTANAL(R), analytical standard"",""D0384"",""NS00001888"",""EN300-16587"",""F21401"",""2,3-dichloro-1,4-dihydro-1,4-dioxonaphthalene"",""A803828"",""AQ-390\/13304011"",""SR-01000634190"",""Q3026530"",""W-108557"",""F0020-1851"",""F1113-0043"",""2,3-Dichloro-1,4-naphthoquinone, for spectrophotometric det. of hydrazides, >=98.0%"",""InChI=1\/C10H4Cl2O2\/c11-7-8(12)10(14)6-4-2-1-3-5(6)9(7)13\/h1-4""]",0,0,0,0,,,,,,,,,,,,,,,,,,,,,,,,,,,,,
9026,TCMDC-125583,"4,9-dimethyl-8-(4-methylbenzoyl)furo[2,3-h]chromen-2-one",CC1=CC=C(C(=O)C2=C(C)C3=C4OC(=O)C=C(C)C4=CC=C3O2)C=C1,"InChI=1S/C21H16O4/c1-11-4-6-14(7-5-11)19(23)20-13(3)18-16(24-20)9-8-15-12(2)10-17(22)25-21(15)18/h4-10H,1-3H3",AMDACVCCXDZOTC-UHFFFAOYSA-N,,CNP0357063.0,3.0,,0,,"[""MMV086103"",""CHEMBL529874"",""NSC766744"",""STK617620"",""AKOS005551311"",""4,9-dimethyl-8-(4-toluoyl)-2h-furo[2,3-h]chrom-en-2-one"",""4,9-dimethyl-8-(4-methylbenzoyl)-2H-furo[2,3-h]chromen-2-one"",""4,9-dimethyl-8-[(4-methylphenyl)carbonyl]-2H-furo[2,3-h]chromen-2-one""]",0,0,0,0,,,,,,,,,,,,,,,,,,,,,,,,,,,,,
1016,isonotholaenic acid,4-hydroxy-2-methoxy-6-[2-(4-methoxyphenyl)ethyl]benzoic acid,COC1=CC=C(CCC2=CC(O)=CC(OC)=C2C(=O)O)C=C1,"InChI=1S/C17H18O5/c1-21-14-7-4-11(5-8-14)3-6-12-9-13(18)10-15(22-2)16(12)17(19)20/h4-5,7-10,18H,3,6H2,1-2H3,(H,19,20)",GAWSNXBLUNVZCK-UHFFFAOYSA-N,,CNP0300593.0,3.0,,0,,"[""CHEMBL68178"",""DTXSID601030446"",""Q6086154"",""Isonotholaenic acid""]",0,0,0,0,,,,,,,,,,,,,,,,,,,,,,,,,,,,,
4145,Lunularin,3-[2-(4-hydroxyphenyl)ethyl]phenol,OC1=CC=C(CCC2=CC=CC(O)=C2)C=C1,"InChI=1S/C14H14O2/c15-13-8-6-11(7-9-13)4-5-12-2-1-3-14(16)10-12/h1-3,6-10,15-16H,4-5H2",ILEYXPCRQKRNIJ-UHFFFAOYSA-N,,CNP0170668.0,5.0,,0,,"[""37116-80-6"",""3-(4-Hydroxyphenethyl)phenol"",""3-[2-(4-hydroxyphenyl)ethyl]phenol"",""3,4'-Dihydroxybibenzyl"",""3,4'-Ethylenebisphenol"",""AXG9EP247C"",""Phenol, 3-[2-(4-hydroxyphenyl)ethyl]-"",""CHEBI:6568"",""3-(2-(4-HYDROXYPHENYL)ETHYL)PHENOL"",""Lunularine"",""UNII-AXG9EP247C"",""SCHEMBL717118"",""CHEMBL445252"",""DTXSID20190614"",""3,4'-(ethane-1,2-diyl)diphenol"",""LMPK13090039"",""MFCD24713452"",""AKOS027461006"",""DA-24451"",""DS-19179"",""CS-0086842"",""C74915"",""1-(4-Hydroxyphenyl)-2-(3-hydroxyphenyl)ethane"",""Q6704488"",""lunularin""]",0,0,0,0,,,,,,,,,,,,,,,,,,,,,,,,,,,,,
7036,"1-Propanesulfonic acid, 3-(2-benzothiazolylthio)-","3-(1,3-benzothiazol-2-ylsulfanyl)propane-1-sulfonic acid",O=S(=O)(O)CCCSC1=NC2=CC=CC=C2S1,"InChI=1S/C10H11NO3S3/c12-17(13,14)7-3-6-15-10-11-8-4-1-2-5-9(8)16-10/h1-2,4-5H,3,6-7H2,(H,12,13,14)",XBNHRNFODJOFRU-UHFFFAOYSA-N,,CNP0521335.0,3.0,,0,,"[""3-(1,3-benzothiazol-2-ylsulfanyl)propane-1-sulfonic acid"",""4720-61-0"",""3-(2-BENZOTHIAZOLYLTHIO)-1-PROPANESULFONIC ACID"",""Q071BHM3ZE"",""CHEMBL1161789"",""3-(Benzo(d)thiazol-2-ylthio)propane-1-sulfonic acid"",""UNII-Q071BHM3ZE"",""CBDivE_000881"",""SCHEMBL292003"",""DTXSID0063571"",""XBNHRNFODJOFRU-UHFFFAOYSA-N"",""HMS3604K20"",""BDBM50597989"",""STK065154"",""AKOS001609215"",""DB03132"",""PD007359"",""NS00068744"",""SR-01000883692"",""Q27094077"",""InChI=1\/C10H11NO3S3\/c12-17(13,14)7-3-6-15-10-11-8-4-1-2-5-9(8)16-10\/h1-2,4-5H,3,6-7H2,(H,12,13,14""]",0,0,1,0,,,,,,,,,,,,,,,,,,,,,,,,,,,,,
9936,,"[(1~{S},4~{a}~{R},8~{a}~{R})-1-[4-(diethylamino)phenyl]-4~{a}-hydroxy-1,3,4,5,6,7,8,8~{a}-octahydroisoquinolin-2-yl]-(9~{H}-xanthen-9-yl)methanone",CCN(CC)C1=CC=C([C@@H]2[C@H]3CCCC[C@@]3(O)CCN2C(=O)C2C3=CC=CC=C3OC3=CC=CC=C32)C=C1,"InChI=1S/C33H38N2O3/c1-3-34(4-2)24-18-16-23(17-19-24)31-27-13-9-10-20-33(27,37)21-22-35(31)32(36)30-25-11-5-7-14-28(25)38-29-15-8-6-12-26(29)30/h5-8,11-12,14-19,27,30-31,37H,3-4,9-10,13,20-22H2,1-2H3/t27-,31-,33-/m1/s1",,,CNP0229946.6,1.0,,0,,,1,0,0,0,,,,,,,,,,,,,,,,,,,,,,,,,,,,,
1067,,"6,11-dihydroxy-3-methyl-3-(4-methylpent-3-enyl)pyrano[2,3-c]xanthen-7-one",CC(C)=CCCC1(C)C=CC2=C(C=C(O)C3=C2OC2=C(O)C=CC=C2C3=O)O1,"InChI=1S/C23H22O5/c1-13(2)6-5-10-23(3)11-9-14-18(28-23)12-17(25)19-20(26)15-7-4-8-16(24)21(15)27-22(14)19/h4,6-9,11-12,24-25H,5,10H2,1-3H3",,,CNP0156467.0,5.0,,0,,"[""NSC651713"",""6,11-Dihydroxy-3-methyl-3-(4-methyl-3-pentenyl)-3H,7H-pyrano[2,3-c]xanthen-7-one"",""CHEMBL479289"",""CHEBI:178983"",""DTXSID101130988"",""35338-77-3"",""3H,7H-Pyrano[2,3-c]xanthen-7-one, 6,11-dihydroxy-3-methyl-3-(4-methyl-3-pentenyl)-"",""6,11-dihydroxy-2-methyl-2-(4-methylpent-3-en-1-yl)-2,10-dihydro-1,5-dioxatetraphen-10-one""]",0,0,1,0,,,,,,,,,,,,,,,,,,,,,,,,,,,,,
4214,trifluoperazine,10-[3-(4-methylpiperazin-1-yl)propyl]-2-(trifluoromethyl)phenothiazine,CN1CCN(CCCN2C3=CC=CC=C3SC3=CC=C(C(F)(F)F)C=C32)CC1,"InChI=1S/C21H24F3N3S/c1-25-11-13-26(14-12-25)9-4-10-27-17-5-2-3-6-19(17)28-20-8-7-16(15-18(20)27)21(22,23)24/h2-3,5-8,15H,4,9-14H2,1H3",ZEWQUBUPAILYHI-UHFFFAOYSA-N,,CNP0336159.0,,"[{""timestamp"":""2024-08-06 12:01:50"",""user_id"":11,""comment"":""Over 50 years have passed since the first fluorinated natural product was identified (https://doi.org/10.1016/S0022-1139(99)00201-8). During this time, only around a dozen fluorinated natural products have been isolated, with the most recent discovery occurring over a decade ago. Although there is limited knowledge about the biological fluorination mechanism, progress has been made in understanding the biosynthesis pathway of fluoroacetate and 4-fluorothreonine in Streptomyces cattleya. Prior to 1999, only six discrete fluorinated natural products had been isolated.""}]",0,,"[""117-89-5"",""Trifluperazine"",""Flurazine"",""Triflurin"",""Triperazine"",""Trifluoperazina"",""Trifluoromethylperazine"",""Trifluroperizine"",""Apo-Trifluoperazine"",""Eskazine"",""RP 7623"",""10-[3-(4-methylpiperazin-1-yl)propyl]-2-(trifluoromethyl)phenothiazine"",""TFP"",""Fluoperazine"",""Trifluoromethyl-10-(3'-(1-methyl-4-piperazinyl)propyl)phenothiazine"",""Trifluoperazinum [INN-Latin]"",""Trifluoperazina [INN-Spanish]"",""CCRIS 6994"",""HSDB 3195"",""10H-Phenothiazine, 10-[3-(4-methyl-1-piperazinyl)propyl]-2-(trifluoromethyl)-"",""EINECS 204-219-4"",""NSC 17474"",""NSC 46061"",""NSC-17474"",""Calmazine"",""UNII-214IZI85K3"",""CHEBI:45951"",""Trifluoperazine (INN)"",""10-(gamma-(N'-Methylpiperazino)propyl)-2-trifluoromethylphenothiazine"",""214IZI85K3"",""NSC-46061"",""RP-7623"",""10-[3-(4-METHYL-PIPERAZIN-1-YL)-PROPYL]-2-TRIFLUOROMETHYL-10H-PHENOTHIAZINE"",""SKF 5019"",""Stellazine"",""10-(3-(4-methyl-1-piperazinyl)propyl)-2-(trifluoromethyl)-10H-phenothiazine"",""Trifluoperazina [Italian]"",""TRIFLUOPERAZINE [INN]"",""Trifluoperazine [INN:BAN]"",""81498-90-0"",""C21H24F3N3S"",""MLS001146870"",""MLS002702821"",""SMR001566649"",""10-[3-(4-methylpiperazin-1-yl)propyl]-2-(trifluoromethyl)phenothiazine dihydrochloride"",""CAS-440-17-5"",""Apo-trifluoperazine (TN)"",""Stelazine (*Dihydrochloride*)"",""NCI17474"",""Synklor (Salt\/Mix)"",""1432064-02-2"",""Stelazine (Salt\/Mix)"",""Triftazin (Salt\/Mix)"",""Spectrum_000668"",""Terfluzine (Salt\/Mix)"",""Jatroneural (Salt\/Mix)"",""Fluoperazine (Salt\/Mix)"",""Triphthazine (Salt\/Mix)"",""Prestwick0_000313"",""Spectrum2_000828"",""Spectrum3_001374"",""Spectrum5_001553"",""Lopac-T-8516"",""Biomol-NT_000060"",""CHEMBL422"",""cid_5566"",""NCIStruc1_001127"",""NCIStruc2_001093"",""BIDD:PXR0132"",""Lopac0_001232"",""SCHEMBL24866"",""BSPBio_000306"",""BSPBio_001190"",""BSPBio_002928"",""GTPL214"",""KBioGR_000530"",""KBioGR_000835"",""KBioGR_002431"",""KBioSS_000530"",""KBioSS_001148"",""KBioSS_002437"",""MLS006011857"",""DivK1c_000843"",""TRIFLUOPERAZINE [HSDB]"",""SPBio_000755"",""SPBio_002525"",""TRIFLUOPERAZINE [VANDF]"",""BPBio1_000338"",""BPBio1_001345"",""2-TRIFLUOROMETHYL-10-"",""DTXSID1046928"",""TRIFLUOPERAZINE [WHO-DD]"",""BDBM79181"",""cid_2913535"",""KBio1_000843"",""KBio2_000530"",""KBio2_001148"",""KBio2_002431"",""KBio2_003098"",""KBio2_003716"",""KBio2_004999"",""KBio2_005666"",""KBio2_006284"",""KBio2_007567"",""KBio3_000959"",""KBio3_000960"",""KBio3_002148"",""KBio3_002910"",""N05AB06"",""cMAP_000048"",""NINDS_000843"",""Bio1_000458"",""Bio1_000947"",""Bio1_001436"",""Bio2_000435"",""Bio2_000915"",""HMS1362L11"",""HMS1792L11"",""HMS1990L11"",""HMS2089J11"",""HMS3429O07"",""KUC109776N"",""BCP32898"",""EX-A3330"",""CCG-37306"",""NCGC00013226"",""PDSP1_001300"",""PDSP2_001284"",""s5856"",""STK182873"",""AKOS001487920"",""DB00831"",""SDCCGSBI-0051199.P005"",""IDI1_000843"",""IDI1_002190"",""KSC-210-031"",""MRF-0000088"",""QTL1_000085"",""NCGC00013226-02"",""NCGC00013226-11"",""NCGC00024251-03"",""AC-35814"",""NCI60_001427"",""NCI60_004087"",""TS-09796"",""SBI-0051199.P003"",""AB00053558"",""NS00007413"",""C07168"",""D08636"",""EN300-708763"",""2-(((4-chlorophenyl)sulfonyl)amino)-benzoicaci"",""AB00053558-27"",""AB00053558_28"",""L001075"",""Q1752915"",""SR-01000003020-6"",""BRD-K89732114-001-02-6"",""BRD-K89732114-300-05-5"",""Triphthazine;Trifluperazine;NSC-17474;RP-7623;SKF-5019""]",0,0,0,0,,,,,,,,,,,,,,,,,,,,,,,,,,,,,
7052,NEOCRYPTOLEPINE,"5-methylindolo[2,3-b]quinoline",CN1C2=NC3=CC=CC=C3C2=CC2=CC=CC=C21,"InChI=1S/C16H12N2/c1-18-15-9-5-2-6-11(15)10-13-12-7-3-4-8-14(12)17-16(13)18/h2-10H,1H3",PZIIKMBOSNKNFZ-UHFFFAOYSA-N,,CNP0193105.0,5.0,,0,,"[""5-methylindolo[2,3-b]quinoline"",""114414-78-7"",""5H-Quinindoline, 5-methyl-"",""5-Methyl-5H-quinindoline"",""CHEMBL465591"",""NSC687967"",""CHEMBL115585"",""SCHEMBL1833360"",""DTXSID90150720"",""EX-A5436"",""BDBM50412204"",""HY-E70250"",""NCI60_031751"",""CS-1010729""]",0,0,0,0,,,,,,,,,,,,,,,,,,,,,,,,,,,,,
9954,Rhinacanthin Q,"[3-(1-hydroxy-3,4-dioxo-2-naphthyl)-2,2-dimethyl-propyl] 1,4-dimethoxynaphthalene-2-carboxylate",COC1=CC(C(=O)OCC(C)(C)CC2=C(O)C3=CC=CC=C3C(=O)C2=O)=C(OC)C2=CC=CC=C12,"InChI=1S/C28H26O7/c1-28(2,14-21-23(29)17-10-6-7-11-18(17)24(30)25(21)31)15-35-27(32)20-13-22(33-3)16-9-5-8-12-19(16)26(20)34-4/h5-13,29H,14-15H2,1-4H3",PLRHCWSHDGZDQF-UHFFFAOYSA-N,,CNP0157352.0,2.0,,0,,"[""CHEMBL184182"",""[3-(1-hydroxy-3,4-dioxonaphthalen-2-yl)-2,2-dimethylpropyl] 1,4-dimethoxynaphthalene-2-carboxylate""]",0,0,0,0,,,,,,,,,,,,,,,,,,,,,,,,,,,,,
1248,Cryptolepine hydrochloride,"5-methylindolo[3,2-b]quinoline;hydrochloride",CN1C2=C3C=CC=CC3=NC2=CC2=CC=CC=C21.Cl,"InChI=1S/C16H12N2.ClH/c1-18-15-9-5-2-6-11(15)10-14-16(18)12-7-3-4-8-13(12)17-14;/h2-10H,1H3;1H",PACBZNVVTJRUCN-UHFFFAOYSA-N,,CNP0567647.0,4.0,"[{""timestamp"":""2024-08-06 12:01:50"",""user_id"":11,""comment"":""Molecule removed due to being a multicomponent compound.""}]",0,,"[""5H-Quindoline, 5-methyl-, monohydrochloride"",""72782-09-3"",""NSC647765"",""5-Methyl-5H-quindoline hydrochloride"",""Cryptolepine HCl"",""CHEMBL92129"",""SCHEMBL5803104"",""DTXSID60223112"",""5-Methyl-5H-indolo[3,2-b]quinoline hydrochloride""]",0,0,0,0,,,,,,,,,,,,,,,,,,,,,,,,,,,,,
4268,,"1,4-diphenylbutane-1,4-dione oxime",ON=C(CCC(=NO)C1=CC=CC=C1)C1=CC=CC=C1,"InChI=1S/C16H16N2O2/c19-17-15(13-7-3-1-4-8-13)11-12-16(18-20)14-9-5-2-6-10-14/h1-10,19-20H,11-12H2",WOPZDBGFQQIDGX-UHFFFAOYSA-N,,CNP0065221.0,2.0,,0,,"[""(E)-N-[(4Z)-4-(hydroxyimino)-1,4-diphenylbutylidene]hydroxylamine""]",0,0,1,0,,,,,,,,,,,,,,,,,,,,,,,,,,,,,
7445,"3-[[6-[5,7-dihydroxy-2-(4-hydroxy-3-methoxyphenyl)chromenylium-3-yl]oxy-3,4,5-trihydroxyoxan-2-yl]methoxy]chromen-2-one","3-[[6-[5,7-dihydroxy-2-(4-hydroxy-3-methoxy-phenyl)chromenylium-3-yl]oxy-3,4,5-trihydroxy-tetrahydropyran-2-yl]methoxy]chromen-2-one",COC1=CC(C2=[O+]C3=CC(O)=CC(O)=C3C=C2OC2OC(COC3=CC4=CC=CC=C4OC3=O)C(O)C(O)C2O)=CC=C1O,"InChI=1S/C31H26O13/c1-39-22-9-15(6-7-18(22)33)29-23(12-17-19(34)10-16(32)11-21(17)41-29)43-31-28(37)27(36)26(35)25(44-31)13-40-24-8-14-4-2-3-5-20(14)42-30(24)38/h2-12,25-28,31,35-37H,13H2,1H3,(H2-,32,33,34)/p+1",SYQHKGVEVSKZGH-UHFFFAOYSA-O,,CNP0594279.0,1.0,,0,,,0,0,1,0,,,,,,,,,,,,,,,,,,,,,,,,,,,,,
1249,,"2-methylpyrido[3,4-b]indole;hydrochloride",CN1C=CC2=C3C=CC=CC3=NC2=C1.Cl,"InChI=1S/C12H10N2.ClH/c1-14-7-6-10-9-4-2-3-5-11(9)13-12(10)8-14;/h2-8H,1H3;1H",,,CNP0502260.0,3.0,,0,,,0,0,0,0,,,,,,,,,,,,,,,,,,,,,,,,,,,,,
4314,triclosan,"5-chloro-2-(2,4-dichlorophenoxy)phenol",OC1=CC(Cl)=CC=C1OC1=CC=C(Cl)C=C1Cl,"InChI=1S/C12H7Cl3O2/c13-7-1-3-11(9(15)5-7)17-12-4-2-8(14)6-10(12)16/h1-6,16H",XEFQLINVKFYRCS-UHFFFAOYSA-N,,CNP0295220.0,5.0,,0,,"[""3380-34-5"",""5-CHLORO-2-(2,4-DICHLOROPHENOXY)PHENOL"",""Cloxifenolum"",""2,4,4'-Trichloro-2'-hydroxydiphenyl ether"",""Irgasan"",""Triclosanum"",""Irgasan DP300"",""Stri-Dex Cleansing Bar"",""CH 3565"",""Phenol, 5-chloro-2-(2,4-dichlorophenoxy)-"",""Lexol 300"",""5-Chloro-2-(2,4-dichloro-phenoxy)-phenol"",""Caswell No. 186A"",""DP-300"",""Triclosanum [INN-Latin]"",""HSDB 7194"",""CHEBI:164200"",""EINECS 222-182-2"",""Ether, 2'-hydroxy-2,4,4'-trichlorodiphenyl"",""Phenyl ether, 2'-hydroxy-2,4,4'-trichloro-"",""EPA Pesticide Chemical Code 054901"",""NSC-759151"",""UNII-4NM5039Y5X"",""CH-3565"",""BRN 2057142"",""CCRIS 9253"",""DTXSID5032498"",""4NM5039Y5X"",""DNDI1246774"",""CHEMBL849"",""Neostrata Antibacterial Facial Cleanser"",""DTXCID3012498"",""Triclosan [USAN:USP:INN:BAN]"",""MFCD00800992"",""Triclosan 10 microg\/mL in Cyclohexane"",""TCL"",""COLGATE TOTAL COMPONENT TRICLOSAN"",""NCGC00159417-02"",""Stri-Dex Face Wash"",""Aquasept"",""Sapoderm"",""TRICLOSAN COMPONENT OF COLGATE TOTAL"",""C12H7Cl3O2"",""TRICLOSAN (MART.)"",""TRICLOSAN [MART.]"",""TRICLOSAN (USP-RS)"",""TRICLOSAN [USP-RS]"",""TCS"",""TRICLOSAN (USP MONOGRAPH)"",""2-Hydroxy-2',4,4'-trichlorodiphenyl Ether"",""SMR000471847"",""CAS-3380-34-5"",""Triclosan (USP\/INN)"",""SR-01000762974"",""88032-08-0"",""triclosano"",""Germasidol"",""Therazcream"",""Trichlorosan"",""Dermacare"",""EcolabDigiclean"",""EqualineLiquid"",""Freshands"",""Pacific"",""Prevens"",""Quiksan"",""Sterzac"",""Tricolsan"",""Wegmans"",""Orchid"",""Stri-Dex cleansing bar (TN)"",""Jabonito Fresh"",""Sbs Ultragreen"",""Cv Medicated"",""Forest Fresh"",""Fresh Citrus"",""Hand Cleanse"",""Sbs Ultrapink"",""Stoko Refresh"",""Tc Spraysoap"",""Tork Premium"",""Vanilla Cream"",""Rite AidLiquid"",""Foamy Mango"",""Health Stat"",""Holiday Elegance"",""Lynx medi foam"",""Purgo Ultra"",""Satin Pink"",""Antibacterial Bar"",""Deb Gold"",""Servo-stat Te"",""Thera Rx"",""Health-stat Foam"",""1nhg"",""Purgo Satin Foam"",""Purgo Ultra Foam"",""Hand CleanseRefill"",""Antibac Foam Wash"",""Deluxe All-purpose"",""Scott Antibacterial"",""Triclosan; Irgasan"",""Servo-stat T Foam"",""Harris TeeterFoaming"",""Liquid Hand Cleanse"",""Market Basket Ultra"",""Antibacterial Foaming"",""Astound Antibacterial"",""Foaming Antibacterial"",""Foaming Antimicrobial"",""Irgaguard B1000"",""Triclosanum (Latin)"",""Anchor Foaming Mango"",""Ecocare 250"",""Fu ER Jie"",""GermicidaAntimicrobial"",""Rite AidAntibacterial"",""Wegmans Orange Scent"",""Rite AidFoaming Hand"",""BodycologyCoconut Lime"",""Deluxe Dish Detergent"",""Dt Antibacterial Hand"",""Triclosan 0.46%"",""Body WashClear Spring"",""LE TECHNIQPEAR"",""Handtastic Foamy Mango"",""Nutri VetMedicated Dog"",""White Tea Antibacterial"",""3p9t"",""4w9n"",""BodycologyCherry Blossom"",""BodycologyCucumber Melon"",""BodycologyWhite Gardenia"",""Kiwi Crate Liquid Hand"",""Simply Right Body Care"",""Triclosan, 0.30%"",""TOPCOANTIBACTERIAL"",""TRICLOSAN [INN]"",""AntibacterialSUNBLOSSOM"",""Lysol I.C.Antimicrobial"",""Medspa Antibacterial Bar"",""Proformance Antibacterial"",""TRICLOSAN [MI]"",""ANTIBACTERIALREFILL"",""SAFEWAY CAREREFILL"",""Anti-bacterial Hand Wash"",""TRICLOSAN [HSDB]"",""TRICLOSAN [USAN]"",""Antibacterial Foamy Mango"",""Hand Cleanse-Ocean Fresh"",""Protect Antibacterial Bar"",""Safeway Home Lemon Scent"",""Shop Rite Ultra So-soft"",""Harris TeeterAntibacterial"",""TRICLOSAN [VANDF]"",""ANTIBACTERIALFOAMING"",""CAREONEANTIBACTERIAL"",""WEGMANSANTIBACTERIAL"",""Antibacterial Citrus Fresh"",""Antibacterial Hand Cleanse"",""AntibacterialCitrus Coconut"",""AntibacterialPassion Flower"",""bobbarker antibacterial bar"",""Hand Antibacterial Premium"",""Publix Ultradish Detergent"",""Safeway Home Orange Scent"",""DG BODYANTIBACTERIAL"",""ANTIBACTERIALMANDARIN"",""Epitope ID:119683"",""EZ Foam 6793"",""My Essentials Citrus Scent"",""Pro Advantage Antibacterial"",""Lever 2000 Antibacterial"",""RITE AID RENEWALPEAR"",""DERMAPROTTRICLOTREX-B"",""SCHEMBL3269"",""TC EnrichedFoamAntibacterial"",""TopCareAntibacterial Foaming"",""TRICLOSAN [WHO-DD]"",""Royal Antibacterial (mango)"",""Spasoap Liquid Antibacterial"",""1014 Foaming Antimicrobial"",""Antibacterial Hand-Aloe Vera"",""Red Apple Antibacterial Hand"",""AntibacterialPamegranate Apple"",""LE TECHNIQSPRING FRESH"",""Antibaceterial Hand Soap Rose"",""Antibacterial Amber Hand Soap"",""ANTIBACTERIALFRESH PEAR"",""Dermacen Antimicrobial-T Hand"",""Lemon Zest Antibacterial Hand"",""MLS001066347"",""MLS001074876"",""MLS001335937"",""Hand CleanseFresh Peach Scent"",""Hand CleanseWater Melon Scent"",""PanacheAntibacterial Body Wash"",""Health Care Personnel Handwash"",""Pear Barlet Antibacterial Hand"",""White Tea Hand and Body Wash"",""Aire-MasterFoaming AB handsoap"",""Hand CleanseCitrus Blast Scent"",""KooBoos Instant Hand Sanitizer"",""Anti-bacterial Bubble Gum Hand"",""Anti-bacterial Fresh Aloe Hand"",""Anti-bacterial Lemon Drop Hand"",""ANTIBACTERIAL FOAMINGPEAR"",""Bacti-Free tmAntibacterial Hand"",""BDBM8726"",""CVS PHARMACYANTIBACTERIAL"",""CVS Phramacy AntibacterialMelon"",""Essential Everyday Orange Scent"",""Foaming Antiseptic Hand Cleaner"",""Foaming Hand Wash Antibacterial"",""IMAGE ESSENTIALSAntibacterial"",""Reeva Antibacterial Green Apple"",""SIMPLY RIGHTANTIBACTERIAL"",""Smith and Johnson Antibacterial"",""TRICLOTREX-BANTIBACTERIAL"",""DG BODYANTIBACTERIAL HAND"",""Proformance Series Antibacterial"",""STUDIO 35SPRING MORNING"",""TRICLOSAN [ORANGE BOOK]"",""Antibacterial Liquid Soap Refill"",""CVS Antibacterial FoamingKitchen"",""Family Dollar Antibacterial Hand"",""Hand Guard Foaming Antimicrobial"",""Personal Care Antibacterial Hand"",""Stoko Refresh Food Handler Foam"",""Xtracare Foaming Facial Cleanser"",""CAREONEVANILLA BROWN SUGAR"",""GOJO E2 Foam Sanitizing So ap"",""Jisberry Antibacterial Handlotion"",""Lucky Supersoft AntibacterialHand"",""NoxzemaBacteria Fighting Cleanser"",""RITE AID RENEWALWHITE TEA"",""simple pleasuresantibacterial hand"",""SIMPLY RIGHTSPARKLING MIST"",""Antibaceterial Hand Soap Lavender"",""ANTIBACTERIAL FOAMINGREFILL"",""ANTIBACTERIALCUCUMBER MELON"",""ANTIBACTERIALSPARKLING MIST"",""CVS PHARMACYPEAR WHITE TEA"",""D08AE04"",""D09AA06"",""EQUATEANTIBACTERIAL FOAMING"",""MEIJERANTIBACTERIAL FOAMING"",""Oil Free Foaming Facial Cleanser"",""Perfect Purity Antibacterial Gold"",""Raggedy Ann and AndyCotton Candy"",""ClearskinPore Penetrating Cleanser"",""CVS PHARMACYMANDARIN CITRUS"",""Image EssentialsAntibacterial Gold"",""Powerhouse Fresh Scent Ultra Dish"",""Skintegrity Antibacterial HandBlue"",""Soft Care Foam Antibacterial Hand"",""Antibacterial Body WashMoisturizing"",""Antibacterial FoamingCucumber Melon"",""Foaming AntibacterialCucumber Melon"",""HMS2093L17"",""HMS2270M06"",""HMS3259K19"",""HMS3715H11"",""HMS3872N03"",""Mandarin Orange Antibacterial Hand"",""Pharmakon1600-01505465"",""WegmansAntibacterial Cucumber Melon"",""Zep Professional Healthcare Worker"",""Anti-bacterial Blue Raspberry Hand"",""Antibacterial Foaming Hand Cleanser"",""ANTIBACTERIAL FOAMINGCOMPLETE"",""ANTIBACTERIAL FOAMINGORIGINAL"",""ANTIBACTERIAL FOAMINGPLUMERIA"",""ANTIBACTERIALFOR THE KITCHEN"",""Dignity Health Medspa Antibacterial"",""Dt Antibacterial Foaming Hand Wash"",""Exchange Select Ultra Citrus Scent"",""FOAMING ANTIBACTERIALPLUMERIA"",""Hand Cleanse-Strawberry Pomegranate"",""Health Smart Antibacterial Original"",""IMAGE ESSENTIALSSPRING FRESH"",""Irgasan, >=97.0% (HPLC)"",""Anti-bacterial Strawberry Kiss Hand"",""Bebelle for Kids Antibacterial Hand"",""FREDSANTIBACTERIAL FRESH PEAR"",""Hill Country EssentialsAntibacterial"",""HY-B1119"",""Nu SkinAntibacterial Body Cleansing"",""Raggedy Ann and AndyTropical Breeze"",""RITE AID RENEWALANTIBACTERIAL"",""RITE AID RENEWALCLEAR SPRING"",""Soft Care Neutra Germ Antibacterial"",""XtraCare Antibacterial Hand Cleanse"",""ANTIBACTERIAL FOAMINGCRANBERRY"",""ORCHIDCACTUS FLOWER AND MANGO"",""Tox21_111648"",""Tox21_400079"",""ANTIBACTERIAL FOAMINGGREEN TEA"",""Antibacterial Hand-Ocean Fresh Scent"",""ANTIBACTERIALLIGHT MOISTURIZERS"",""DP 300"",""s4541"",""STL451034"",""ANTIBACTERIAL FOAMINGFRESH PEAR"",""ANTIBACTERIAL FOAMINGPEAR SCENT"",""CVS PHARMACYCLEAN ANTIBACTERIAL"",""Deb Med Antibacterial Foam Hand Wash"",""Dermacen Foaming Antimicrobial-T Hand"",""Liquid Nature Antibacterial Hand Soap"",""Moisturizing Anti-bacterial Hand Soap"",""Spa Originals Antibacterial Gold Hand"",""TOPCAREANTIBACTERIAL FRESH PEAR"",""AKOS015850380"",""ANTIBACTERIAL FOAMINGPOMEGRANATE"",""Antibacterial Hand-Vanilla Brown Sugar"",""ANTIBACTERIALMANDARIN AND POMELO"",""Health Smart Antibacterial Spring Rain"",""Lucky Antibacterial Hand SoapSupersoft"",""Soft Care Antiseptic Skin Cleanser II"",""Spasoap Liquid Antibacterial 2x Ultra"",""Wegmans Ultra Dishwashing Orange Scent"",""Ben E. KeithAntibacterial Hand Cleaner"",""CCG-213459"",""CH-3635"",""CS-4718"",""DB08604"",""KS-5356"",""Natural Concept Body WashSpring Breeze"",""NC00516"",""Royal Antibacterial (coconut and Lime)"",""Theochem White Tea Hand and Body Wash"",""Aire-MasterAntibacterial Liquid Handsoap"",""ANTIBACTERIAL FOAMINGBERRY MEDLEY"",""Candy Apple Anti Bacterial Foaming Hand"",""Clean and Refresh Body WashMoisturizing"",""Scott Clear Antibacterial Skin Cleanser"",""TC EnrichedlotionAntibacterial Hand Wash"",""USEPA\/OPP Pesticide Code: 054901"",""Antibacterial Foaming Hand Sp Lemongrass"",""AURORAANTIBACTERIAL BASIL KEY LIME"",""Cotton Candy Anti Bacterial Foaming Hand"",""Ecosave Lavender Antibacterial Hand Soap"",""EQUATESPRING SHOWERS ANTIBACTERIAL"",""NaturalsAntibacterial Liquid Soap Vanilla"",""Pear Blossom Antibacterial Gel Hand Wash"",""Piranha Brand Foaming Antibacterial Hand"",""Shopko Antibacterial Deep Cleansing Hand"",""simple pleasuresantibacterial foaming hand"",""AC-10667"",""Antibaceterial Hand Soap Golden Sunflower"",""ANTIBACTERIAL FOAMINGOLIVE AND ALOE"",""Health Smart Antibacterial Cucumber Melon"",""Mango Madness Anti Bacterial Foaming Hand"",""SIMPLY RIGHT BODY CAREANTIBACTERIAL"",""ANTIBACTERIALMANDARIN AND GRAPEFRUIT"",""Clario Foaming Antibacterial Skin Cleanser"",""Clean and Refreshing Body WashSpring Fresh"",""Dalan Antibacterial Deodorant Ocean Breeze"",""Dalan Ocean Breeze Antibacterial Deodorant"",""Debmed Antimicrobial Body Wash and Shampoo"",""LE TECHNIQFOAMING ANTIBACTERIAL HAND"",""Personal Care Antibacterial Hand-Raspberry"",""Royal Antibacterial Raspberry Hand Cleanse"",""SBI-0206807.P001"",""Source Antibacterial Foaming Hand Original"",""TRICLOTREX-BANTIBACTERIAL (NEUTRAL)"",""XtraCare Antibacterial Hand CleanseOriginal"",""Antibacterial Body WashSpring Water 2 in 1"",""DB-358809"",""Dial Mountain Fresh Antibacterial Body Wash"",""Health Smart Antibacterial Sweet Pea Orchid"",""Husky 575 Foaming Antiseptic Hand Cleaner"",""Shopko Antibacterial Foaming Hand Sanitizer"",""SIMPLY RIGHT BODY CARESPARKLING MIST"",""Vanilla Cupcake Anti Bacterial Foaming Hand"",""ANTIBACTERIALLIGHT MOISTURIZERS REFILL"",""AURORAANTIBACTERIAL APPLE SUMMER BERRY"",""Caribbean Escape Anti Bacterial Foaming Hand"",""Dalan Antibacterial Deodorant Golden Tropics"",""Dalan Golden Tropics Antibacterial Deodorant"",""Dial Aloe Antibacterial Soapwith Moisturizer"",""Dial Tropical Escape Antibacterial Body Wash"",""Family DollarFoaming Antibacterial Hand Wash"",""Health Smart Antibacterial Lavender Chamomile"",""Instant Hand Sanitizing Spray with Aloe Vera"",""Jasmine Tea and Basil Antibacterial Hand Sp"",""NS00010282"",""Personal Care Antibacterial Hand-Fresh Melon"",""Prevail Lemongrass Scented Antibacterial Hand"",""Prevail White Tea Scented Antibacterial Hand"",""PROVON Medicated Ltion S oap with Triclosan"",""Publix Ultradish Detergent Green Apple Scent"",""T1872"",""WEGMANSANTIBACTERIAL WITH MOISTURIZERS"",""Antibacterial Hand Sp With Light Moisturizers"",""AURORAANTIBACTERIAL VANILLA BROWN SUGAR"",""Dalan Antibacterial Deodorant Spring Freshness"",""Dalan Spring Freshness Antibacterial Deodorant"",""Gold Antibacterial Hand Soap With Moisturizer"",""IMAGE ESSENTIALSANTIBACTERIAL HAND GOLD"",""Personal Care Antibacterial Foaming Hand Wash"",""Prevail Pomegranate Scented Antibacterial Hand"",""Royal Antibacterial Orange Berry Hand Cleanse"",""Royal Antibacterial Passion Plum Hand Cleanse"",""Soft Care Foam Select Antibacterial Triclosan"",""Antibacterial Foaming Hand Sp Cherry and Almond"",""Antibacterial Hand-Strawberry Pomegranate Scent"",""Aromafields Jasmine Scented Anti-bacterial Hand"",""D06226"",""D70549"",""Naturals Cucumber and MelonAnti Bacterial Hand"",""ORCHID BY H E BWHITE LAVENDER AND MINT"",""Personal Care Oil Free Foaming Facial Cleanser"",""Royal Antibacterial Tropical Fruit Hand Cleanse"",""S00100"",""Softone Luxury Foam Antibacterial Skin Cleanser"",""XtraCare Antibacterial Hand CleanseFresh Citrus"",""AB00698074_08"",""Antibacterial Foaming Hand Sp Cucumber and Melon"",""ANTIBACTERIAL HAND SOAPFOR SENSITIVE SKIN"",""Aromafields Lavender Scented Anti-bacterial Hand"",""Aromafields Plumeria Scented Anti-bacterial Hand"",""AURORAANTIBACTERIAL JAPANESE FLOWER GARDEN"",""Cardinal Health Antimicrobial Soap With Triclosan"",""Dalan Covex Antibacterial Deodorant Soft Hygiene"",""Dalan Therapy Antibacterial and Odor Neutralizer"",""Elf Milk and Honey Cleansing Anti-bacterial Hand"",""EN300-1272333"",""Gojo Antibacterial Foam Handwash Triclosan Liquid"",""Healing Waters Sweet Pea Antibacterial Hand Soap"",""LE TECHNIQMORNING MIST ANTIBACTERIAL HAND"",""Natural Extensions Antibacterial Liquid Hand Wash"",""Naturals Pomegranate and MangoAnti-Bacterial Hand"",""Pacific Anti-bacterial Hand Cleanse Kiwi Essence"",""RITE AID RENEWALANTIBACTERIAL CLEAR SPRING"",""Roccos Old School Tattoo BalmAnti Bacterial Wash"",""Signature Care Antibacterial Foaming Moisturizing"",""Triclosan, Antibiotic for Culture Media Use Only"",""A821950"",""Antibacterial Clean and SmoothGentle Skin Cleanser"",""ANTIBACTERIAL FOAMING HAND SPCLEAN AND MILD"",""Aromafields Tiger Lily Scented Anti-bacterial Hand"",""AURORAANTIBACTERIAL COCONUT TROPICAL ISLAND"",""CARE ONE Antibacterial Foaming Hand SoapGreen Tea"",""HILL COUNTRY ESSENTIALSLAVENDER AND JASMINE"",""Home 360 Ultra Dish Detergent Green Apple Scent"",""LE TECHNIQ ANTIBACTERIALVANILLA BROWN SUGAR"",""Medicated Soft N SureHealthcare Personnel Handwash"",""Natural Extensions Antibacterial Foaming Hand Wash"",""Q408646"",""Soft Care Neutra Germ Fragrance Free Antibacterial"",""Soft Care Neutra-germ Antibacterial Fragrance Free"",""XtraCare Antibacterial Hand CleanseMountain Spring"",""2-[2,4-bis(chloranyl)phenoxy]-5-chloranyl-phenol"",""Aeroscent Milk and Honey Antibacterial Moisturizing"",""Dalan Covex Antibacterial Deodorant Maximum Hygiene"",""Dial Clear and Refresh Antibacterial Hand SoapClear"",""Dial Spring Water Antibacterial Soapwith Moisturizer"",""Hand Wash Nettoyant Pour Les Mains Orange PekoeNone"",""Healing Waters Cucumber Mint Antibacterial Hand Soap"",""Healthy Accents Antibacterial Body WashSpring Fresh"",""Holiday EleganceFrosted GingerbreFrosted Gingerbread"",""Jasmine Rose Hand Wash Nettoyant Pour Les MainsNone"",""Q-201866"",""Signature Care Antibacterial Foaming Hand Pear Scent"",""Anti-Bacterial Moisturizing HandPumpkin Caramel Latte"",""ANTIBACTERIAL HAND SOAPWITH LIGHT MOISTURIZERS"",""ANTIBACTERIAL HSOAPFRESH AND LIGHT SCENT-REFILL"",""BRD-K41731458-001-04-5"",""Dial White Tea and Vitamin E Antibacterial Hand Soap"",""Fresh Picked Strawberries Anti Bacterial Foaming Hand"",""Island Spring Antibacterial Body Washwith Moisturizers"",""Our Family Dish and Antibacterial Citrus Burst Scent"",""Pacific Anti-bacterial Hand Cleanse Blueberry Essence"",""Pacific GardenAntimicrobial, Fragrance Free, Dye Free"",""Pacific GardenAntimicrobial, Pacific Citrus, Mandarin"",""PRICE CHOPPERPUMPKIN SPICE ANTIBACTERIAL FOAMING"",""Triclosan, certified reference material, TraceCERT(R)"",""CHINESE HERB ESSENCE BACTERIOSTATIC FOAMING AGENT"",""Dalan Antibacterial Deodorant Ocean Breeze Regenerating"",""Dial Complete Antibacterial Foaming Hand WashHello Kitty"",""Dial Country Orchard Antibacterial Soapwith Moisturizer"",""Dial Mountain Fresh Antibacterial Soapwith Moisturizers"",""F2173-0825"",""Foaming Antibacterial Hand Soap with Aloe and Vitamin E"",""Hand Wash Nettoyant Pour Les Mains Citrus CilantroNone"",""Hand Wash Nettoyant Pour Les Mains Plum GrapefruitNone"",""Hand Wash Nettoyant Pour Les Mains Vallina TuberoseNone"",""Healing Waters Mandarin Vanilla Antibacterial Hand Soap"",""Pier 1 Imports Lily Flower Anti-bacterial Hand WashN\/A"",""Pier 1 Imports Ocean Water Anti-bacterial Hand WashN\/A"",""Pier 1 Imports Sweet Cherry Anti-bacterial Hand WashN\/A"",""Pier 1 Imports Warm Vanilla Anti-bacterial Hand WashN\/A"",""XtraCare Antibacterial Hand CleanseStrawberry Pomegranate"",""All Day Freshness Antibacterial Body Wash With Moisturizer"",""Bodycology White Gardenia Anti-bacterial Foaming Hand Soap"",""Dial Lavender and Twilight Jasmine Antibacterial Body Wash"",""Pier 1 Imports Coconut Breeze Anti-bacterial Hand WashN\/A"",""Pier 1 Imports Cool Watermelon Anti-bacterial Hand WashN\/A"",""White Lavender and Mint Antibacterial Moisturizing Hand Sp"",""Bodycology Peppermint Sugar Anti-bacterial Scrubbing Hand Soap"",""Cactus Flower and Mango Antibacterial Deep Cleansing Hand Sp"",""Cactus Flower and Mango Antibacterial Gentle Foaming Hand Sp"",""Dial Pomeganate and Tangerine Antibacterial Soapwith Moisturizer"",""Ecosave Grapefruit and Lemongrass Soap Antibacterial Hand Soap"",""Ecosave Japanese Cherry Blossom Soap Antibacterial Hand Soap"",""enMotionAntimicrobial with Moisturizers, Tranquil Aloe, Green"",""Gojo Antibacterial Plum Scent Foam Handwash Triclosan Liquid"",""Pier 1 Imports Granny Smith Apple Anti-bacterial Hand WashN\/A"",""Royal Antibacterial (apple and Pear) Moisturizing Hand Cleanse"",""SPARKLING MISTANTIBACTERIAL CLEANSER WITH MOISTURIZERS"",""Triclosan, United States Pharmacopeia (USP) Reference Standard"",""White Lavendar and Mint Antibacterial Gentle Foaming Hand Sp"",""Bodycology Sparkling Cranberry Anti-bacterial Scrubbing Hand Soap"",""Dial Complete Antibacterial Foaming Hand WashWhite Tea and Vitamin E"",""enMotionAntimicrobial with Moisturizers, Fragrance free, dye free"",""HFS Antimicrobial Foam Hand So ap with Triclosan-Triclosan Liquid"",""Holiday EleganceFrosted GingerbreFrosted GingerbreFrosted Gingerbread"",""Holiday ElegancePeppermint Twist Peppermint TwistPeppermint Twist"",""IMAGE ESSENTIALSANTIBACTERIAL HAND MANDARIN AND GRAPEFRUIT"",""ORCHID BY H E BANTIBACTERIAL HAND WHITE LAVENDER AND MINT"",""Pier 1 Imports Citrus and Sunflowers Anti-bacterial Hand WashN\/A"",""Royal Antibacterial (coconut and Lime) Moisturizing Hand Cleanse"",""Vanilla Cream and Apple Blossom Antibacterial Moisturizing Hand Sp"",""Antibacterial Mandarin and Grapefruit HandsoapGentle Cleansing Formula"",""Kindest Kare Antimicrobial Foaming HandwashHealthcare Personnel Handwash"",""ORCHID BY H E BANTIBACTERIAL MOISTURIZING VANILLA AND APPLE BLOSSOM"",""Triclosan, Pharmaceutical Secondary Standard; Certified Reference Material"",""Dial Complete Antibacterial Foaming Hand Wash with LotionClean Citrus, Gentle on skin"",""Dial Complete Antibacterial Foaming Hand Wash with LotionCranberry with Antioxidants"",""Dial Complete Antibacterial Foaming Hand Wash with LotionFresh Pear with Lotion"",""Dial Complete Antibacterial Foaming Hand Wash with LotionIced Cranberry, Gentle on Skin"",""Dial Complete Antibacterial Foaming Hand Wash with LotionOriginal Scent, Gentle on skin"",""Dial Complete Antibacterial Foaming Hand Wash with LotionSoothing White Tea, Gentle on skin"",""Dial Complete Antibacterial Foaming Hand Washholiday line holiday lineholiday line"",""ORCHID BY H E BCACTUS FLOWER AND MANGO ANTIBACTERIAL GENTLE FOAMING HAND"",""Berkley Jensen Hypoallergenic Antibacterial Hand Soap SoapEnriched with Vitamin E and Aloe Vera Moisturizers"",""Dial Complete Antibacterial Foaming Hand Wash with LotionGentle on Skin, Frosted Pear with Lotion"",""Dial Complete Antibacterial Foaming Hand Washkitchen crisp limkitchen crisp limkitchen crisp lime"",""2,4,4\u2032-trichloro-2\u2032-hydroxydiphenyl ether""]",0,0,0,0,,,,,,,,,,,,,,,,,,,,,,,,,,,,,
7459,"2,6-dimethoxy-9-phenylphenalen-1-one","2,6-dimethoxy-9-phenyl-phenalen-1-one",COC1=CC2=C3C(=C(C4=CC=CC=C4)C=CC3=C(OC)C=C2)C1=O,"InChI=1S/C21H16O3/c1-23-17-11-8-14-12-18(24-2)21(22)20-15(9-10-16(17)19(14)20)13-6-4-3-5-7-13/h3-12H,1-2H3",RGAMWXVDURAYGK-UHFFFAOYSA-N,,CNP0326917.0,4.0,,0,,"[""CHEMBL3589054""]",0,0,0,0,,,,,,,,,,,,,,,,,,,,,,,,,,,,,
1301,Methyl brevifolincarboxylate,"methyl 7,8,9-trihydroxy-3,5-dioxo-1,2-dihydrocyclopenta[c]isochromene-1-carboxylate",COC(=O)C1CC(=O)C2=C1C1=C(O)C(O)=C(O)C=C1C(=O)O2,"InChI=1S/C14H10O8/c1-21-13(19)5-3-7(16)12-9(5)8-4(14(20)22-12)2-6(15)10(17)11(8)18/h2,5,15,17-18H,3H2,1H3",JNWDNAASYHRXMG-UHFFFAOYSA-N,,CNP0312795.0,4.0,,0,,"[""154702-76-8"",""CHEBI:66711"",""methyl 7,8,9-trihydroxy-3,5-dioxo-1,2-dihydrocyclopenta[c]isochromene-1-carboxylate"",""methylbrevifolin carboxylate"",""CHEMBL567076"",""DTXSID20935047"",""HY-N7647"",""BDBM50415047"",""AKOS040755436"",""CS-0134956"",""Q27135333"",""Methyl 7,8,9-trihydroxy-3,5-dioxo-1,2,3,5-tetrahydrobenzo[d]cyclopenta[b]pyran-1-carboxylate""]",0,1,1,0,,,,,,,,,,,,,,,,,,,,,,,,,,,,,
4808,nifedipine,"dimethyl 2,6-dimethyl-4-(2-nitrophenyl)-1,4-dihydropyridine-3,5-dicarboxylate",COC(=O)C1=C(C)NC(C)=C(C(=O)OC)C1C1=CC=CC=C1[N+](=O)[O-],"InChI=1S/C17H18N2O6/c1-9-13(16(20)24-3)15(14(10(2)18-9)17(21)25-4)11-7-5-6-8-12(11)19(22)23/h5-8,15,18H,1-4H3",HYIMSNHJOBLJNT-UHFFFAOYSA-N,,CNP0601416.0,5.0,,0,,"[""21829-25-4"",""Adalat"",""Procardia"",""Procardia XL"",""Adalat CC"",""Fenihidine"",""Citilat"",""Cordipin"",""Corinfar"",""Oxcord"",""Coracten"",""dimethyl 2,6-dimethyl-4-(2-nitrophenyl)-1,4-dihydropyridine-3,5-dicarboxylate"",""Afeditab CR"",""Bay-a-1040"",""Nifediac"",""Nifedipinum"",""Adapine"",""Nifedical"",""Afeditab"",""Cordafen"",""Cordaflex"",""Corynphar"",""Hexadilat"",""Introcar"",""Kordafen"",""Nifecard"",""Nifedipino"",""Nifedipres"",""Tibricol"",""Anifed"",""Glopir"",""Nifecor"",""Nifedin"",""Nifelat"",""Pidilat"",""Sepamit"",""Zenusin"",""Orix"",""Adipine XL"",""Adalat LA"",""BAY A 1040"",""1,4-Dihydro-2,6-dimethyl-4-(2-nitrophenyl)-3,5-pyridinedicarboxylic acid dimethyl ester"",""3,5-Pyridinedicarboxylic acid, 1,4-dihydro-2,6-dimethyl-4-(2-nitrophenyl)-, dimethyl ester"",""Nifedical XL"",""Nifedipine slow release"",""CCRIS 6074"",""CHEBI:7565"",""Nifedipinum [INN-Latin]"",""Nifedipino [INN-Spanish]"",""I9ZF7L6G2L"",""MFCD00057326"",""NSC-757242"",""DTXSID2025715"",""EINECS 244-598-3"",""CHEMBL193"",""UNII-I9ZF7L6G2L"",""BRN 0497773"",""Dimethyl 1,4-dihydro-2,6-dimethyl-4-(2'-nitrophenyl)-3,5-pyridinedicarboxylate"",""MLS000028521"",""DTXCID205715"",""BAY-a 1040"",""HSDB 7775"",""4-(2'-Nitrophenyl)-2,6-dimethyl-3,5-dicarbomethoxy-1,4-dihydropyridine"",""NCGC00015748-11"",""Chronadalate"",""Dignokonstant"",""Niphedipine"",""Adapress"",""Aldipin"",""Alfadal"",""Angipec"",""Aprical"",""Bonacid"",""Calcibloc"",""Calcigard"",""Calcilat"",""Cardifen"",""Cardilat"",""Cardionorm"",""Cordalat"",""Cordicant"",""Cordilan"",""Corotrend"",""Dilafed"",""Dipinkor"",""Duranifin"",""Ecodipi"",""Fenamon"",""Hadipin"",""Macorel"",""Megalat"",""Myogard"",""Nifedicor"",""Nifelan"",""Nificard"",""SMR000058291"",""Alonix"",""Anpine"",""Camont"",""Fedcor"",""Depin"",""Alat"",""Adalat Retard"",""CAS-21829-25-4"",""Fedcor Retard"",""Adalat Crono"",""Chronadalate LP"",""Adalat Oros"",""Ecodipin E"",""Apo-Nifed"",""Nifensar XL"",""Alonix S"",""Fenamon SR"",""Adalat CR"",""Adalat FT"",""Adalat LP"",""Adalat PA"",""NIFEDIPINE (MART.)"",""NIFEDIPINE [MART.]"",""Adalat GITS"",""4-(2'-Nitrophenyl)-2,6-dimethyl-1,4-dihydropyridin-3,5-dicarbonsaeuredimethylester"",""NIFEDIPINE (USP-RS)"",""NIFEDIPINE [USP-RS]"",""Adalat 5"",""5-22-04-00268 (Beilstein Handbook Reference)"",""Adalat 10"",""Adalat 20"",""Adalat GITS 30"",""NIFEDIPINE (EP MONOGRAPH)"",""NIFEDIPINE (USP IMPURITY)"",""Alpha-Nifedipine Retard"",""Emaberin"",""NIFEDIPINE [USP MONOGRAPH]"",""Dilcor"",""Aprical long"",""Slofedipine XL"",""Fortipine LA"",""Tensipine MR"",""2,6-Dimethyl-3,5-dicarbomethoxy-4-(2-nitrophenyl)-1,4-dihydropyridine"",""Adalat XL"",""Nifedipine (USAN:USP:INN:BAN:JAN)"",""Dimethyl 4-(2-nitrophenyl)-2,6-dimethyl-1,4-dihydropyridine-3,5-dicarboxylate"",""Procardia (TN)"",""193689-82-6"",""Adalat (TN)"",""Afeditab CR (TN)"",""SR-01000075332"",""nifedipina"",""BAYa1040"",""NifedipineER"",""NifedicalXLXL"",""Nifediac Cc"",""Nifedipine,(S)"",""BAY 1040"",""KB-1712P"",""Prestwick_357"",""Nifedipine (Adalat)"",""Spectrum_000979"",""Tocris-1075"",""NIFEDIPINE [MI]"",""NIFEDIPINE [JAN]"",""Opera_ID_1816"",""Prestwick0_000063"",""Spectrum2_001058"",""Spectrum3_000516"",""Spectrum4_000074"",""Spectrum5_001278"",""Lopac-N-7634"",""NIFEDIPINE [HSDB]"",""NIFEDIPINE [INCI]"",""NifedipineExtended Release"",""NIFEDIPINE [VANDF]"",""N 7634"",""cid_4485"",""SCHEMBL3968"",""NIFEDIPINE [WHO-DD]"",""NIFEDIPINE [WHO-IP]"",""BIDD:PXR0034"",""CBiol_001826"",""Lopac0_000819"",""Oprea1_788617"",""BSPBio_000245"",""BSPBio_001391"",""BSPBio_002071"",""KBioGR_000111"",""KBioGR_000627"",""KBioGR_002400"",""KBioSS_000111"",""KBioSS_001459"",""KBioSS_002405"",""MLS000758222"",""MLS001148146"",""MLS001401371"",""BIDD:GT0442"",""DivK1c_000313"",""SPECTRUM1500431"",""SPBio_001016"",""SPBio_002166"",""BPBio1_000271"",""GTPL2514"",""Nifedipine (JP17\/USP\/INN)"",""NIFEDIPINE [ORANGE BOOK]"",""BCBcMAP01_000046"",""HMS500P15"",""KBio1_000313"",""KBio2_000111"",""KBio2_001459"",""KBio2_002400"",""KBio2_002679"",""KBio2_004027"",""KBio2_004968"",""KBio2_005247"",""KBio2_006595"",""KBio2_007536"",""KBio3_000221"",""KBio3_001571"",""KBio3_002879"",""C08CA05"",""TN 873R"",""cMAP_000042"",""NINDS_000313"",""Bio1_000112"",""Bio1_000601"",""Bio1_001090"",""Bio2_000591"",""HMS1361F13"",""HMS1568M07"",""HMS1791F13"",""HMS1920P19"",""HMS1989F13"",""HMS2051O03"",""HMS2089H11"",""HMS2091H20"",""HMS2095M07"",""HMS2233B22"",""HMS3262D19"",""HMS3267G06"",""HMS3393O03"",""HMS3412E17"",""HMS3651M19"",""HMS3676E17"",""HMS3712M07"",""HMS3748O21"",""Pharmakon1600-01500431"",""NIFEDIPINUM [WHO-IP LATIN]"",""BCP21147"",""HY-B0284"",""L-Type Calcium Channel Blocker III"",""Tox21_110212"",""Tox21_200304"",""Tox21_500819"",""BBL023163"",""BDBM50000778"",""BDBM50101817"",""CCG-40115"",""HB1228"",""NSC786036"",""s1808"",""STK735567"",""AKOS002942507"",""AKOS037515769"",""Nifedipine - CAS 21829-25-4"",""Nifedipine, >=98% (HPLC), powder"",""AC-8061"",""CCG-100758"",""DB01115"",""KS-1456"",""LP00819"",""NC00008"",""SDCCGSBI-0050796.P005"",""IDI1_000313"",""IDI1_033861"",""Bay-1040;Bay 1040;Bay1040"",""NCGC00015748-02"",""NCGC00015748-33"",""NCGC00021710-02"",""NCGC00024983-01"",""NCGC00091707-01"",""NCGC00257858-01"",""NCGC00261504-01"",""BN166183"",""CPD000058291"",""PD003075"",""PD033039"",""SY074220"",""SBI-0050796.P004"",""EU-0100819"",""N0528"",""NS00002967"",""SW219724-1"",""BIM-0050796.0001"",""C07266"",""D00437"",""EN300-120627"",""Q39111"",""AB00052051-05"",""AB00052051_06"",""A899873"",""L001054"",""Q-201471"",""BRD-K96354014-001-01-3"",""Z90350374"",""F2173-0802"",""Nifedipine, British Pharmacopoeia (BP) Reference Standard"",""Nifedipine, European Pharmacopoeia (EP) Reference Standard"",""Nifedipine, United States Pharmacopeia (USP) Reference Standard"",""Nifedipine, Pharmaceutical Secondary Standard; Certified Reference Material"",""2,6-dimethyl-4-(2nitrophenyl)-1,4-dihydropyridine-3,5-dicarboxylic acid 3,5-dimethyl ester"",""101539-70-2"",""2,6-DIMETHYL-4-(2-NITROPHENYL)-1,4-DIHYDROPYRIDINE-3,5-DICARBOXYLIC ACID DIMETHYL ESTER"",""3,5-PYRIDINEDICARBOXYLIC ACID, 1,4-DIHYDRO-2,6-DIMETHYL-4-(O-NITROPHENYL)-, DIMETHYL ESTER"",""915092-63-6"",""procardia xl""]",0,0,0,0,,,,,,,,,,,,,,,,,,,,,,,,,,,,,
7708,Memantine,"(3~{R},5~{S})-3,5-dimethyladamantan-1-amine",C[C@]12C[C@@H]3C[C@](C)(C1)C[C@@](N)(C3)C2,"InChI=1S/C12H21N/c1-10-3-9-4-11(2,6-10)8-12(13,5-9)7-10/h9H,3-8,13H2,1-2H3/t9-,10+,11-,12-",BUGYDGFZZOZRHP-CDECOKDKSA-N,,CNP0342386.2,5.0,,0,,"[""Memantine""]",1,0,0,0,,,,,,,,,,,,,,,,,,,,,,,,,,,,,
1357,101511-34-6,methyl 4-hydroxy-3-(3-methylbut-2-enyl)benzoate,COC(=O)C1=CC=C(O)C(CC=C(C)C)=C1,"InChI=1S/C13H16O3/c1-9(2)4-5-10-8-11(13(15)16-3)6-7-12(10)14/h4,6-8,14H,5H2,1-3H3",VTTIBUAIXVAPKR-UHFFFAOYSA-N,,CNP0310558.0,5.0,,0,,"[""methyl 4-hydroxy-3-(3-methylbut-2-enyl)benzoate"",""Methyl 4-hydroxy-3-(3'-methyl-2'-butenyl)benzoate"",""CHEMBL463294"",""SCHEMBL10909155"",""DTXSID70143973"",""METHYL 4-HYDROXY-3-(3-METHYLBUT-2-EN-1-YL)BENZOATE"",""Benzoic acid, 4-hydroxy-3-(3-methyl-2-butenyl)-, methyl ester""]",0,0,0,0,,,,,,,,,,,,,,,,,,,,,,,,,,,,,
4441,,"[(1~{S},4~{a}~{R},8~{a}~{R})-1-[4-(diethylamino)phenyl]-4~{a}-hydroxy-1,3,4,5,6,7,8,8~{a}-octahydroisoquinolin-2-yl]-(9~{H}-xanthen-9-yl)methanone",CCN(CC)C1=CC=C([C@@H]2[C@H]3CCCC[C@@]3(O)CCN2C(=O)C2C3=CC=CC=C3OC3=CC=CC=C32)C=C1,"InChI=1S/C33H38N2O3/c1-3-34(4-2)24-18-16-23(17-19-24)31-27-13-9-10-20-33(27,37)21-22-35(31)32(36)30-25-11-5-7-14-28(25)38-29-15-8-6-12-26(29)30/h5-8,11-12,14-19,27,30-31,37H,3-4,9-10,13,20-22H2,1-2H3/t27-,31-,33-/m1/s1",,,CNP0229946.6,1.0,,0,,,1,0,0,0,,,,,,,,,,,,,,,,,,,,,,,,,,,,,
7294,,"[(1~{S},4~{a}~{R},8~{a}~{R})-1-[4-(diethylamino)phenyl]-4~{a}-hydroxy-1,3,4,5,6,7,8,8~{a}-octahydroisoquinolin-2-yl]-(9~{H}-xanthen-9-yl)methanone",CCN(CC)C1=CC=C([C@@H]2[C@H]3CCCC[C@@]3(O)CCN2C(=O)C2C3=CC=CC=C3OC3=CC=CC=C32)C=C1,"InChI=1S/C33H38N2O3/c1-3-34(4-2)24-18-16-23(17-19-24)31-27-13-9-10-20-33(27,37)21-22-35(31)32(36)30-25-11-5-7-14-28(25)38-29-15-8-6-12-26(29)30/h5-8,11-12,14-19,27,30-31,37H,3-4,9-10,13,20-22H2,1-2H3/t27-,31-,33-/m1/s1",,,CNP0229946.6,1.0,,0,,,1,0,0,0,,,,,,,,,,,,,,,,,,,,,,,,,,,,,
1362,"8-[(2S,3S,4S,5R,6S)-3,5-dihydroxy-6-(hydroxymethyl)-4-[(2R,3R,4R,5R)-3,4,5-trihydroxyoxan-2-yl]oxyoxan-2-yl]-5,7-dihydroxy-3-(4-hydroxyphenyl)chromen-4-one","8-[(2~{S},3~{S},4~{S},5~{R},6~{S})-3,5-dihydroxy-6-(hydroxymethyl)-4-[(2~{R},3~{R},4~{R},5~{R})-3,4,5-trihydroxytetrahydropyran-2-yl]oxy-tetrahydropyran-2-yl]-5,7-dihydroxy-3-(4-hydroxyphenyl)chromen-4-one",O=C1C(C2=CC=C(O)C=C2)=COC2=C([C@@H]3O[C@@H](CO)[C@@H](O)[C@@H](O[C@H]4OC[C@@H](O)[C@@H](O)[C@H]4O)[C@H]3O)C(O)=CC(O)=C12,"InChI=1S/C26H28O14/c27-6-15-20(34)25(40-26-21(35)19(33)14(31)8-38-26)22(36)24(39-15)17-13(30)5-12(29)16-18(32)11(7-37-23(16)17)9-1-3-10(28)4-2-9/h1-5,7,14-15,19-22,24-31,33-36H,6,8H2/t14-,15+,19-,20-,21-,22+,24+,25-,26-/m1/s1",RUULGHDZDIUGRT-VEYVBJSDSA-N,,CNP0143910.1,1.0,,0,,,1,0,0,0,,,,,,,,,,,,,,,,,,,,,,,,,,,,,
4318,,"~{N}'-[(1~{R})-4,5-dimethoxy-3-oxo-1~{H}-isobenzofuran-1-yl]pyridine-3-carbohydrazide",COC1=CC=C2C(=C1OC)C(=O)O[C@H]2NNC(=O)C1=CC=CN=C1,"InChI=1S/C16H15N3O5/c1-22-11-6-5-10-12(13(11)23-2)16(21)24-15(10)19-18-14(20)9-4-3-7-17-8-9/h3-8,15,19H,1-2H3,(H,18,20)/t15-/m1/s1",ITIXHUBBGAAYKD-OAHLLOKOSA-N,,CNP0367818.1,1.0,,0,,,1,0,0,0,,,,,,,,,,,,,,,,,,,,,,,,,,,,,
7465,,2-[3-[4-[(2-amino-4-pyridyl)methyl]-1-hydroxy-2-(1~{H}-pyrrol-2-ylmethyl)cyclopentyl]-1-hydroxy-propyl]-9-hydroxy-hexadecanoic acid,CCCCCCCC(O)CCCCCCC(C(=O)O)C(O)CCC1(O)CC(CC2=CC=NC(N)=C2)CC1CC1=CC=CN1,"InChI=1S/C35H57N3O5/c1-2-3-4-5-8-13-30(39)14-9-6-7-10-15-31(34(41)42)32(40)16-18-35(43)25-27(21-26-17-20-38-33(36)23-26)22-28(35)24-29-12-11-19-37-29/h11-12,17,19-20,23,27-28,30-32,37,39-40,43H,2-10,13-16,18,21-22,24-25H2,1H3,(H2,36,38)(H,41,42)",,,CNP0495007.0,1.0,,0,,,0,1,1,0,,,,,,,,,,,,,,,,,,,,,,,,,,,,,
1419,9-(4-methoxyphenyl)phenalen-1-one,9-(4-methoxyphenyl)phenalen-1-one,COC1=CC=C(C2=CC=C3C=CC=C4C=CC(=O)C2=C43)C=C1,"InChI=1S/C20H14O2/c1-22-16-9-5-13(6-10-16)17-11-7-14-3-2-4-15-8-12-18(21)20(17)19(14)15/h2-12H,1H3",ZGRXGTCQXRGSEI-UHFFFAOYSA-N,,CNP0079764.0,4.0,,0,,"[""65874-43-3"",""CHEMBL227445"",""DTXSID40373043"",""AKOS004902238""]",0,0,0,0,,,,,,,,,,,,,,,,,,,,,,,,,,,,,
4679,Fluphenazine dihydrochloride,2-[4-[3-[2-(trifluoromethyl)phenothiazin-10-yl]propyl]piperazin-1-yl]ethanol;dihydrochloride,Cl.Cl.OCCN1CCN(CCCN2C3=CC=CC=C3SC3=CC=C(C(F)(F)F)C=C32)CC1,"InChI=1S/C22H26F3N3OS.2ClH/c23-22(24,25)17-6-7-21-19(16-17)28(18-4-1-2-5-20(18)30-21)9-3-8-26-10-12-27(13-11-26)14-15-29;;/h1-2,4-7,16,29H,3,8-15H2;2*1H",MBHNWCYEGXQEIT-UHFFFAOYSA-N,,CNP0487688.0,,"[{""timestamp"":""2024-08-06 12:01:50"",""user_id"":11,""comment"":""Molecule removed due to being a multicomponent compound.""}]",0,,"[""Fluphenazine hydrochloride"",""146-56-5"",""Prolixin"",""Permitil"",""Anatensol"",""FLUPHENAZINE HCL"",""Tensofin"",""Moditen"",""Squibb 4918"",""Calmansial"",""Fluphenazine chloride"",""Dapotum"",""OMCA"",""Flufenazin"",""Lyorodin"",""Liogen"",""CCRIS 4032"",""UNII-ZOU145W1XL"",""EINECS 205-674-1"",""ZOU145W1XL"",""NSC 179197"",""1-(2-Hydroxyethyl)-4-(3-(2-trifluoromethyl-10-phenothiazinylpropyl)piperazine dihydrochloride"",""1-Piperazineethanol, 4-(3-(2-(trifluoromethyl)-10H-phenothiazin-10-yl)propyl)-, dihydrochloride"",""DTXSID00892922"",""Fluphenazine.2HCl"",""4-(3-(2-(Trifluoromethyl)phenothiazin-10-yl)propyl)-1-piperazineethanol dihydrochloride"",""Trancin"",""A 4077"",""Fluphenazine hydrochloride [USP:BAN:JAN]"",""Permitil hydrochloride"",""10-(3-(4-(2-Hydroxyethyl)piperazinyl)propyl)-2-trifluoromethylphenothiazine dihydrochloride"",""Fluphenazine DiHCl"",""FLUPHENAZINE HYDROCHLORIDE (MART.)"",""FLUPHENAZINE HYDROCHLORIDE (USP-RS)"",""NSC 62323"",""FLUPHENAZINE HYDROCHLORIDE (USP IMPURITY)"",""FLUPHENAZINE HYDROCHLORIDE (USP MONOGRAPH)"",""SR-01000003048"",""Siqualone"",""Prolixin (TN)"",""Prestwick_225"",""Hydrochloride, Fluphenazine"",""SCHEMBL41634"",""SPECTRUM1500994"",""CHEBI:5126"",""FLUFENAZINE HYDROCHLORIDE"",""CHEMBL1448187"",""DTXCID401284964"",""HMS1568P22"",""HMS1921O14"",""BCP18079"",""HY-A0081"",""Tox21_500555"",""MFCD00055212"",""s4569"",""Fluphenazine hydrochloride (JAN\/USP)"",""AKOS015960787"",""CCG-212902"",""CS-4290"",""LP00555"",""2-[4-[3-[2-(trifluoromethyl)phenothiazin-10-yl]propyl]piperazin-1-yl]ethanol;dihydrochloride"",""FLUPHENAZINE HYDROCHLORIDE [JAN]"",""Fluphenazine.2HCl, 1mg\/ml in Methanol"",""FLUPHENAZINE DIHYDROCHLORIDE [MI]"",""NCGC00093941-01"",""NCGC00261240-01"",""AC-12201"",""BS-15804"",""S4569 Fluphenazine (dihydrochloride).cd"",""FLUPHENAZINE HYDROCHLORIDE [WHO-DD]"",""EU-0100555"",""F1240"",""NS00079264"",""C72785"",""D00791"",""F 4765"",""FLUPHENAZINE HYDROCHLORIDE [ORANGE BOOK]"",""FLUPHENAZINI HYDROCHLORIDUM [WHO-IP LATIN]"",""W-108125"",""Q27295826"",""Z1592690505"",""Fluphenazine Dihydrochloride 1.0 mg\/ml in Methanol (as free base)"",""Fluphenazine dihydrochloride, European Pharmacopoeia (EP) Reference Standard"",""Fluphenazine Hydrochloride, Pharmaceutical Secondary Standard; Certified Reference Material"",""Fluphenazine hydrochloride, United States Pharmacopeia (USP) Reference Standard"",""2-(4-(3-(2-(trifluoromethyl)-10H-phenothiazin-10-yl)propyl)piperazin-1-yl)ethan-1-ol dihydrochloride""]",0,0,0,0,,,,,,,,,,,,,,,,,,,,,,,,,,,,,
7541,Marinoquinoline J,"5-methylpyrrolo[2,3-c]quinoline",CN1C=C2N=CC=C2C2=CC=CC=C21,"InChI=1S/C12H10N2/c1-14-8-11-9(6-7-13-11)10-4-2-3-5-12(10)14/h2-8H,1H3",QNMJVZJCKXNKJL-UHFFFAOYSA-N,,CNP0568340.0,3.0,,0,,"[""CHEMBL593018"",""5-methylpyrrolo[2,3-c]quinoline"",""CHEBI:218953"",""Marinoquinoline J""]",0,0,0,0,,,,,,,,,,,,,,,,,,,,,,,,,,,,,
1482,Dihydropiplartine,"1-[3-(3,4,5-trimethoxyphenyl)propanoyl]-2,3-dihydropyridin-6-one",COC1=CC(CCC(=O)N2CCC=CC2=O)=CC(OC)=C1OC,"InChI=1S/C17H21NO5/c1-21-13-10-12(11-14(22-2)17(13)23-3)7-8-16(20)18-9-5-4-6-15(18)19/h4,6,10-11H,5,7-9H2,1-3H3",WAGZSQGCUXDBOA-UHFFFAOYSA-N,,CNP0303709.0,5.0,,0,,"[""8,9-DIHYDROPIPLARTINE"",""1-[3-(3,4,5-trimethoxyphenyl)propanoyl]-2,3-dihydropyridin-6-one"",""1-(3-(3,4,5-Trimethoxyphenyl)propanoyl)-5,6-dihydropyridin-2(1H)-one"",""137760-69-1"",""CHEMBL2260448"",""SCHEMBL15422095"",""ACon1_001503"",""BRD1177"",""CHEBI:182635"",""WAGZSQGCUXDBOA-UHFFFAOYSA-N"",""BRD-K26531177"",""NCGC00180438-01"",""BRD-K26531177-001-01-4"",""1-[3-(3,4,5-Trimethoxyphenyl)propanoyl]-5,6-dihydro-2(1H)-pyridinone #"",""Propan-1-one, 3-(3,4,5-trimethoxyphenyl)-1-(2,3-dihydropyridin-5(1H)-one-1-yl)-"",""89-dihydropiplartine, N-(121314-trimethoxydihydrocinnamoyl)-\u221a\u00e9\u201a\u00c4\u00f93-pyridin-2-one""]",0,0,0,0,,,,,,,,,,,,,,,,,,,,,,,,,,,,,
4743,"(2s)-2-(2,4-dichlorophenoxy)propanoic acid","(2~{S})-2-(2,4-dichlorophenoxy)propanoic acid",C[C@H](OC1=CC=C(Cl)C=C1Cl)C(=O)O,"InChI=1S/C9H8Cl2O3/c1-5(9(12)13)14-8-3-2-6(10)4-7(8)11/h2-5H,1H3,(H,12,13)/t5-/m0/s1",MZHCENGPTKEIGP-YFKPBYRVSA-N,,CNP0045049.1,3.0,,0,,"[""15165-69-2"",""(S)-Dichlorprop"",""(-)-dichlorprop"",""Dichlorprop, (-)-"",""(S)-2-(2,4-Dichlorophenoxy)propanoic acid"",""P7O13FFA3V"",""CHEBI:75374"",""(S)-(-)-2-(2,4-dichlorophenoxy)propionic acid"",""Propanoic acid, 2-(2,4-dichlorophenoxy)-, (2S)-"",""(S)-(2,4-dichlorophenoxy)propanoate"",""UNII-P7O13FFA3V"",""(S)-DCPP"",""(S)-(-)-dichlorprop"",""S-(-)-DICHLORPROP"",""SCHEMBL1535831"",""CHEMBL2252702"",""DTXSID00164838"",""MFCD17214572"",""AKOS030741420"",""AT13815"",""(-)-2,4-DP"",""C20687"",""EN300-222144"",""Q27145259"",""Z1269114363"",""PROPIONIC ACID, 2-(2,4-DICHLOROPHENOXY)-, (-)-"",""dichlorprop""]",1,0,0,0,,,,,,,,,,,,,,,,,,,,,,,,,,,,,
7644,,3-oxooctyl 4-hydroxybenzoate,CCCCCC(=O)CCOC(=O)C1=CC=C(O)C=C1,"InChI=1S/C15H20O4/c1-2-3-4-5-13(16)10-11-19-15(18)12-6-8-14(17)9-7-12/h6-9,17H,2-5,10-11H2,1H3",SOUQDMLFGLETOV-UHFFFAOYSA-N,,CNP0142052.0,1.0,,0,,,0,0,0,0,,,,,,,,,,,,,,,,,,,,,,,,,,,,,
1596,taurine,2-aminoethanesulfonic acid,NCCS(=O)(=O)O,"InChI=1S/C2H7NO3S/c3-1-2-7(4,5)6/h1-3H2,(H,4,5,6)",XOAAWQZATWQOTB-UHFFFAOYSA-N,,CNP0178735.0,5.0,,0,,"[""2-aminoethanesulfonic acid"",""107-35-7"",""Ethanesulfonic acid, 2-amino-"",""tauphon"",""L-Taurine"",""2-Aminoethylsulfonic acid"",""2-Sulfoethylamine"",""O-Due"",""taufon"",""FEMA No. 3813"",""Taurinum [Latin]"",""Taurina [Spanish]"",""Taurine [INN]"",""Taurina"",""Taurinum"",""C2H7NO3S"",""CCRIS 4721"",""NCI-C60606"",""AI3-18307"",""Taurineold"",""Taukard"",""UNII-1EQV5MLY3D"",""1EQV5MLY3D"",""EINECS 203-483-8"",""NSC 32428"",""NSC-32428"",""1-Aminoethane-2-sulfonic acid"",""DTXSID3021304"",""CHEBI:15891"",""2-aminoethyl sulfonate"",""HSDB 8167"",""MFCD00008197"",""Taurine [USP:INN:BAN]"","".beta.-Aminoethylsulfonic acid"",""DTXCID301304"",""EC 203-483-8"",""Taurinum (Latin)"",""NCGC00015997-06"",""TAURINE (MART.)"",""TAURINE [MART.]"",""TAURINE (USP-RS)"",""TAURINE [USP-RS]"",""Aminoethylsulfonic acid (JAN)"",""TAURINE (USP MONOGRAPH)"",""AMINOETHYLSULFONIC ACID [JAN]"",""CAS-107-35-7"",""SMR000326743"",""SR-01000076144"",""Taurate"",""Aminoethylsulfonate"",""Taurine,(S)"",""Taurine (TN)"",""Taurine (8CI)"",""beta-Aminoethylsulfonate"",""Tocris-0209"",""TAURINE [VANDF]"",""TAURINE [FHFI]"",""TAURINE [INCI]"",""Taurine, >=99%"",""TAURINE [JAN]"",""TAURINE [MI]"",""Lopac-T-0625"",""TAURINE [WHO-DD]"",""WLN: Z2SWQ"",""1-Aminoethane-2-sulfonate"",""bmse000120"",""bmse000805"",""bmse000863"",""Lopac0_001134"",""SCHEMBL23068"",""Taurine, >=98%, FG"",""MLS000859681"",""MLS001332383"",""Taurine (JP17\/USP\/INN)"",""CHEMBL239243"",""GTPL2379"",""Taurine, >=99.0% (T)"",""HMS2093L13"",""HMS2233D19"",""HMS3263D09"",""HMS3370J18"",""Pharmakon1600-01505463"",""HY-B0351"",""RKL10149"",""taurine; 2-aminoethanesulfonic acid"",""Tox21_110277"",""Tox21_202520"",""Tox21_501134"",""BDBM50357220"",""HB2658"",""NSC759150"",""s2008"",""STL197941"",""AKOS005208848"",""CCG-205208"",""DB01956"",""LP01134"",""SDCCGSBI-0051101.P003"",""Taurine, BioUltra, >=99.5% (T)"",""Taurine, SAJ first grade, >=98.5%"",""NCGC00024497-01"",""NCGC00260069-01"",""NCGC00261819-01"",""AS-13587"",""NCI60_002814"",""SBI-0051101.P002"",""Taurine, Vetec(TM) reagent grade, >=99%"",""A0295"",""AM20080018"",""EU-0101134"",""NS00009343"",""EN300-28228"",""C00245"",""D00047"",""D78121"",""T 0625"",""AB00443712-07"",""AB00443712_09"",""Q207051"",""J-508042"",""Taurine, certified reference material, TraceCERT(R)"",""F2191-0280"",""Z248489432"",""Taurine, cell culture tested, meets USP testing specifications"",""Taurine, United States Pharmacopeia (USP) Reference Standard"",""Taurine, Pharmaceutical Secondary Standard; Certified Reference Material"",""Taurine""]",0,0,1,0,,,,,,,,,,,,,,,,,,,,,,,,,,,,,
4857,3-methoxy-4-hydroxybibenzyl,2-methoxy-4-(2-phenylethyl)phenol,COC1=CC(CCC2=CC=CC=C2)=CC=C1O,"InChI=1S/C15H16O2/c1-17-15-11-13(9-10-14(15)16)8-7-12-5-3-2-4-6-12/h2-6,9-11,16H,7-8H2,1H3",MYGRKYSLUYYRKG-UHFFFAOYSA-N,,CNP0308118.0,3.0,,0,,"[""SCHEMBL16355871"",""4-Hydroxy-3-methoxybibenzyl""]",0,0,0,0,,,,,,,,,,,,,,,,,,,,,,,,,,,,,
7903,,"[(1~{S},4~{a}~{R},8~{a}~{R})-1-[4-(diethylamino)phenyl]-4~{a}-hydroxy-1,3,4,5,6,7,8,8~{a}-octahydroisoquinolin-2-yl]-(9~{H}-xanthen-9-yl)methanone",CCN(CC)C1=CC=C([C@@H]2[C@H]3CCCC[C@@]3(O)CCN2C(=O)C2C3=CC=CC=C3OC3=CC=CC=C32)C=C1,"InChI=1S/C33H38N2O3/c1-3-34(4-2)24-18-16-23(17-19-24)31-27-13-9-10-20-33(27,37)21-22-35(31)32(36)30-25-11-5-7-14-28(25)38-29-15-8-6-12-26(29)30/h5-8,11-12,14-19,27,30-31,37H,3-4,9-10,13,20-22H2,1-2H3/t27-,31-,33-/m1/s1",,,CNP0229946.6,1.0,,0,,,1,0,0,0,,,,,,,,,,,,,,,,,,,,,,,,,,,,,
1603,Stenocarpoquinone A,"(3~{R})-3-hydroxy-2,2-dimethyl-3,4-dihydrobenzo[h]chromene-5,6-dione",CC1(C)OC2=C(C[C@H]1O)C(=O)C(=O)C1=CC=CC=C21,"InChI=1S/C15H14O4/c1-15(2)11(16)7-10-13(18)12(17)8-5-3-4-6-9(8)14(10)19-15/h3-6,11,16H,7H2,1-2H3/t11-/m1/s1",MFHPSBRWDZUZHF-LLVKDONJSA-N,,CNP0209313.1,2.0,,0,,"[""Sentocarpoquinone A"",""MFHPSBRWDZUZHF-LLVKDONJSA-N"",""2H-Naphtho[1,2-b]pyran-5,6-dione, 3,4-dihydro-3-hydroxy-2,2-dimethyl-, (R)-"",""3-Hydroxy-2,2-dimethyl-3,4-dihydro-2H-benzo[h]chromene-5,6-dione #""]",1,0,0,0,,,,,,,,,,,,,,,,,,,,,,,,,,,,,
4992,,"4-methoxy-2-methyl-1,2,3,4-tetrahydroquinoline-8-carboxylic acid",COC1CC(C)NC2=C(C(=O)O)C=CC=C21,"InChI=1S/C12H15NO3/c1-7-6-10(16-2)8-4-3-5-9(12(14)15)11(8)13-7/h3-5,7,10,13H,6H2,1-2H3,(H,14,15)",,,CNP0253794.0,3.0,,0,,"[""SCHEMBL17866733"",""4-methoxy-2-methyl-1,2,3,4-tetrahydroquinoline-8-carboxylic acid""]",0,1,1,0,,,,,,,,,,,,,,,,,,,,,,,,,,,,,
8039,,"2-[13-(3,3-dimethyloxiran-2-yl)-3,7,11-trimethyl-trideca-2,6,10-trienyl]-6-methyl-benzene-1,4-diol",CC(=CCCC(C)=CCC1=CC(O)=CC(C)=C1O)CCC=C(C)CCC1OC1(C)C,"InChI=1S/C27H40O3/c1-19(10-8-12-21(3)14-16-25-27(5,6)30-25)9-7-11-20(2)13-15-23-18-24(28)17-22(4)26(23)29/h9,12-13,17-18,25,28-29H,7-8,10-11,14-16H2,1-6H3",SIBISCWFRPVYIR-UHFFFAOYSA-N,,CNP0434012.0,5.0,,0,,"[""No Data""]",0,0,1,0,,,,,,,,,,,,,,,,,,,,,,,,,,,,,
1775,,~{N}-[[4-[(6-fluoro-1~{H}-benzimidazol-2-yl)methyl]-6-isopropyl-3-methyl-cyclohex-2-en-1-yl]methyl]pyridine-3-carboxamide,CC1=CC(CNC(=O)C2=CC=CN=C2)C(C(C)C)CC1CC1=NC2=CC=C(F)C=C2N1,"InChI=1S/C25H29FN4O/c1-15(2)21-10-18(11-24-29-22-7-6-20(26)12-23(22)30-24)16(3)9-19(21)14-28-25(31)17-5-4-8-27-13-17/h4-9,12-13,15,18-19,21H,10-11,14H2,1-3H3,(H,28,31)(H,29,30)",IXNUKSAZRICLSL-UHFFFAOYSA-N,,CNP0403244.0,1.0,"[{""timestamp"":""2024-08-06 12:01:50"",""user_id"":11,""comment"":""Over 50 years have passed since the first fluorinated natural product was identified (https://doi.org/10.1016/S0022-1139(99)00201-8). During this time, only around a dozen fluorinated natural products have been isolated, with the most recent discovery occurring over a decade ago. Although there is limited knowledge about the biological fluorination mechanism, progress has been made in understanding the biosynthesis pathway of fluoroacetate and 4-fluorothreonine in Streptomyces cattleya. Prior to 1999, only six discrete fluorinated natural products had been isolated.""}]",0,,,0,1,1,0,,,,,,,,,,,,,,,,,,,,,,,,,,,,,
5076,myricetin,"3,5,7-trihydroxy-2-(3,4,5-trihydroxyphenyl)chromen-4-one",O=C1C(O)=C(C2=CC(O)=C(O)C(O)=C2)OC2=CC(O)=CC(O)=C12,"InChI=1S/C15H10O8/c16-6-3-7(17)11-10(4-6)23-15(14(22)13(11)21)5-1-8(18)12(20)9(19)2-5/h1-4,16-20,22H",IKMDFBPHZNJCSN-UHFFFAOYSA-N,,CNP0105429.0,5.0,,0,,"[""529-44-2"",""Cannabiscetin"",""Myricetol"",""Myricitin"",""3,5,7-Trihydroxy-2-(3,4,5-trihydroxyphenyl)-4H-chromen-4-one"",""3,3',4',5,5',7-Hexahydroxyflavone"",""3,5,7,3',4',5'-Hexahydroxyflavone"",""delphidenolon 1575"",""3,5,7-Trihydroxy-2-(3,4,5-trihydroxyphenyl)-4H-1-benzopyran-4-one"",""CCRIS 5838"",""NSC 407290"",""4H-1-Benzopyran-4-one, 3,5,7-trihydroxy-2-(3,4,5-trihydroxyphenyl)-"",""UNII-76XC01FTOJ"",""EINECS 208-463-2"",""76XC01FTOJ"",""3,3',4,4',5',7-Hexahydro-2-phenyl-4H-chromen-4-one"",""BRN 0332331"",""CHEBI:18152"",""HSDB 7682"",""MFCD00006827"",""CHEMBL164"",""FLAVONE, 3,3',4',5,5',7-HEXAHYDROXY-"",""Myricetin from Myrica cerifera leaf and bark"",""SMR001233193"",""SR-01000076005"",""Myrc"",""4gqr"",""C15H10O8"",""Prestwick_342"",""Spectrum_001501"",""SpecPlus_000531"",""MYRICETIN [MI]"",""MYRICETIN [HSDB]"",""MYRICETIN [INCI]"",""Prestwick0_000465"",""Spectrum4_001272"",""Spectrum5_000692"",""Lopac-M-6760"",""Myricetin (Cannabiscetin)"",""BIDD:PXR0079"",""Lopac0_000740"",""SCHEMBL19302"",""BSPBio_000570"",""KBioGR_001884"",""KBioSS_001981"",""MLS002153825"",""MLS006010718"",""BIDD:ER0142"",""DivK1c_006627"",""Myricetin, analytical standard"",""SPBio_002509"",""BPBio1_000628"",""MEGxp0_000357"",""DTXSID8022400"",""ACon1_000267"",""BDBM15236"",""cid_5281672"",""GTPL13074"",""KBio1_001571"",""KBio2_001981"",""KBio2_004549"",""KBio2_007117"",""2o63"",""REGID_for_CID_5281672"",""HMS1569M12"",""HMS2096M12"",""HMS2231L04"",""HMS3262C22"",""HMS3656I05"",""Myricetin - CAS 529-44-2"",""BCP28295"",""Myricetin, >=96.0% (HPLC)"",""Myricetin, >=96.0%, crystalline"",""TNP00286"",""Tox21_500740"",""HB0434"",""LMPK12110001"",""s2326"",""STL284709"",""AKOS015903103"",""AC-4533"",""CCG-204825"",""CS-6221"",""DB02375"",""KS-5268"",""LP00740"",""SDCCGSBI-0050718.P003"",""3,3',4',5,5',7-hexOH-Flavone"",""Flavone,3',4',5,5',7-hexahydroxy-"",""NCGC00015697-01"",""NCGC00015697-25"",""NCGC00094083-01"",""NCGC00179517-01"",""NCGC00261425-01"",""CAS-529-44-2"",""HY-15097"",""NCI60_003870"",""SY051702"",""EU-0100740"",""M2131"",""NS00014642"",""SW196616-2"",""M 6760"",""S00115"",""3,3',4',5,5',7-hexahydroxy-(8CI)- flavone"",""A829320"",""Q951449"",""C07E0ED2-ABF6-4BD3-A2B2-A98CAEF20FD1"",""Myricetin, primary pharmaceutical reference standard"",""Q-100601"",""BRD-K43149758-001-04-5"",""3,3&prime;,4&prime;,5,5&prime;,7-Hexahydroxyflavone"",""Cannabiscetin; HSDB 7682; HSDB7682; HSDB-7682"",""3,4,5-trihydroxy-2-(3,4,5-trihydroxyphenyl)chromen-7-one"",""Myricetin"",""Myricetin 3-digalactoside"",""Ebenaceae"",""myricetin""]",0,0,0,0,,,,,,,,,,,,,,,,,,,,,,,,,,,,,
8040,"Methyl 3,5-dihydroxybenzoate","methyl 3,5-dihydroxybenzoate",COC(=O)C1=CC(O)=CC(O)=C1,"InChI=1S/C8H8O4/c1-12-8(11)5-2-6(9)4-7(10)3-5/h2-4,9-10H,1H3",RNVFYQUEEMZKLR-UHFFFAOYSA-N,,CNP0192698.0,3.0,,0,,"[""2150-44-9"",""3,5-Dihydroxybenzoic acid methyl ester"",""Benzoic acid, 3,5-dihydroxy-, methyl ester"",""methyl3,5-dihydroxybenzoate"",""Methyl .alpha.-resorcylate"",""MFCD00002289"","".alpha.-Resorcylic acid, methyl ester"",""41U1BRD8AX"",""CHEMBL486218"",""alpha-Resorcinol carboxylic acid methyl ester"",""NSC 61082"",""NSC-61082"",""UNII-41U1BRD8AX"",""SCHEMBL38869"",""DTXSID6062208"",""alpha-Resorcylic Acid Methyl Ester"",""AMY30290"",""EINECS 218-426-2"",""BDBM50428392"",""Methyl 3,5-dihydroxybenzoate, 97%"",""METHYL-3,5-DIHYDROXYBENZOATE"",""AKOS000120618"",""CS-W019992"",""PS-4371"",""AC-14419"",""HY-34580"",""SY001681"",""DB-045601"",""NS00026883"",""EN300-21069"",""A815428"",""AN-651\/43112578"",""W-107549"",""F3308-4032"",""Z104487920"",""3,5-dihydroxy-2-methyl-benzoate;Methyl 3,5-Dihydroxybenzoate""]",0,0,0,0,,,,,,,,,,,,,,,,,,,,,,,,,,,,,
1902,Lersivirine,"5-[3,5-diethyl-1-(2-hydroxyethyl)pyrazol-4-yl]oxybenzene-1,3-dicarbonitrile",CCC1=NN(CCO)C(CC)=C1OC1=CC(C#N)=CC(C#N)=C1,"InChI=1S/C17H18N4O2/c1-3-15-17(16(4-2)21(20-15)5-6-22)23-14-8-12(10-18)7-13(9-14)11-19/h7-9,22H,3-6H2,1-2H3",MCPUZZJBAHRIPO-UHFFFAOYSA-N,,CNP0480252.0,3.0,,0,,"[""473921-12-9"",""UK-453061"",""3-CYANO-5-[[3,5-DIETHYL-1-(2-HYDROXYETHYL)-1H-PYRAZOL-4-YL]OXY]BENZONITRILE"",""5-((3,5-diethyl-1-(2-hydroxyethyl)-1H-pyrazol-4-yl)oxy)isophthalonitrile"",""LersivirineUK 453061"",""R3ZGC15A9A"",""5-[3,5-diethyl-1-(2-hydroxyethyl)pyrazol-4-yl]oxybenzene-1,3-dicarbonitrile"",""1,3-Benzenedicarbonitrile, 5-((3,5-diethyl-1-(2-hydroxyethyl)-1H-pyrazol-4-yl)oxy)-"",""5-{[3,5-Diethyl-1-(2-Hydroxyethyl)-1h-Pyrazol-4-Yl]oxy}benzene-1,3-Dicarbonitrile"",""ZZE"",""Lersivirine [USAN]"",""UNII-R3ZGC15A9A"",""2won"",""LERSIVIRINE [INN]"",""Lersivirine (USAN\/INN)"",""UK 453,061"",""LERSIVIRINE [WHO-DD]"",""SCHEMBL508446"",""Lersivirine (UK-453061)"",""CHEMBL571987"",""DTXSID0057881"",""EX-A165"",""CHEBI:177465"",""BCP08443"",""BDBM50483552"",""MFCD16619314"",""s8055"",""AKOS030526818"",""CS-1191"",""DB11649"",""SB17095"",""NCGC00378968-01"",""BS-17083"",""DA-42388"",""HY-14267"",""NS00068778"",""D09634"",""A872162"",""Q27287760""]",0,0,0,0,,,,,,,,,,,,,,,,,,,,,,,,,,,,,
5113,,"[(1~{S},4~{a}~{R},8~{a}~{R})-1-[4-(diethylamino)phenyl]-4~{a}-hydroxy-1,3,4,5,6,7,8,8~{a}-octahydroisoquinolin-2-yl]-(9~{H}-xanthen-9-yl)methanone",CCN(CC)C1=CC=C([C@@H]2[C@H]3CCCC[C@@]3(O)CCN2C(=O)C2C3=CC=CC=C3OC3=CC=CC=C32)C=C1,"InChI=1S/C33H38N2O3/c1-3-34(4-2)24-18-16-23(17-19-24)31-27-13-9-10-20-33(27,37)21-22-35(31)32(36)30-25-11-5-7-14-28(25)38-29-15-8-6-12-26(29)30/h5-8,11-12,14-19,27,30-31,37H,3-4,9-10,13,20-22H2,1-2H3/t27-,31-,33-/m1/s1",,,CNP0229946.6,1.0,,0,,,1,0,0,0,,,,,,,,,,,,,,,,,,,,,,,,,,,,,
7741,1-[phenyl-(4-phenylphenyl)methyl]imidazole,1-[phenyl-(4-phenylphenyl)methyl]imidazole,C1=CN(C(C2=CC=CC=C2)C2=CC=C(C3=CC=CC=C3)C=C2)C=[N+]1,"InChI=1S/C22H18N2/c1-3-7-18(8-4-1)19-11-13-21(14-12-19)22(24-16-15-23-17-24)20-9-5-2-6-10-20/h1-17,22H/q+1",CJHKKKFUVWUTSU-UHFFFAOYSA-N,,CNP0547120.0,1.0,,0,,,0,1,1,0,,,,,,,,,,,,,,,,,,,,,,,,,,,,,
2087,,"[(1~{S},4~{a}~{R},8~{a}~{R})-1-[4-(diethylamino)phenyl]-4~{a}-hydroxy-1,3,4,5,6,7,8,8~{a}-octahydroisoquinolin-2-yl]-(9~{H}-xanthen-9-yl)methanone",CCN(CC)C1=CC=C([C@@H]2[C@H]3CCCC[C@@]3(O)CCN2C(=O)C2C3=CC=CC=C3OC3=CC=CC=C32)C=C1,"InChI=1S/C33H38N2O3/c1-3-34(4-2)24-18-16-23(17-19-24)31-27-13-9-10-20-33(27,37)21-22-35(31)32(36)30-25-11-5-7-14-28(25)38-29-15-8-6-12-26(29)30/h5-8,11-12,14-19,27,30-31,37H,3-4,9-10,13,20-22H2,1-2H3/t27-,31-,33-/m1/s1",,,CNP0229946.6,1.0,,0,,,1,0,0,0,,,,,,,,,,,,,,,,,,,,,,,,,,,,,
5334,Umuhengerin,"5-hydroxy-6,7-dimethoxy-2-(3,4,5-trimethoxyphenyl)chromen-4-one",COC1=CC(C2=CC(=O)C3=C(O)C(OC)=C(OC)C=C3O2)=CC(OC)=C1OC,"InChI=1S/C20H20O8/c1-23-14-6-10(7-15(24-2)19(14)26-4)12-8-11(21)17-13(28-12)9-16(25-3)20(27-5)18(17)22/h6-9,22H,1-5H3",QULPQWKDDOBIOC-UHFFFAOYSA-N,,CNP0305593.0,5.0,,0,,"[""29215-55-2"",""5-Hydroxy-3',4',5',6,7-pentamethoxyflavone"",""5-hydroxy-6,7-dimethoxy-2-(3,4,5-trimethoxyphenyl)chromen-4-one"",""FV67777M5Z"",""4H-1-Benzopyran-4-one, 5-hydroxy-6,7-dimethoxy-2-(3,4,5-trimethoxyphenyl)-"",""UNII-FV67777M5Z"",""GRADENIN A"",""CHEMBL485823"",""SCHEMBL16894613"",""DTXSID70183475"",""HY-N11127"",""LMPK12111275"",""CS-0639001"",""Q27278224"",""FLAVONE, 5-HYDROXY-3',4',5',6,7-PENTAMETHOXY-"",""5-hydroxy-6,7,3',4',5'-pentamethoxyflavone"",""Umuhengerin""]",0,0,0,0,,,,,,,,,,,,,,,,,,,,,,,,,,,,,
8397,Nervogenic acid,"4-hydroxy-3,5-bis(3-methylbut-2-enyl)benzoic acid",CC(C)=CCC1=CC(C(=O)O)=CC(CC=C(C)C)=C1O,"InChI=1S/C17H22O3/c1-11(2)5-7-13-9-15(17(19)20)10-14(16(13)18)8-6-12(3)4/h5-6,9-10,18H,7-8H2,1-4H3,(H,19,20)",LSVOBJIOONAGLU-UHFFFAOYSA-N,,CNP0151287.0,4.0,,0,,"[""17622-86-5"",""4-hydroxy-3,5-bis(3-methylbut-2-enyl)benzoic acid"",""Benzoic acid, 4-hydroxy-3,5-bis(3-methyl-2-butenyl)- ; 4-Hydroxy-3,5-bis(3-methyl-2-buten-1-yl)benzoic acid"",""C17H22O3"",""CHEMBL500669"",""HY-N3192"",""AKOS027276419"",""FS-10486"",""CS-0023542""]",0,0,0,0,,,,,,,,,,,,,,,,,,,,,,,,,,,,,
2123,,"(3~{R},4~{a}~{R},10~{a}~{S})-3,4~{a}-dichloro-6,8-dihydroxy-10~{a}-[(2~{E},6~{S})-6-hydroxy-3,7-dimethyl-octa-2,7-dienyl]-2,2-dimethyl-3,4-dihydrobenzo[g]chromene-5,10-dione",C=C(C)[C@@H](O)CC/C(C)=C/C[C@@]12OC(C)(C)[C@H](Cl)C[C@]1(Cl)C(=O)C1=C(O)C=C(O)C=C1C2=O,"InChI=1S/C25H30Cl2O6/c1-13(2)17(29)7-6-14(3)8-9-25-21(31)16-10-15(28)11-18(30)20(16)22(32)24(25,27)12-19(26)23(4,5)33-25/h8,10-11,17,19,28-30H,1,6-7,9,12H2,2-5H3/b14-8+/t17-,19+,24-,25-/m0/s1",MUVCLXZNRJJIGV-XGPBHUGQSA-N,,CNP0397759.3,4.0,,0,,"[""Napyradiomycin A2a""]",1,0,0,0,,,,,,,,,,,,,,,,,,,,,,,,,,,,,
5136,,"~{N}-[[3-(2,3-dihydro-1,4-benzodioxin-6-yl)-6,8-dihydro-5~{H}-imidazo[2,1-c][1,4]oxazin-6-yl]methyl]pyrazine-2-carboxamide",O=C(NCC1CN2C(C3=CC=C4OCCOC4=C3)=CN=C2CO1)C1=CN=CC=N1,"InChI=1S/C20H19N5O4/c26-20(15-9-21-3-4-22-15)24-8-14-11-25-16(10-23-19(25)12-29-14)13-1-2-17-18(7-13)28-6-5-27-17/h1-4,7,9-10,14H,5-6,8,11-12H2,(H,24,26)",IGDVGZICNPCDGS-UHFFFAOYSA-N,,CNP0015295.0,1.0,,0,,,0,1,1,0,,,,,,,,,,,,,,,,,,,,,,,,,,,,,
8124,,"[(1~{S},4~{a}~{R},8~{a}~{R})-1-[4-(diethylamino)phenyl]-4~{a}-hydroxy-1,3,4,5,6,7,8,8~{a}-octahydroisoquinolin-2-yl]-(9~{H}-xanthen-9-yl)methanone",CCN(CC)C1=CC=C([C@@H]2[C@H]3CCCC[C@@]3(O)CCN2C(=O)C2C3=CC=CC=C3OC3=CC=CC=C32)C=C1,"InChI=1S/C33H38N2O3/c1-3-34(4-2)24-18-16-23(17-19-24)31-27-13-9-10-20-33(27,37)21-22-35(31)32(36)30-25-11-5-7-14-28(25)38-29-15-8-6-12-26(29)30/h5-8,11-12,14-19,27,30-31,37H,3-4,9-10,13,20-22H2,1-2H3/t27-,31-,33-/m1/s1",,,CNP0229946.6,1.0,,0,,,1,0,0,0,,,,,,,,,,,,,,,,,,,,,,,,,,,,,
2183,6-Hexadecynoic acid,hexadec-6-ynoic acid,CCCCCCCCCC#CCCCCC(=O)O,"InChI=1S/C16H28O2/c1-2-3-4-5-6-7-8-9-10-11-12-13-14-15-16(17)18/h2-9,12-15H2,1H3,(H,17,18)",OMEMMZJIJNUXIH-UHFFFAOYSA-N,,CNP0216850.0,4.0,,0,,"[""hexadec-6-ynoic acid"",""676-25-5"",""SCHEMBL2675823"",""CHEMBL1269413"",""DTXSID40678525""]",0,0,0,0,,,,,,,,,,,,,,,,,,,,,,,,,,,,,
5245,,"8-(3,7-dimethylocta-2,6-dienyl)-3,5,7-trihydroxy-2-(4-hydroxyphenyl)chromen-4-one",CC(C)=CCCC(C)=CCC1=C(O)C=C(O)C2=C1OC(C1=CC=C(O)C=C1)=C(O)C2=O,"InChI=1S/C25H26O6/c1-14(2)5-4-6-15(3)7-12-18-19(27)13-20(28)21-22(29)23(30)24(31-25(18)21)16-8-10-17(26)11-9-16/h5,7-11,13,26-28,30H,4,6,12H2,1-3H3",IGGXIQKUMBVBRV-UHFFFAOYSA-N,,CNP0304773.0,3.0,,0,,"[""Isomacarangin""]",0,0,1,0,,,,,,,,,,,,,,,,,,,,,,,,,,,,,
8125,,"[(1~{S},4~{a}~{R},8~{a}~{R})-1-[4-(diethylamino)phenyl]-4~{a}-hydroxy-1,3,4,5,6,7,8,8~{a}-octahydroisoquinolin-2-yl]-(9~{H}-xanthen-9-yl)methanone",CCN(CC)C1=CC=C([C@@H]2[C@H]3CCCC[C@@]3(O)CCN2C(=O)C2C3=CC=CC=C3OC3=CC=CC=C32)C=C1,"InChI=1S/C33H38N2O3/c1-3-34(4-2)24-18-16-23(17-19-24)31-27-13-9-10-20-33(27,37)21-22-35(31)32(36)30-25-11-5-7-14-28(25)38-29-15-8-6-12-26(29)30/h5-8,11-12,14-19,27,30-31,37H,3-4,9-10,13,20-22H2,1-2H3/t27-,31-,33-/m1/s1",,,CNP0229946.6,1.0,,0,,,1,0,0,0,,,,,,,,,,,,,,,,,,,,,,,,,,,,,
2323,Propionylpromazine hydrochloride,1-[10-[3-(dimethylamino)propyl]phenothiazin-2-yl]propan-1-one;hydrochloride,CCC(=O)C1=CC=C2SC3=CC=CC=C3N(CCCN(C)C)C2=C1.Cl,"InChI=1S/C20H24N2OS.ClH/c1-4-18(23)15-10-11-20-17(14-15)22(13-7-12-21(2)3)16-8-5-6-9-19(16)24-20;/h5-6,8-11,14H,4,7,12-13H2,1-3H3;1H",ZFWVWZODBGTOIL-UHFFFAOYSA-N,,CNP0484368.0,3.0,,0,,"[""7681-67-6"",""PROPIOPROMAZINE HYDROCHLORIDE"",""UNII-U0BND6SD2I"",""U0BND6SD2I"",""DTXSID4045187"",""Propionylpromazine (hydrochloride)"",""PROPIOPROMAZINE HCL"",""DTXCID2025187"",""1-(10-(3-(Dimethylamino)propyl)-10H-phenothiazin-2-yl)-1-propanone"",""1-Propanone, 1-(10-(3-(dimethylamino)propyl)-10H-phenothiazin-2-yl)-, monohydrochloride"",""1-[10-[3-(dimethylamino)propyl]phenothiazin-2-yl]propan-1-one;hydrochloride"",""1-(10-(3-(Dimethylamino)propyl)-10H-phenothiazin-2-yl)-1-propanone monohydrochloride"",""MLS000859893"",""CAS-7681-67-6"",""NCGC00015838-03"",""SMR000326755"",""SR-01000076080"",""Propionylpromazine HCl"",""Tranvet Injectable Solution"",""SCHEMBL1321671"",""CHEMBL1256661"",""NIOSH\/OB2080000"",""Tranvet Chewable Tablets (20 mg)"",""Tox21_110240"",""Tox21_500992"",""MFCD01941563"",""AKOS040759741"",""CCG-222296"",""CS-W020886"",""HY-W040146"",""LP00992"",""NCGC00094289-01"",""NCGC00261677-01"",""MS-26125"",""EU-0100992"",""OB20800000"",""D77921"",""P 7780"",""PROPIOPROMAZINE HYDROCHLORIDE [GREEN BOOK]"",""Q27290522"",""Propionylpromazine hydrochloride, VETRANAL(TM), analytical standard"",""Ketone, 10-(3-(dimethylamino)propyl)phenothiazin-2-yl ethyl, hydrochloride""]",0,0,0,0,,,,,,,,,,,,,,,,,,,,,,,,,,,,,
5301,N-(4-methylquinazolin-2-yl)guanidine,2-(4-methylquinazolin-2-yl)guanidine,CC1=NC(N=C(N)N)=NC2=CC=CC=C12,"InChI=1S/C10H11N5/c1-6-7-4-2-3-5-8(7)14-10(13-6)15-9(11)12/h2-5H,1H3,(H4,11,12,13,14,15)",ONQKSKDLYYDFLL-UHFFFAOYSA-N,,CNP0579921.0,3.0,,0,,"[""716-11-0"",""1-(4-methylquinazolin-2-yl)guanidine"",""GNF-Pf-3515"",""CHEMBL602365"",""GMQ"",""2-GMQ"",""2-guanidine-4-methylquinazoline"",""NSC403387"",""amino(4-methylquinazolin-2-yl)carboxamidine"",""Cambridge id 5228468"",""TimTec1_000349"",""MLS000710636"",""GTPL4203"",""SCHEMBL2330055"",""BDBM93094"",""DTXSID20323223"",""ONQKSKDLYYDFLL-UHFFFAOYSA-N"",""HMS1534P19"",""HMS2638L21"",""HMS3364G12"",""BDBM50335552"",""MFCD00023908"",""STK063157"",""STL514058"",""AKOS000270579"",""AKOS030240850"",""AKOS037491725"",""N-(4-methyl-2-quinazolinyl)guanidine"",""SS-4549"",""SMR000280403"",""CS-0182121"",""EN300-14418"",""AB00075950-01"",""A917905"",""SR-01000493239"",""1-[(2E)-4-methylquinazolin-2(1H)-ylidene]guanidine"",""BRD-K94348506-001-01-2"",""Q27077823"",""Z56754371""]",0,0,0,1,,,,,,,,,,,,,,,,,,,,,,,,,,,,,
8398,"methyl 3,4-dihydroxy-5-(3'-methyl-2'-butenyl)benzoate","methyl 3,4-dihydroxy-5-(3-methylbut-2-enyl)benzoate",COC(=O)C1=CC(O)=C(O)C(CC=C(C)C)=C1,"InChI=1S/C13H16O4/c1-8(2)4-5-9-6-10(13(16)17-3)7-11(14)12(9)15/h4,6-7,14-15H,5H2,1-3H3",ZVMALUVLYJRPEZ-UHFFFAOYSA-N,,CNP0232674.0,5.0,,0,,"[""CHEBI:66709"",""methyl 3,4-dihydroxy-5-(3-methylbut-2-en-1-yl)benzoate"",""CHEMBL499225"",""DTXSID501211728"",""1046466-81-2"",""Q27135331""]",0,0,0,0,,,,,,,,,,,,,,,,,,,,,,,,,,,,,
2345,Tebuconazole,"1-(4-chlorophenyl)-4,4-dimethyl-3-(1,2,4-triazol-1-ylmethyl)pentan-3-ol",CC(C)(C)C(O)(CCC1=CC=C(Cl)C=C1)CN1C=NC=N1,"InChI=1S/C16H22ClN3O/c1-15(2,3)16(21,10-20-12-18-11-19-20)9-8-13-4-6-14(17)7-5-13/h4-7,11-12,21H,8-10H2,1-3H3",PXMNMQRDXWABCY-UHFFFAOYSA-N,,CNP0347563.0,3.0,,0,,"[""107534-96-3"",""Folicur"",""Fenetrazole"",""Ethyltrianol"",""Etiltrianol"",""Tebuconazol"",""Elite"",""80443-41-0"",""Terbutrazole"",""Raxil"",""Preventol A 8"",""LYNX"",""1-(4-Chlorophenyl)-4,4-dimethyl-3-(1,2,4-triazol-1-ylmethyl)pentan-3-ol"",""Tebuconazole [ISO]"",""Corail"",""3-((1H-1,2,4-Triazol-1-yl)methyl)-1-(4-chlorophenyl)-4,4-dimethylpentan-3-ol"",""BAY-HWG 1608"",""HWG 1608"",""HSDB 7448"",""UNII-401ATW8TRW"",""401ATW8TRW"",""SILVACURE"",""SPARTA"",""DTXSID9032113"",""TIMBERTREAT T"",""CHEBI:83779"",""DTXCID7012113"",""EC 403-640-2"",""alpha-(2-(4-Chlorophenyl)ethyl)-alpha-(1,1-dimethylethyl)-1H-1,2,4-triazole-1-ethanol"",""Tebuconazole 10 microg\/mL in Isooctane"",""Tebuconazole 100 microg\/mL in Methanol"",""Tebuconazole 10 microg\/mL in Acetonitrile"",""Horizont"",""1H-1,2,4-Triazole-1-ethanol, alpha-(2-(4-chlorophenyl)ethyl)-alpha-(1,1-dimethylethyl)-"",""C16H22ClN3O"",""CAS-107534-96-3"",""Silvacur"",""Silvacur (Salt\/Mix)"",""TEBUCONAZOLE [MI]"",""(.+\/-.)-Tebuconazole"",""SCHEMBL21789"",""CHEMBL487186"",""CHEBI:81781"",""TCMDC-143614"",""HY-B0852"",""Tox21_202331"",""Tox21_300487"",""BDBM50486193"",""MFCD02674797"",""AKOS015895348"",""CS-8170"",""USEPA\/OPP Pesticide Code: 128997"",""NCGC00091496-01"",""NCGC00254491-01"",""NCGC00259880-01"",""Tebuconazole 1000 microg\/mL in Toluene"",""AC-12496"",""AS-13966"",""NS00000280"",""T2988"",""EN300-99797"",""C18489"",""H10925"",""A801720"",""Q2697579"",""Z1332916289"",""1H-1,2,4-Triazole-1-ethanol, .alpha.-(2-(4-chlorophenyl)ethyl)-.alpha."",""(RS)-1-P-CHLOROPHENYL-4,4-DIMETHYL-3-(1H-1,2,4-TRIAZOL-1- YLMETHYL)PENTAN-3-OL"",""1-(4-chlorophenyl)-3-(1,2,4-triazol-1-ylmethyl)-4,4-dimethyl-pentan-3-ol"",""A-[2-(4-CHLOROPHENYL)ETHYL]-A-(1,1-DIMETHYLETHYL)-1H-1,2,4-TRIAZOLE-1-ETHANOL"","".ALPHA.-(2-(4-CHLOROPHENYL)ETHYL)-.ALPHA.-(1,1-DIMETHYLETHYL)- 1H-1,2,4-TRIAZOLE-1-ETHANOL"",""1-(4-chlorophenyl)-4,4-dimethyl-3-(1,2,4-triazol-1-ylmethyl)pentan-3-ol;3-((1H-1,2,4-Triazol-1-yl)methyl)-1-(4-chlorophenyl)-4,4-dimethylpentan-3-ol"",""1H-1,2,4-TRIAZOLE-1-ETHANOL, .ALPHA.-(2-(4- CHLOROPHENYL)ETHYL)-.ALPHA.-(1,1-DIMETHYLETHYL)-""]",0,0,1,0,,,,,,,,,,,,,,,,,,,,,,,,,,,,,
5525,miconazole,"1-[2-(2,4-dichlorophenyl)-2-[(2,4-dichlorophenyl)methoxy]ethyl]imidazole",ClC1=CC=C(COC(CN2C=CN=C2)C2=CC=C(Cl)C=C2Cl)C(Cl)=C1,"InChI=1S/C18H14Cl4N2O/c19-13-2-1-12(16(21)7-13)10-25-18(9-24-6-5-23-11-24)15-4-3-14(20)8-17(15)22/h1-8,11,18H,9-10H2",BYBLEWFAAKGYCD-UHFFFAOYSA-N,,CNP0194606.0,5.0,,0,,"[""22916-47-8"",""Monistat"",""Monistat IV"",""Daktarin IV"",""Miconazol"",""Minostate"",""1-[2-(2,4-Dichlorophenyl)-2-[(2,4-dichlorophenyl)methoxy]ethyl]-1H-imidazole"",""MJR 1762"",""Miconazolum [INN-Latin]"",""Vusion"",""Monistat-Derm"",""Oravig"",""Florid(nitrate)"",""1-(2-((2,4-Dichlorobenzyl)oxy)-2-(2,4-dichlorophenyl)ethyl)-1H-imidazole"",""Miconazol [INN-Spanish]"",""NSC 170986"",""Brentan"",""R 18134"",""CCRIS 7924"",""1H-Imidazole, 1-[2-(2,4-dichlorophenyl)-2-[(2,4-dichlorophenyl)methoxy]ethyl]-"",""UNII-7NNO0D7S5M"",""EINECS 245-324-5"",""7NNO0D7S5M"",""MFCD00216019"",""BRN 0965511"",""DTXSID6023319"",""R18134 nitrate"",""1-(2,4-Dichloro-beta-((2,4-dichlorobenzyl)oxy)phenethyl)imidazole"",""CHEMBL91"",""Monistat (TN)"",""Miconazole nitrate salt"",""DTXCID803319"",""Dactarin"",""CHEBI:82892"",""Miconazole [USP:INN:BAN:JAN]"",""Imidazole, 1-(2,4-dichloro-beta-((2,4-dichlorobenzyl)oxy)phenethyl)-"",""22916-47-8 (free)"",""MCZ"",""Miconazolo [DCIT]"",""NCGC00016770-01"",""Micozole"",""Zimycan"",""Femizol-M"",""Miconazole-7"",""MICONAZOLE (MART.)"",""MICONAZOLE [MART.]"",""Monazole 7"",""MICONAZOLE (EP IMPURITY)"",""C18H14Cl4N2O"",""MICONAZOLE (EP MONOGRAPH)"",""MICONAZOLE [USP IMPURITY]"",""MICONAZOLE [USP MONOGRAPH]"",""Aflorix(nitrate)"",""Albistat(nitrate)"",""Andergin(nitrate)"",""Conofite(nitrate)"",""(+\/-)-1-(2,4-DICHLORO-B-((2,4-DICHLOROBENZYL)OXY)PHENETHYL)IMIDAZOLE"",""(+\/-)-Miconazole nitrate salt"",""imidazole, 1-(2-(2,4-dichlorophenyl)-2-((2,4-dichlorophenyl) methoxy)ethyl)- (9CI)"",""Monista (nitrate)"",""1H-IMIDAZOLE, 1-2-((2,4-DICHLOROPHENYL)-2-((2,4-DICHLOROPHENYL))METHOXY)ETHYL)-, (+\/-)-"",""Micantin (nitrate)"",""(+-)-Miconazole"",""Novo-Miconazole Vaginal Ovules"",""Gyno-Daktar(nitrate)"",""Lotrimin AF(nitrate)"",""Epi-Monistat(nitrate)"",""Monistat 7 Vaginal Suppositories"",""Zimybase"",""rac-miconazole"",""SR-01000000271"",""(RS)-miconazole"",""Prestwick_335"",""Oravig (TN)"",""Miconazole (Monistat)"",""Spectrum_000965"",""MICONAZOLE [MI]"",""MICONAZOLE [JAN]"",""Prestwick0_000067"",""Spectrum2_001048"",""Spectrum3_000507"",""Spectrum4_000061"",""Spectrum5_001297"",""MICONAZOLE [VANDF]"",""bmse000924"",""cid_4189"",""SCHEMBL2866"",""MICONAZOLE [WHO-DD]"",""Oprea1_091955"",""BSPBio_000253"",""BSPBio_002033"",""KBioGR_000581"",""KBioSS_001445"",""MLS002222203"",""DivK1c_000156"",""SPBio_000976"",""SPBio_002174"",""BPBio1_000279"",""CHEBI:6923"",""GTPL2449"",""Miconazole (JP17\/USP\/INN)"",""MICONAZOLE [ORANGE BOOK]"",""SCHEMBL13934598"",""BDBM31772"",""KBio1_000156"",""KBio2_001445"",""KBio2_004013"",""KBio2_006581"",""KBio3_001533"",""A01AB09"",""A07AC01"",""D01AC02"",""G01AF04"",""J02AB01"",""S02AA13"",""NINDS_000156"",""HMS1568M15"",""HMS2090B21"",""HMS2095M15"",""HMS2232B14"",""HMS3374J10"",""HMS3656E14"",""HMS3712M15"",""HY-B0454"",""Tox21_110601"",""DL-448"",""s2536"",""STK834405"",""1-(2,4-dichlorophenyl)-1-[(2,4-dichlorophenyl)methoxy]-2-imidazolylethane"",""AKOS001574474"",""AKOS016842489"",""CCG-220067"",""DB01110"",""DS-1881"",""IDI1_000156"",""NCGC00018294-02"",""NCI60_001353"",""NCI60_001380"",""SMR001307249"",""SY107559"",""SBI-0051448.P003"",""CAS-22916-47-8"",""DB-046018"",""AB00053500"",""NS00004552"",""SW196614-4"",""D00416"",""AB00053500-23"",""AB00053500_26"",""EN300-7370602"",""A878389"",""AE-641\/01941016"",""Q410534"",""J-014898"",""BRD-A82396632-001-03-0"",""BRD-A82396632-008-02-7"",""Imidazole,4-dichloro-.beta.-[(2,4-dichlorobenzyl)oxy]phenethyl]-"",""1-[2-(2,4-dichlorobenzyl)oxy-2-(2,4-dichlorophenyl)ethyl]imidazole;nitric acid"",""75319-47-0"",""Monistat, Daktarin IV, Miconazolo, Miconazolum, Dactarin, Miconazol, Minostate, Brentan, Florid(nitrate)"",""FSL0677"",""FSL0678"",""3-[(2S)-2-(2,4-dichlorophenyl)-2-[(2,4-dichlorophenyl)methoxy]ethyl]imidazol-1-ium""]",0,1,1,0,,,,,,,,,,,,,,,,,,,,,,,,,,,,,
8588,,"[(1~{S},4~{a}~{R},8~{a}~{R})-1-[4-(diethylamino)phenyl]-4~{a}-hydroxy-1,3,4,5,6,7,8,8~{a}-octahydroisoquinolin-2-yl]-(9~{H}-xanthen-9-yl)methanone",CCN(CC)C1=CC=C([C@@H]2[C@H]3CCCC[C@@]3(O)CCN2C(=O)C2C3=CC=CC=C3OC3=CC=CC=C32)C=C1,"InChI=1S/C33H38N2O3/c1-3-34(4-2)24-18-16-23(17-19-24)31-27-13-9-10-20-33(27,37)21-22-35(31)32(36)30-25-11-5-7-14-28(25)38-29-15-8-6-12-26(29)30/h5-8,11-12,14-19,27,30-31,37H,3-4,9-10,13,20-22H2,1-2H3/t27-,31-,33-/m1/s1",,,CNP0229946.6,1.0,,0,,,1,0,0,0,,,,,,,,,,,,,,,,,,,,,,,,,,,,,
2365,,"[(1~{S},4~{a}~{R},8~{a}~{R})-1-[4-(diethylamino)phenyl]-4~{a}-hydroxy-1,3,4,5,6,7,8,8~{a}-octahydroisoquinolin-2-yl]-(9~{H}-xanthen-9-yl)methanone",CCN(CC)C1=CC=C([C@@H]2[C@H]3CCCC[C@@]3(O)CCN2C(=O)C2C3=CC=CC=C3OC3=CC=CC=C32)C=C1,"InChI=1S/C33H38N2O3/c1-3-34(4-2)24-18-16-23(17-19-24)31-27-13-9-10-20-33(27,37)21-22-35(31)32(36)30-25-11-5-7-14-28(25)38-29-15-8-6-12-26(29)30/h5-8,11-12,14-19,27,30-31,37H,3-4,9-10,13,20-22H2,1-2H3/t27-,31-,33-/m1/s1",,,CNP0229946.6,1.0,,0,,,1,0,0,0,,,,,,,,,,,,,,,,,,,,,,,,,,,,,
5473,,"[(1~{S},4~{a}~{R},8~{a}~{R})-1-[4-(diethylamino)phenyl]-4~{a}-hydroxy-1,3,4,5,6,7,8,8~{a}-octahydroisoquinolin-2-yl]-(9~{H}-xanthen-9-yl)methanone",CCN(CC)C1=CC=C([C@@H]2[C@H]3CCCC[C@@]3(O)CCN2C(=O)C2C3=CC=CC=C3OC3=CC=CC=C32)C=C1,"InChI=1S/C33H38N2O3/c1-3-34(4-2)24-18-16-23(17-19-24)31-27-13-9-10-20-33(27,37)21-22-35(31)32(36)30-25-11-5-7-14-28(25)38-29-15-8-6-12-26(29)30/h5-8,11-12,14-19,27,30-31,37H,3-4,9-10,13,20-22H2,1-2H3/t27-,31-,33-/m1/s1",,,CNP0229946.6,1.0,,0,,,1,0,0,0,,,,,,,,,,,,,,,,,,,,,,,,,,,,,
8312,triamterene,"6-phenylpteridine-2,4,7-triamine",NC1=NC(N)=C2N=C(C3=CC=CC=C3)C(N)=NC2=N1,"InChI=1S/C12H11N7/c13-9-7(6-4-2-1-3-5-6)16-8-10(14)18-12(15)19-11(8)17-9/h1-5H,(H6,13,14,15,17,18,19)",FNYLWPVRPXGIIP-UHFFFAOYSA-N,,CNP0337846.0,3.0,,0,,"[""396-01-0"",""6-phenylpteridine-2,4,7-triamine"",""2,4,7-Triamino-6-phenylpteridine"",""Dyrenium"",""Ademine"",""Diurene"",""Noridil"",""Pterofen"",""Pterophene"",""Taturil"",""Teridin"",""Triamteren"",""Triamteril"",""Triteren"",""Dytac"",""Jatropur"",""Triampur"",""Noridyl"",""Teriam"",""Diren"",""Ditak"",""Dyren"",""Tri-Span"",""Urocaudal"",""Trispan"",""Diucelpin"",""6-Phenyl-2,4,7-pteridinetriamine"",""Masuharmin"",""Triamizide"",""Triamthiazid"",""Amteren"",""Dinazide"",""Diutensat"",""Diuteren"",""Dyberzide"",""Dytenzide"",""Esiteren"",""Hidiurese"",""Hypertorr"",""Jenateren"",""Kalspare"",""Nephral"",""Renezide"",""Reviten"",""Tricilone"",""Triurene"",""Uretren"",""Anjal"",""Dazid"",""Diarol"",""Isobar"",""Trizid"",""Turfa"",""Apo-triazide"",""Thiazid Wolff"",""2,4,7-Pteridinetriamine, 6-phenyl-"",""Ademin(e)"",""SK&F 8542"",""Fluss 40"",""SALI-PUREN"",""6-Phenyl-2,4,7-triaminopteridine"",""Pteridine, 2,4,7-triamino-6-phenyl-"",""Triamterenum [INN-Latin]"",""Triamterena [INN-Spanish]"",""2,4,7-Triamino-6-fenilpteridina"",""NSC 77625"",""NSC-77625"",""CCRIS 5872"",""SK-8542"",""BRN 0266723"",""HSDB 3405"",""NCI C56042"",""EINECS 206-904-3"",""UNII-WS821Z52LQ"",""SK&F-8542"",""NSC 639359"",""WS821Z52LQ"",""DTXSID6021373"",""AI3-60017"",""Triamterene (Standard)"",""CHEBI:9671"",""DTXCID001373"",""Hydrene"",""5-26-17-00447 (Beilstein Handbook Reference)"",""DYAZIDE COMPONENT TRIAMTERENE"",""MFCD00006708"",""TRIAMTERENE COMPONENT OF DYAZIDE"",""Triamterene [USAN:USP:INN:BAN:JAN]"",""NCGC00016016-10"",""CAS-396-01-0"",""Triazide"",""TRIAMTERENE (IARC)"",""TRIAMTERENE [IARC]"",""TRIAMTERENE (MART.)"",""TRIAMTERENE [MART.]"",""TRIAMTERENE (USP-RS)"",""TRIAMTERENE (EP MONOGRAPH)"",""TRIAMTERENE (USP IMPURITY)"",""TRIAMTERENE [USP MONOGRAPH]"",""Dyrenium (TN)"",""Pteridine deriv. 11"",""2,4,7-Triamino-6-fenilpteridina [Italian]"",""SR-01000002968"",""Prestwick_480"",""Triamterene Capsules"",""Dyazide (Salt\/Mix)"",""Triamterenum (Latin)"",""Spectrum_000508"",""Triamterene, >=99%"",""TRIAMTERENE [MI]"",""Prestwick0_000034"",""Spectrum2_000938"",""Spectrum3_001372"",""Spectrum4_000366"",""Spectrum5_001034"",""Lopac-T-4143"",""TRIAMTERENE [JAN]"",""TRIAMTERENE [HSDB]"",""CHEMBL585"",""T 4143"",""TRIAMTERENE [VANDF]"",""NCIOpen2_004741"",""Lopac0_001196"",""Oprea1_825704"",""SCHEMBL40707"",""BSPBio_000127"",""BSPBio_002924"",""KBioGR_000831"",""KBioSS_000988"",""TRIAMTERENE [WHO-DD]"",""MLS000069431"",""BIDD:GT0534"",""DivK1c_000433"",""SPECTRUM1500589"",""SPBio_000876"",""SPBio_002048"",""BDBM6644"",""BPBio1_000141"",""GTPL4329"",""Triamterene (JP17\/USP\/INN)"",""HMS501F15"",""HY-B0575R"",""KBio1_000433"",""KBio2_000988"",""KBio2_003556"",""KBio2_006124"",""KBio3_002144"",""C03DB02"",""SKF8542"",""TRIAMTERENE [ORANGE BOOK]"",""NINDS_000433"",""HMS1568G09"",""HMS2092O17"",""HMS2095G09"",""HMS2232B04"",""HMS3259C08"",""HMS3263P13"",""HMS3371D10"",""HMS3652E10"",""HMS3712G09"",""Pharmakon1600-01500589"",""BCP28855"",""Tox21_110283"",""Tox21_202021"",""Tox21_302833"",""Tox21_501196"",""CCG-40090"",""NSC757367"",""s4080"",""STK300348"",""AKOS003790819"",""DB00384"",""LP01196"",""NC00544"",""SDCCGSBI-0051163.P004"",""IDI1_000433"",""SMP1_000147"",""NCGC00016016-28"",""NCGC00023458-03"",""NCGC00256495-01"",""NCGC00259570-01"",""NCGC00261881-01"",""AC-14066"",""AS-12471"",""SMR000059118"",""SBI-0051163.P003"",""DB-049442"",""AB00052116"",""CS-0695001"",""EU-0101196"",""NS00010256"",""SW196688-3"",""T1288"",""Triamterene 1.0 mg\/ml in Dimethyl Sulfoxide"",""D00386"",""D95706"",""EN300-119540"",""WLN: T66 BN DN GN JNJ CZ EZ HR& IZ"",""2,4-DIAMINO-6-PHENYL-7-PTERIDINYLAMINE"",""AB00052116_13"",""A824641"",""Q221520"",""BRD-K92049597-001-05-9"",""Z275128596"",""Triamterene, British Pharmacopoeia (BP) Reference Standard"",""Triamterene, European Pharmacopoeia (EP) Reference Standard"",""Triamterene, United States Pharmacopeia (USP) Reference Standard"",""Triamterene, Pharmaceutical Secondary Standard; Certified Reference Material""]",0,0,0,1,,,,,,,,,,,,,,,,,,,,,,,,,,,,,
2366,,"[(1~{S},4~{a}~{R},8~{a}~{R})-1-[4-(diethylamino)phenyl]-4~{a}-hydroxy-1,3,4,5,6,7,8,8~{a}-octahydroisoquinolin-2-yl]-(9~{H}-xanthen-9-yl)methanone",CCN(CC)C1=CC=C([C@@H]2[C@H]3CCCC[C@@]3(O)CCN2C(=O)C2C3=CC=CC=C3OC3=CC=CC=C32)C=C1,"InChI=1S/C33H38N2O3/c1-3-34(4-2)24-18-16-23(17-19-24)31-27-13-9-10-20-33(27,37)21-22-35(31)32(36)30-25-11-5-7-14-28(25)38-29-15-8-6-12-26(29)30/h5-8,11-12,14-19,27,30-31,37H,3-4,9-10,13,20-22H2,1-2H3/t27-,31-,33-/m1/s1",,,CNP0229946.6,1.0,,0,,,1,0,0,0,,,,,,,,,,,,,,,,,,,,,,,,,,,,,
5515,"Methyl 2,5-dihydroxybenzoate","methyl 2,5-dihydroxybenzoate",COC(=O)C1=CC(O)=CC=C1O,"InChI=1S/C8H8O4/c1-12-8(11)6-4-5(9)2-3-7(6)10/h2-4,9-10H,1H3",XGDPKUKRQHHZTH-UHFFFAOYSA-N,,CNP0221274.0,5.0,,0,,"[""2150-46-1"",""Methyl gentisate"",""methyl dihydroxybenzoate"",""2,5-Dihydroxybenzoic acid methyl ester"",""Benzoic acid, 2,5-dihydroxy-, methyl ester"",""Gentisic acid, methyl ester"",""Methyl-2,5-dihydroxybenzoate"",""LS28B004KM"",""CHEMBL1978880"",""MFCD00016464"",""NSC-618316"",""Gentisic Acid Methyl Ester"",""METIL GENTISATO"",""ORISTAR MDHB25"",""UNII-LS28B004KM"",""SCHEMBL38890"",""METHOXYCARBONYLHYDROQUINONE"",""Methyl 2,?5-?Dihydroxybenzoate"",""DTXSID80175841"",""CHEBI:191966"",""METHYL GENTISATE [WHO-DD]"",""EINECS 218-427-8"",""BBL013231"",""BDBM50428375"",""Methyl 2,5-dihydroxybenzoate, 99%"",""STK424580"",""AKOS003268039"",""AM84754"",""CCG-357000"",""CS-W013234"",""METHYL DIHYDROXYBENZOATE [INCI]"",""AC-11755"",""DS-13898"",""NCI60_005545"",""SY015102"",""2-METHOXYCARBONYL-1,4-BENZENEDIOL"",""AI3-61026"",""DB-045602"",""M2006"",""NS00026884"",""N-CARBOBENZYLOXY-D-PHENYLALANINE,99+%"",""EN300-295104"",""O11858"",""A815430"",""W-107548"",""Q27283153"",""Z275165842"",""InChI=1\/C8H8O4\/c1-12-8(11)6-4-5(9)2-3-7(6)10\/h2-4,9-10H,1H""]",0,0,0,0,,,,,,,,,,,,,,,,,,,,,,,,,,,,,
8529,,7-methoxy-2-(trichloromethyl)chromen-4-one,COC1=CC=C2C(=O)C=C(C(Cl)(Cl)Cl)OC2=C1,"InChI=1S/C11H7Cl3O3/c1-16-6-2-3-7-8(15)5-10(11(12,13)14)17-9(7)4-6/h2-5H,1H3",,,CNP0189155.0,2.0,,0,,"[""MMV665820"",""255843-62-0"",""7-methoxy-2-(trichloromethyl)-4H-chromen-4-one"",""ST034310"",""CBMicro_009413"",""Cambridge id 5534045"",""CHEMBL590888"",""SMSF0006007"",""NSC766467"",""STK020263"",""AKOS005378722"",""CB12188"",""BIM-0009310.P001"",""SJ000290852"",""EN300-7502297"",""SR-01000211795""]",0,0,0,0,,,,,,,,,,,,,,,,,,,,,,,,,,,,,
2367,Vitexin-4''-o-glucoside,"8-[3,4-dihydroxy-6-(hydroxymethyl)-5-[3,4,5-trihydroxy-6-(hydroxymethyl)tetrahydropyran-2-yl]oxy-tetrahydropyran-2-yl]-5,7-dihydroxy-2-(4-hydroxyphenyl)chromen-4-one",O=C1C=C(C2=CC=C(O)C=C2)OC2=C(C3OC(CO)C(OC4OC(CO)C(O)C(O)C4O)C(O)C3O)C(O)=CC(O)=C12,"InChI=1S/C27H30O15/c28-7-15-19(34)20(35)23(38)27(41-15)42-24-16(8-29)40-26(22(37)21(24)36)18-12(32)5-11(31)17-13(33)6-14(39-25(17)18)9-1-3-10(30)4-2-9/h1-6,15-16,19-24,26-32,34-38H,7-8H2",NDSUKTASTPEKBX-UHFFFAOYSA-N,,CNP0125020.0,3.0,,0,,"[""Vitexinglucoside"",""8-(4-O-beta-D-Glucopyranosyl-beta-D-glucopyranosyl)-5,7-dihydroxy-2-(4-hydroxyphenyl)-4H-1-benzopyran-4-one""]",0,1,1,0,,,,,,,,,,,,,,,,,,,,,,,,,,,,,
5527,dapsone,4-(4-aminophenyl)sulfonylaniline,NC1=CC=C(S(=O)(=O)C2=CC=C(N)C=C2)C=C1,"InChI=1S/C12H12N2O2S/c13-9-1-5-11(6-2-9)17(15,16)12-7-3-10(14)4-8-12/h1-8H,13-14H2",MQJKPEGWNLWLTK-UHFFFAOYSA-N,,CNP0192769.0,3.0,,0,,"[""80-08-0"",""4,4'-Sulfonyldianiline"",""4,4'-Diaminodiphenyl sulfone"",""Diaphenylsulfone"",""Dapson"",""4-Aminophenyl sulfone"",""Novophone"",""DADPS"",""Dapsonum"",""Diphenasone"",""Aczone"",""Sulfona"",""Bis(4-aminophenyl) sulfone"",""Avlosulfon"",""Croysulfone"",""Sulfadione"",""Sulphadione"",""Disulone"",""Dumitone"",""Eporal"",""Udolac"",""Sulfona-MAE"",""Diphone"",""Diaphenylsulphon"",""p,p-Sulphonylbisbenzamine"",""4,4'-Dapsone"",""Metabolite C"",""Sulfonyldianiline"",""Sumicure S"",""Avlosulphone"",""Croysulphone"",""Dubronax"",""Tarimyl"",""Sulfone ucb"",""Diaminodiphenylsulfone"",""NSC-6091"",""4-(4-aminophenyl)sulfonylaniline"",""4,4'-Sulfonylbisbenzamine"",""Benzenamine, 4,4'-sulfonylbis-"",""p,p-Sulphonyldianiline"",""p,p'-sulfonyldianiline"",""Diaminodifenilsulfona"",""Servidapson"",""DDS, pharmaceutical"",""Di(p-aminophenyl)sulphone"",""Sulphon-mere"",""1,1'-Sulfonylbis(4-aminobenzene)"",""Araldite HT 976"",""p,p-Diaminodiphenyl sulphone"",""N,N'-Diphenyl sulfondiamide"",""DDS"",""WR 448"",""4,4-Diaminodifenylsulfon"",""Diamino-4,4'-diphenyl sulfone"",""NSC 6091D"",""NCI-C01718"",""Aniline, 4,4'-sulfonyldi-"",""HT 976"",""1358F"",""4,4'-diamino diphenyl sulphone"",""DTXSID4020371"",""F 1358"",""4,4'-Sulfonyldianiline (Dapsone)"",""4-[(4-aminobenzene)sulfonyl]aniline"",""CHEBI:4325"",""J04BA02"",""Diaphenylsulfone (JAN)"",""MFCD00007887"",""CHEMBL1043"",""4-(4-amino-benzenesulfonyl)-phenylamine"",""DTXCID00371"",""MLS000069409"",""8W5C518302"",""Sulfanona-mae"",""Sulfon-mere"",""1632119-29-9"",""4,4'-DDS"",""4-(4-aminophenylsulfonyl)benzenamine"",""4,4'-Diaminodiphenyl-13C12-sulfone"",""HT 9664"",""NCGC00016322-08"",""SMR000059064"",""Hardener HT 976"",""DAPSONE (IARC)"",""DAPSONE [IARC]"",""DAPSONE (MART.)"",""DAPSONE [MART.]"",""DAPSONE (USP-RS)"",""DAPSONE [USP-RS]"",""4,4'-DIAMINO-15N2-DIPHENYL SULFONE"",""Dapsonum [INN-Latin]"",""Dapsona [INN-Spanish]"",""DSS (VAN)"",""DAPSONE (EP IMPURITY)"",""DIAPHENYLSULFONE [JAN]"",""DAPSONE (EP MONOGRAPH)"",""DAPSONE [USP MONOGRAPH]"",""DDS, diaphenylsulfone"",""Atrisone"",""Diaminodifenilsulfona [Spanish]"",""4,4-Diaminodifenylsulfon [Czech]"",""CAS-80-08-0"",""4,4' Diaminophenyl Sulfone"",""HY 976"",""CCRIS 192"",""Dapsone (USP)"",""Sulfone, 4,4'-Diaminophenyl"",""Aczone (TN)"",""HSDB 5073"",""SR-01000002976"",""Sulfone, diphenyl, 4,4'-diamino-"",""EINECS 201-248-4"",""(4-sulfanilylphenyl)amine"",""SULFACETAMIDE SODIUM IMPURITY D (EP IMPURITY)"",""AZT + Dapsone cominbation"",""BRN 0788055"",""Daspone"",""AI3-08087"",""Dapsone [USAN:USP:INN:BAN]"",""Dapsonum (Latin)"",""UNII-8W5C518302"",""Dapsone,(S)"",""Prestwick_152"",""Dapsone-d8(major)"",""IN-201"",""BIS SULFONE"",""SEIKACURE S"",""4,4''-dapsone"",""Spectrum_000888"",""DAPSONE [VANDF]"",""DAPSONE [HSDB]"",""DAPSONE [USAN]"",""DAPSONE [INN]"",""DAPSONE [MI]"",""Opera_ID_1950"",""Prestwick0_000035"",""Spectrum2_001133"",""Spectrum3_000375"",""Spectrum4_000310"",""Spectrum5_000825"",""WLN: ZR DSWR DZ"",""DAPSONE [WHO-DD]"",""DAPSONE [WHO-IP]"",""4,4''-sulfonylbisaniline"",""ACZONE7.5"",""EC 201-248-4"",""4,4'-Sulfonyldiphenylamine"",""Oprea1_143052"",""SCHEMBL21428"",""BSPBio_000129"",""CBDivE_013582"",""Dianiline, 4,4'-sulfonyl-"",""KBioGR_000900"",""KBioSS_001368"",""MLS001055349"",""MLS001076146"",""4-Aminophenyl sulfone, 97%"",""BIDD:GT0770"",""DAPSONE [ORANGE BOOK]"",""DivK1c_000573"",""p,p''-diaminodiphenyl sulfone"",""SPECTRUM1500222"",""SPBio_001025"",""SPBio_002050"",""P,P'-SULPHONYLDIANILINE"",""4,4'-sulfonylbis(benzenamine)"",""BPBio1_000143"",""4 4-Diamino Diphenyl Sulfone 99.5%min Cas:80-08-8"",""DAPSONUM [WHO-IP LATIN]"",""GTPL10934"",""HMS501M15"",""KBio1_000573"",""KBio2_001368"",""KBio2_003936"",""KBio2_006504"",""KBio3_001349"",""P,P'-SULFONYLBISBENZAMINE"",""D10AX05"",""NINDS_000573"",""HMS1568G11"",""HMS1920C14"",""HMS2091K04"",""HMS2095G11"",""HMS2231G09"",""HMS3259C13"",""HMS3369B11"",""HMS3712G11"",""Pharmakon1600-01500222"",""Dapson 100 microg\/mL in Methanol"",""AMY40781"",""HY-B0688"",""Tox21_110371"",""Tox21_201347"",""Tox21_300558"",""BBL002412"",""BDBM50029764"",""CCG-40260"",""NSC756716"",""P,P'-DIAMINODIPHENYL SULPHONE"",""s4612"",""STK387118"",""AKOS000119322"",""4,4-Diaminodifenylsulfon List Acronyms"",""DB00250"",""KS-1450"",""NC00488"",""IDI1_000573"",""NCGC00016322-13"",""NCGC00023946-03"",""NCGC00254533-01"",""NCGC00258899-01"",""AC-10922"",""4-[(4-Aminophenyl)sulfonyl]phenylamine #"",""SBI-0051331.P003"",""DB-056406"",""AB00051962"",""D0089"",""Dapsone, VETRANAL(TM), analytical standard"",""NS00000683"",""4 inverted exclamation marka-Sulfonyldianiline"",""EN300-19042"",""C07666"",""D00592"",""AB00051962_19"",""A839828"",""Q422226"",""4 inverted exclamation marka-Diaminodiphenyl sulfone"",""Q-200435"",""BRD-K62363391-001-05-8"",""Dapsone, British Pharmacopoeia (BP) Reference Standard"",""Dapsone, European Pharmacopoeia (EP) Reference Standard"",""F0266-3067"",""Z104472374"",""2-(PIPERAZIN-1-YL)-ACETICACIDN-(2-PHENYLETHYL)-AMIDE"",""4-(4-aminophenyl)sulfonylaniline;4,4'-Diaminodiphenyl sulfone"",""Dapsone, United States Pharmacopeia (USP) Reference Standard"",""Dapsone, Pharmaceutical Secondary Standard; Certified Reference Material"",""dapsone""]",0,0,1,0,,,,,,,,,,,,,,,,,,,,,,,,,,,,,
9021,ethyl 1-(4-chlorophenyl)-2-methyl-5-{[(2E)-3-phenylprop-2-enoyl]oxy}-1H-indole-3-carboxylate,ethyl 1-(4-chlorophenyl)-2-methyl-5-(3-phenylprop-2-enoyloxy)indole-3-carboxylate,CCOC(=O)C1=C(C)N(C2=CC=C(Cl)C=C2)C2=CC=C(OC(=O)C=CC3=CC=CC=C3)C=C12,"InChI=1S/C27H22ClNO4/c1-3-32-27(31)26-18(2)29(21-12-10-20(28)11-13-21)24-15-14-22(17-23(24)26)33-25(30)16-9-19-7-5-4-6-8-19/h4-17H,3H2,1-2H3",VNJSYWPAPLJIMK-UHFFFAOYSA-N,,CNP0606174.0,3.0,,0,,"[""ethyl 1-(4-chlorophenyl)-2-methyl-5-{[(2E)-3-phenylprop-2-enoyl]oxy}-1H-indole-3-carboxylate"",""MMV666600"",""ChemDiv1_002808"",""CHEMBL579443""]",0,0,1,0,,,,,,,,,,,,,,,,,,,,,,,,,,,,,
2668,ACEPROMAZINE,1-[10-[3-(dimethylamino)propyl]phenothiazin-2-yl]ethanone,CC(=O)C1=CC=C2SC3=CC=CC=C3N(CCCN(C)C)C2=C1,"InChI=1S/C19H22N2OS/c1-14(22)15-9-10-19-17(13-15)21(12-6-11-20(2)3)16-7-4-5-8-18(16)23-19/h4-5,7-10,13H,6,11-12H2,1-3H3",NOSIYYJFMPDDSA-UHFFFAOYSA-N,,CNP0458830.0,3.0,,0,,"[""Acetylpromazine"",""Acetopromazine"",""61-00-7"",""Azepromazine"",""Plegicil"",""Vetranquil"",""Acepromazina"",""Atsetozin"",""Notensil"",""Plivafen"",""Promazine, acetyl-"",""Anergan"",""Atravet"",""Acezine 2"",""Acepromazinum"",""Acetacin"",""Acetazin"",""10-(3-Dimethylaminopropyl)phenothiazin-3-yl methyl ketone"",""Concentrat vo34"",""SV-1522"",""WY-1172"",""2-Acetyl-10-(3-dimethylaminopropyl)phenothiazine"",""AY-57,062"",""Acepromazinum [INN-Latin]"",""Acepromazina [INN-Spanish]"",""EINECS 200-496-0"",""Ethanone, 1-(10-(3-(dimethylamino)propyl)-10H-phenothiazin-2-yl)-"",""1-[10-[3-(dimethylamino)propyl]phenothiazin-2-yl]ethanone"",""UNII-54EJ303F0R"",""1522 CB"",""CHEBI:44932"",""54EJ303F0R"",""1-(10-(3-(Dimethylamino)propyl)-10H-phenothiazin-2-yl)ethanone"",""1-[10-(3-DIMETHYLAMINO-PROPYL)-10H-PHENOTHIAZIN-2-YL]-ETHANONE"",""61-00-7 (free base)"",""CHEMBL39560"",""EC 200-496-0"",""Acepromazine (INN)"",""ACE"",""Ketone, 10-(3-(dimethylamino)propyl)phenothiazin-2-yl methyl"",""ACEPROMAZINE [INN]"",""ACEPROMAZINE (MART.)"",""10-(3-(DIMETHYLAMINO)PROPYL)PHENOTHIAZIN-2-YL METHYL KETONE"",""Acepromazine [INN:BAN]"",""NSC264522"",""NCGC00016634-01"",""CAS-3598-37-6"",""Acetilpromazina"",""Acetylperazine"",""Plivaphen"",""A 23051"",""3-Acetyl-promazin"",""Anatran (Salt\/Mix)"",""Sedalin (Salt\/Mix)"",""Plegicyl (Salt\/Mix)"",""Soprintin (Salt\/Mix)"",""Concentrat vo34 (TN)"",""Prestwick0_000576"",""SCHEMBL73018"",""BSPBio_000392"",""ACEPROMAZINE [WHO-DD]"",""SPBio_002611"",""BPBio1_000432"",""CC64"",""DTXSID1022552"",""N05AA04"",""BDBM50131719"",""DB01614"",""PMZ"",""SBI-0206796.P001"",""1522 C. B."",""NS00008480"",""D07065"",""Q425097"",""10-(3-Dimethylaminopropyl)phenothiazine-3-ethanone"",""2-Acetyl-10-[3-(Dimethylamino)propyl]phenylthiazine"",""BRD-K37814297-050-05-4"",""10-[3-(Dimethylamino)propyl]-10H-phenothiazin-2-yl methyl ketone""]",0,0,0,0,,,,,,,,,,,,,,,,,,,,,,,,,,,,,
5627,,"[(1~{S},4~{a}~{R},8~{a}~{R})-1-[4-(diethylamino)phenyl]-4~{a}-hydroxy-1,3,4,5,6,7,8,8~{a}-octahydroisoquinolin-2-yl]-(9~{H}-xanthen-9-yl)methanone",CCN(CC)C1=CC=C([C@@H]2[C@H]3CCCC[C@@]3(O)CCN2C(=O)C2C3=CC=CC=C3OC3=CC=CC=C32)C=C1,"InChI=1S/C33H38N2O3/c1-3-34(4-2)24-18-16-23(17-19-24)31-27-13-9-10-20-33(27,37)21-22-35(31)32(36)30-25-11-5-7-14-28(25)38-29-15-8-6-12-26(29)30/h5-8,11-12,14-19,27,30-31,37H,3-4,9-10,13,20-22H2,1-2H3/t27-,31-,33-/m1/s1",,,CNP0229946.6,1.0,,0,,,1,0,0,0,,,,,,,,,,,,,,,,,,,,,,,,,,,,,
8820,,"[(1~{S},4~{a}~{R},8~{a}~{R})-1-[4-(diethylamino)phenyl]-4~{a}-hydroxy-1,3,4,5,6,7,8,8~{a}-octahydroisoquinolin-2-yl]-(9~{H}-xanthen-9-yl)methanone",CCN(CC)C1=CC=C([C@@H]2[C@H]3CCCC[C@@]3(O)CCN2C(=O)C2C3=CC=CC=C3OC3=CC=CC=C32)C=C1,"InChI=1S/C33H38N2O3/c1-3-34(4-2)24-18-16-23(17-19-24)31-27-13-9-10-20-33(27,37)21-22-35(31)32(36)30-25-11-5-7-14-28(25)38-29-15-8-6-12-26(29)30/h5-8,11-12,14-19,27,30-31,37H,3-4,9-10,13,20-22H2,1-2H3/t27-,31-,33-/m1/s1",,,CNP0229946.6,1.0,,0,,,1,0,0,0,,,,,,,,,,,,,,,,,,,,,,,,,,,,,
