item_id::string,inchi_key::string,URI::string
0,JMKALJXPJBRIAP-UHFFFAOYSA-N,
1,JVVXZOOGOGPDRZ-SLFFLAALSA-N,
2,VCMMXZQDRFWYSE-UHFFFAOYSA-N,
3,ZDUJJTZKKAUHIW-UHFFFAOYSA-N,
4,PYEDKAHYOPGAKC-PDXJJUDESA-N,
5,YMVSLWCLCVAZAN-UHFFFAOYSA-N,
6,GXHQMVBAZHSXCX-UHFFFAOYSA-N,
7,ZRVCJILQEUAABA-UHFFFAOYSA-N,
8,VMEFKJULFNYVEW-UHFFFAOYSA-N,
9,YKRSFVGMYWINDW-LSDHHAIUSA-N,
10,WMPGIQDGHIZCND-UHFFFAOYSA-N,
11,NXVZYEJQVDIBNN-UHFFFAOYSA-N,
12,UDGRQZRWGPZOAJ-UHFFFAOYSA-N,
13,HIIMHGSUGVDCIA-UHFFFAOYSA-N,
14,XLHTXZJNVFHCAK-UHFFFAOYSA-N,
15,CLRJHAXDAVPZGN-UHFFFAOYSA-N,
16,MRIBKYPLCHHHKJ-WGOQTCKBSA-N,
17,KBAQNZRYJNJHIN-UHFFFAOYSA-N,
18,MPGJKLBKGYIEDM-UHFFFAOYSA-N,
19,GVIHWZBKUKQYMN-GPSXOSEWSA-N,
20,YYSCXBPFYMVUDP-LSDHHAIUSA-N,
21,QGYPCQAYENIOOF-DLBZAZTESA-N,
22,UQQBPYDZZDMSGX-DLBZAZTESA-N,
23,XVGBJXUAVWXLJX-LSDHHAIUSA-N,
24,GHCWLYKERZOPPW-KBPBESRZSA-N,
25,YADNTCMCRQXRRP-UHFFFAOYSA-N,
26,LYZRURHNWICOHQ-CJLVFECKSA-N,
27,ZXXWERUSWNCAKW-UHFFFAOYSA-N,
28,ULVWGWBETFXJPD-UHFFFAOYSA-N,
29,MBKXNOKELPDBSQ-UHFFFAOYSA-N,
30,ZTTCMYQEDBIZMN-UHFFFAOYSA-N,
31,MEHMUEMMKQDIPT-UHFFFAOYSA-N,
32,JMLIBSAYWRQXIV-UHFFFAOYSA-N,http://coconutKG.aksw.org/data/molecule/392880
33,FESNWSMRFVXKKH-UHFFFAOYSA-N,
34,TXIXJHUDSVWHDT-UHFFFAOYSA-N,
35,AOYUDWJCPJZXIP-UHFFFAOYSA-N,
36,GRBVDYCIQDVVPA-UHFFFAOYSA-N,
37,OTIWOXVDUIMTEZ-UHFFFAOYSA-N,
38,KVDSAANFJMQAKH-UHFFFAOYSA-N,
39,UJWRFHVPSREDON-UHFFFAOYSA-N,
40,CULUWZNBISUWAS-UHFFFAOYSA-N,
41,IJEGNOYPWRBKAE-UHFFFAOYSA-N,
42,OKKPRCUDQNVFPN-FMIVXFBMSA-N,
43,DOMXUEMWDBAQBQ-WEVVVXLNSA-N,
44,FNEVFYZPFLULSP-UHFFFAOYSA-N,
45,DCZSBVNQJXPVOK-UHFFFAOYSA-N,
46,UOUQAPCAEMPXEG-UHFFFAOYSA-N,
47,IWBWUWFMYOMSQK-UHFFFAOYSA-N,
48,ZVLYYOVBDAKEGJ-UHFFFAOYSA-N,
49,NSDWNVMESZFLHB-UHFFFAOYSA-N,
50,YPPDQFAHJHMMNO-CQSZACIVSA-N,
51,CPTHCANXNYSVCK-UHFFFAOYSA-N,
52,RMAILVOSHNOEDA-DNQXCXABSA-N,
53,MYPHOFQPUOJYOZ-HZPDHXFCSA-N,
54,CPOIDWLCBCSIDX-QMPNUASNSA-N,
55,IPRWWYKLQATODP-ORAYPTAESA-N,
56,NOWCNBDPTWLOJL-XMHGGMMESA-N,
57,IHZUPFWCAHBWBI-UHFFFAOYSA-N,
58,FFNDRAJLGVDTRV-IUBLYSDUSA-N,
59,IJUFEJJXFSXPEB-UHFFFAOYSA-N,
60,SBSCUNNVEMZXLV-UHFFFAOYSA-N,
61,FLIHPTCOTMJMOE-ZBFHGGJFSA-N,
62,DRFFPJAUSZNJMI-AEFFLSMTSA-N,
63,QSDZWZATFGMFRW-WMZOPIPTSA-N,
64,FKTMVWZETUQYDQ-RDJZCZTQSA-N,
65,OHRFHJYUEWVXBD-ZROIWOOFSA-N,
66,UTOCDMQUYCJESP-UHFFFAOYSA-N,
67,FQAPIEMZIBPHAH-UHFFFAOYSA-N,
68,BXWOVSOBFFJOEW-UHFFFAOYSA-N,
69,VXADTXQUXBSKRJ-UHFFFAOYSA-N,
70,HTIRJKNIIIRSSH-UHFFFAOYSA-N,
71,HGWQXMCLBWBMTC-UHFFFAOYSA-N,
72,YMBWFCMEEHOGSZ-UHFFFAOYSA-N,
73,UIPIZMADAJJXSA-UHFFFAOYSA-N,
74,BREWIOQPPAYDDE-UHFFFAOYSA-N,
75,OEYWFXWLSMJVOD-QGZVFWFLSA-N,
76,AIJKWDCJBLVTGU-OAHLLOKOSA-N,
77,YJJSGDCDWLLRQO-AWEZNQCLSA-N,
78,JMOHMGVMQUCFPL-MRXNPFEDSA-N,
79,KERVIECOCWUCGM-CQSZACIVSA-N,
80,ZXSGSFMORAILEY-OAHLLOKOSA-N,
81,BAXMCINBPOCTBO-CYBMUJFWSA-N,
82,XZPATAFFGAHXJP-UHFFFAOYSA-N,
83,XJJVWAWKCIATTE-GRDNDAEWSA-N,
84,ZCFVVZDOEAMCMM-UHFFFAOYSA-N,
85,BQBGKCNGZDTZNA-UHFFFAOYSA-N,
86,IAJDPLVEAODVRN-UHFFFAOYSA-N,
87,WSHHEXFRSSGSLG-UHFFFAOYSA-N,
88,AWOUINKJONNTJW-UHFFFAOYSA-N,
89,IBYXDMAZKAILJO-UHFFFAOYSA-N,
90,VTYPVFRWGRYYDK-UHFFFAOYSA-N,
91,XWUPHCGCMSDPAD-UHFFFAOYSA-N,
92,LOBYZQIKIXRYHW-UHFFFAOYSA-N,
93,JTZHYHRJMAAGGY-UHFFFAOYSA-N,
94,OWQMYBQMUPAIND-UHFFFAOYSA-N,
95,PUIPNUVHAOXFMR-KXBFYZLASA-N,
96,GQWYJHPHWZDDKA-MJGOQNOKSA-N,
97,KHKAJXFSTDXXPP-QUCCMNQESA-N,
98,NMOQQEQDHSENLC-UHFFFAOYSA-N,
99,GZUITABIAKMVPG-UHFFFAOYSA-N,
100,ITPDYQOUSLNIHG-UHFFFAOYSA-N,
101,NTWZOKLLKNTLGY-XNTDXEJSSA-N,
102,PDCALJUWWJEWKR-NYBHVQQTSA-N,
103,OOTPRIVIWDPPAS-MFKACLLBSA-N,
104,XMNZLNUFQJDGKT-VYJAJWGXSA-N,
105,SNAWFDHPTJMVKB-WBCRQVGVSA-N,
106,ARFHIAQFJWUCFH-IZZDOVSWSA-N,
107,FUFNMQMEVXWCNS-NSCUHMNNSA-N,
108,VDHBJARUEMCODK-OWOJBTEDSA-N,
109,WPJOTXGFYVEBFA-ONEGZZNKSA-N,
110,XMAYWYJOQHXEEK-ZEQKJWHPSA-N,
111,MIMNIDIHOQDTFD-HNNXBMFYSA-N,
112,SVXPDLNSXIXYEA-KINXCBNHSA-N,
113,TUOXXENDICUNMW-UHFFFAOYSA-N,
114,JLJAVUZBHSLLJL-RZMCSOMXSA-N,
115,TXHBNVYFCZMCPB-QFIPXVFZSA-N,
116,KLLPTXAQPYTSFD-AJHZIAPWSA-N,
117,IRUNYVLVOLRFDQ-UHFFFAOYSA-N,
118,XHCFUQQHHBMEFY-UHFFFAOYSA-N,
119,CBZKOPMNZNJYFA-UHFFFAOYSA-N,
120,NIUSPLDPGYTQOP-UHFFFAOYSA-N,
121,JOXWHCNNDTWJPX-CHWSQXEVSA-N,
122,MCDUSWVITUHFBX-UHFFFAOYSA-N,
123,NMMVOSSSDUAQGO-UHFFFAOYSA-N,
124,WMOUFHIUCTVYIN-UHFFFAOYSA-N,
125,QHFYYHVXZTVQPY-UHFFFAOYSA-N,
126,WSQKKWVOOOLTHJ-UHFFFAOYSA-N,
127,LLYRVQKNKPUBRC-UHFFFAOYSA-N,
128,YCPYRWFLNCENFJ-UHFFFAOYSA-N,
129,TYULLOFEMGFUPS-UHFFFAOYSA-N,
130,ZDXUKAKRHYTAKV-UHFFFAOYSA-N,
131,UIAGMCDKSXEBJQ-UHFFFAOYSA-N,
132,QPIDAZQWONVOFW-UHFFFAOYSA-N,
133,VXEHTKKZYSSFPM-UHFFFAOYSA-N,
134,MZFSQHSKTUXWGV-UHFFFAOYSA-N,
135,QZPOASXCOYQSRX-UHFFFAOYSA-N,
136,RUKAWRLOKMQYJP-UHFFFAOYSA-N,
137,SUUXDBKDPHFCII-UHFFFAOYSA-N,
138,KOMBIXMTXJZLIS-UHFFFAOYSA-N,
139,RZBAREQYQIAWKV-KVHNBRJZSA-N,
140,XMISBOWBHJYIPU-UHFFFAOYSA-N,
141,ULUNZJGUEYRNPT-XDHOZWIPSA-N,
142,HBVZHNLZAGRFDI-SLGOVJDISA-N,
143,QANNKHWGISEJDQ-UHFFFAOYSA-N,
144,XWUHTDIIQSYUDH-FPYGCLRLSA-N,
145,MFKJKDJNFMUPQU-PAERIMEKSA-N,
146,TUESBQKXFVYGKJ-UHFFFAOYSA-N,
147,IHUXDOWGVBEMAB-UHFFFAOYSA-N,
148,ASSFOBZENKTTLP-UHFFFAOYSA-N,
149,OGSBDBYAOFKDOD-UHFFFAOYSA-N,
150,HBXAJZNNFYLNIS-UHFFFAOYSA-N,
151,FMTSJDAKXOSBJL-UHFFFAOYSA-N,
152,FUXBESXPGCDFIW-UHFFFAOYSA-N,
153,AALOGNDNCMFSSI-UHFFFAOYSA-N,
154,NQPAYRXRCWIUJG-KAQIVPQOSA-N,
155,YMOGUJLGZXCQIX-KAQIVPQOSA-N,
156,ZEPXBRRRVHIXIS-YAXRCOADSA-N,
157,NILJNUCBWXXSTH-PJQLUOCWSA-N,
158,TYJZNKZGWQQLFI-UHFFFAOYSA-N,
159,HYEFCMHBKILXLK-UHFFFAOYSA-N,
160,CFTMABGAAUAWHV-UHFFFAOYSA-N,
161,FJKPYZLCKNOVRG-UHFFFAOYSA-N,
162,AZXOQWNWDRSJGX-UHFFFAOYSA-N,
163,MXBQCLOKSYXOLR-UHFFFAOYSA-N,
164,ODAQPSNHACWALW-UHFFFAOYSA-N,
165,XDRYMKDFEDOLFX-UHFFFAOYSA-N,
166,XUSCGQWLOKSKHS-WUXMJOGZSA-N,
167,SWDHNHCJNTZGNK-ACIOBRDBSA-N,
168,TZPSYBDFVZAYAE-CAPFRKAQSA-N,
169,CATLSRYLBDAMCD-UHFFFAOYSA-N,
170,UHBLZXCMUWOUTH-HAVVHWLPSA-N,
171,UJAKABLHMRVJAG-DYQZOYDYSA-N,
172,FBOZXECLQNJBKD-ZDUSSCGKSA-N,
173,GODSHFHZUQZHHI-UHFFFAOYSA-N,
174,JWBMFTQFAKYRRW-UHFFFAOYSA-N,
175,LXTOLZDYIMKITL-UHFFFAOYSA-N,
176,LOTTZEAZYMPJCV-UHFFFAOYSA-N,
177,CCKYZMVLAVMDQQ-UHFFFAOYSA-M,
178,DMOXWILGRMAMAN-UHFFFAOYSA-M,
179,GDFJYRQTWFNCQD-UHFFFAOYSA-M,
180,BSTUDTNICMCFGR-UHFFFAOYSA-M,
181,MXXWOMGUGJBKIW-YPCIICBESA-N,
182,PVPTXCKWQPHINX-HFEXRDJISA-N,
183,DGGRVDKYAZUPCF-LICLKQGHSA-N,
184,JYZAYBXELKDKHS-AWNIVKPZSA-N,
185,PRJAGERNQGPSAM-WLRTZDKTSA-N,
186,NBULGNAYTUHIHD-UHFFFAOYSA-N,
187,MSFRIPZZFYCCBG-UHFFFAOYSA-N,
188,LXENIAJSEGRGSH-UHFFFAOYSA-N,
189,CEBABMFYBBEYCC-UHFFFAOYSA-N,
190,UUOBNHWZESKEFK-UHFFFAOYSA-N,
191,UHIKQSAOQMKLSZ-UHFFFAOYSA-N,
192,GPUWDIMZJWMPME-UHFFFAOYSA-N,
193,RIFVPOHZBSIFRL-IZZDOVSWSA-N,
194,HSTYXKYAROJMSF-FRKPEAEDSA-N,
195,LDRMJRWEHQOVIM-UDWIEESQSA-N,
196,UTHOSVDHVJAEDT-VIZOYTHASA-N,
197,OIHDFSLDCFXBDK-UHFFFAOYSA-N,
198,WUIGPJABAAOYDQ-GIJQJNRQSA-N,
199,QSKZYNXBMAVWSA-UFFVCSGVSA-N,
200,DVONMVVDLVUENA-OEAKJJBVSA-N,
201,RENLAHNZCUGILA-GIJQJNRQSA-N,
202,VDGDNVFDBXYTJP-UHFFFAOYSA-N,
203,CHACCXLBTJZSGH-UHFFFAOYSA-N,
204,YXYSWKINELDVJX-SNAWJCMRSA-N,
205,WKRHMPKJMUUEFO-OQLLNIDSSA-N,
206,KULACODIWJUZKK-GZTJUZNOSA-N,
207,YTNRXSKHWJUPPW-XYOKQWHBSA-N,
208,FXPNWGZCVOGPHL-GZTJUZNOSA-N,
209,NCYSSQGPUOGILN-IUBLYSDUSA-N,
210,JLYQSNQAGLIRRT-UHFFFAOYSA-N,
211,QUALNSBNTFFVEM-UHFFFAOYSA-N,
212,LEWFRNLLNXKYJJ-UHFFFAOYSA-N,
213,UBTZIBNJIZJWIK-QHEXFSSWSA-N,
214,HGOBHTJMFYGJDZ-ZMZMSIHFSA-N,
215,XLVGREOQKWYIAI-SZXHPCHUSA-N,
216,UGPXWDIZFKGVEG-UHFFFAOYSA-N,
217,VOMUWPIMENALLG-UHFFFAOYSA-N,
218,SFGYQDTXSJEVCC-UHFFFAOYSA-O,
219,ZZAHNSHQUCHSBD-UHFFFAOYSA-N,
220,VHVIAONLCAKZOT-VIFPVBQESA-N,
221,AGEPLQFXCYEZRP-WOJGMQOQSA-N,
222,FIIYADRBWBRZHR-UHFFFAOYSA-N,
223,CPMUBEPZDPYQMM-UHFFFAOYSA-N,
224,UEEDRULRMFCDEZ-UHFFFAOYSA-N,
225,JOWOGCHMDASIAR-UHFFFAOYSA-N,
226,QQQSWGIWUWRXMN-UHFFFAOYSA-N,
227,HYOKZJAQCIHROV-UHFFFAOYSA-N,
228,DMGQLCKINCIPPT-RFZPGFLSSA-N,
229,UYRRWIXEEYODEH-WOJGMQOQSA-N,
230,NYZURWHDDKWNDP-UHFFFAOYSA-N,
231,PGJRQHKPPYIVQE-BGDMQGTOSA-N,
232,FWSYXSRSZHXLSJ-UHFFFAOYSA-N,
233,DNGGCBZULCRHEK-UHFFFAOYSA-N,
234,RRDJISZCFWVOSZ-UHFFFAOYSA-N,
235,OYFVDTNQZJZIPT-UHFFFAOYSA-N,
236,AASHFFLMTFAAAQ-UHFFFAOYSA-N,
237,VRNACAMCJRXKPI-UHFFFAOYSA-N,
238,VVJDVYPRJHEPGT-UHFFFAOYSA-N,
239,HQRQQERISJSPMV-UHFFFAOYSA-N,
240,IUEKGRRIQDZLEX-AUEPDCJTSA-N,
241,RKIPDJPEXQBYAT-AWQFTUOYSA-N,
242,HLGOLAZCRTXBFO-PGGKNCGUSA-N,
243,RGPZZGZZHBXIIY-UHFFFAOYSA-N,
244,NIQHSEVRNGSKMY-UHFFFAOYSA-N,
245,UTNIUXLNOKNKGA-UHFFFAOYSA-N,
246,KNWKXMUKWKXJIS-UHFFFAOYSA-N,
247,YDYMUJPNPOBLGS-UHFFFAOYSA-N,
248,DBYTXQQWCVBPQR-UHFFFAOYSA-N,
249,QDLXIUDMSHZYCG-UHFFFAOYSA-N,
250,XGRIOZQTBVXIFW-UHFFFAOYSA-N,
251,WRMHTOUCTOHPIY-UHFFFAOYSA-N,
252,YQZHGQYIMXWEHI-UHFFFAOYSA-N,
253,RCCNZGOUINUSBH-LYKKTTPLSA-N,
254,VPPFCCYISGHXQN-DTIOYNMSSA-N,
255,GXSCFBFBNQZZJL-UHFFFAOYSA-N,
256,XQYKDQBVUBUIOU-UHFFFAOYSA-N,
257,FIVUMVYJMGWJFJ-DWLYSLLYSA-N,
258,DERZBLKQOCDDDZ-JLHYYAGUSA-N,
259,NQPDXQQQCQDHHW-UHFFFAOYSA-N,
260,YSPJUZAHXRICDW-UHFFFAOYSA-N,
261,HLVOEVPZSAIYKY-DMDPSCGWSA-N,
262,IXFMBXNLOHKCPT-UHFFFAOYSA-N,
263,XNSRPLZWJJGVSM-UHFFFAOYSA-N,
264,ICGRXHWXPCXIKM-UHFFFAOYSA-N,
265,PCTMREJZUSEOQD-UHFFFAOYSA-N,
266,XLIREHXMRXKQIV-UHFFFAOYSA-N,
267,JGSJWUROTYERJN-UHFFFAOYSA-N,
268,KHCODUOXAXLWGY-UHFFFAOYSA-N,
269,AIGPHODCIGFQPJ-UHFFFAOYSA-N,
270,LCCZNKKQKPPEQH-UHFFFAOYSA-N,
271,FVQQGFCAYFRGGE-UHFFFAOYSA-N,
272,NDHDCYYILNODGS-UHFFFAOYSA-N,
273,LVROEDBDCRUSFV-UHFFFAOYSA-N,
274,LPCGMVDPVPGAKZ-UHFFFAOYSA-N,
275,VMFNKNUKTCNWIW-UHFFFAOYSA-N,
276,RNCJRUNPCIGKIK-UHFFFAOYSA-N,
277,PIHLHOPIOHCKCK-UHFFFAOYSA-N,
278,XVIGVHGNMNYUMA-UHFFFAOYSA-N,
279,KHFDHNMQJOZVQR-UHFFFAOYSA-N,
280,GGCAZZNQYGVTKI-UHFFFAOYSA-N,
281,HUTDUHSNJYTCAR-UHFFFAOYSA-N,
282,USBAUECPLDAVMO-UHFFFAOYSA-N,
283,HRFUFIMTPKTRSV-UHFFFAOYSA-N,
284,ZAPVWQOSNMVAJB-UHFFFAOYSA-N,
285,FXSIBNIZMXKODW-UHFFFAOYSA-N,
286,ZZLXKZPISLJSHK-UHFFFAOYSA-N,
287,SLKLBTNSQAAKHF-UHFFFAOYSA-N,
288,GCAQWKRARUFXHI-UHFFFAOYSA-N,
289,DGWLOPJVRSARLX-UHFFFAOYSA-N,
290,UBYSMSSXQXYCNA-UHFFFAOYSA-N,
291,DADLNOHKJYKRLL-UHFFFAOYSA-N,
292,WYOYIIWKTINZSH-UHFFFAOYSA-N,
293,NHHQIEJAGJMQST-UHFFFAOYSA-N,
294,BVCJFLBXIQLILO-UHFFFAOYSA-N,
295,NPBCJEAMEBAOGW-UHFFFAOYSA-N,
296,YEORLIJMLHGUGF-UHFFFAOYSA-N,
297,OGJNHUSJUWFTND-UHFFFAOYSA-N,
298,ZHLMDGGVEXYXHM-UHFFFAOYSA-N,
299,CUUCBYDDLXVPSA-UHFFFAOYSA-N,
300,XCJMUIWIEQFAQX-UHFFFAOYSA-N,
301,RYOLNCQSFGXUTP-UHFFFAOYSA-N,
302,IVWIUEUINWDXLX-UHFFFAOYSA-N,
303,RVXOAGNZYPWFFX-UHFFFAOYSA-N,
304,BOMINIHNGZWSLU-UHFFFAOYSA-N,
305,SFADOZCXZOPALE-UHFFFAOYSA-N,
306,LBPHBRVNBKGYTP-UHFFFAOYSA-N,
307,ITCAYUFDTCVNTE-UHFFFAOYSA-N,
308,GQIDGKAMQAXVJL-UHFFFAOYSA-N,
309,DBLAAUCCCYMOJJ-UHFFFAOYSA-N,
310,WRVJWKMENPNFGN-UHFFFAOYSA-N,
311,UNNMFHPMAUPGIQ-UHFFFAOYSA-N,
312,DTEHYGSCZCXPJE-UHFFFAOYSA-N,
313,WQOPHDPKDQWEJR-UHFFFAOYSA-N,
314,PYAACZDOSIYREW-UHFFFAOYSA-N,
315,WOJVHGGMLVQVAC-UHFFFAOYSA-N,
316,CBRPOQWEGIAYRG-UHFFFAOYSA-N,
317,XDEKHCCSZKACIB-UHFFFAOYSA-N,
318,KXEOVZDJCOFBKA-UHFFFAOYSA-N,
319,FDMUNKXWYMSZIR-NQWKWHCYSA-N,
320,UWFWDCYEVWXWLM-UHFFFAOYSA-N,
321,UQMKPTIDKHEGFW-UHFFFAOYSA-N,http://coconutKG.aksw.org/data/molecule/242193
322,XDZKNUDDHZBWLT-UHFFFAOYSA-N,
323,WEBWEYRTFUYJKU-LRTDBIEQSA-N,
324,LHFLYGRDAOZUTG-JLCFBVMHSA-N,
325,FPJPJPYUJSWJBJ-SLGOVJDISA-N,
326,FLCJYCYHAVFUEH-SLGOVJDISA-N,
327,JHGOCRPGQJZSAU-CRICUBBOSA-N,
328,KAEIXCUGLNXMQA-UHFFFAOYSA-N,
329,CKAHWDNDUGDSLE-ARLBYUKCSA-N,
330,RDYUUUNZMHSHKP-SAZLYLDSSA-N,
331,CKMWSJFHRLRPBO-XDJHFCHBSA-N,
332,NSWIJEPHLGFGET-UHFFFAOYSA-N,
333,NZGIWKKAFSBJJG-UHFFFAOYSA-N,
334,LJWWRBCGFGSSPG-UHFFFAOYSA-N,
335,FWIWRSVWHYNLEI-UHFFFAOYSA-N,
336,KPYPFYOXKVMRGM-UHFFFAOYSA-N,
337,URIFTLQWGKMTKA-UHFFFAOYSA-N,
338,JJBPQPJPUDMPQL-UHFFFAOYSA-N,
339,XVXWWBFSBXFBOS-UHFFFAOYSA-N,
340,ITHVHASAWMAMQC-UHFFFAOYSA-N,
341,YPIUYRIMBUVEFO-PDBXOOCHSA-N,
342,HHBGXTUFIRVUES-UHFFFAOYSA-N,
343,QPCLJHBRDBFTMS-UHFFFAOYSA-N,
344,GHMFZVAJGIDBQN-UHFFFAOYSA-N,
345,SRKLFACISNXPEN-UHFFFAOYSA-N,
346,AOSZTCXUTWSAIW-UHFFFAOYSA-N,
347,DDFPTGXZWXPIIL-UHFFFAOYSA-N,
348,HNSOXOOKLDJBRT-UHFFFAOYSA-N,
349,PIJHAJFWQWUWNU-UHFFFAOYSA-N,
350,NSCPCMXKWUFFNL-UHFFFAOYSA-N,
351,HOWTZHBAEIAYRZ-UHFFFAOYSA-N,
352,AOJPJSCXOCMBEP-UHFFFAOYSA-N,
353,HHTHMGPTCCNAQY-UHFFFAOYSA-N,
354,JLSAVDGVJNUFQH-XGTFBJHHSA-N,
355,WRGGDYGLRCBKGJ-NWILIBCHSA-N,
356,ABCIAVSYEOSYNR-UHFFFAOYSA-N,
357,UKIUACHVRRQMGB-DCIPZJNNSA-N,
358,CYVVJSKZRBZHAV-UNZYHPAISA-N,
359,XJTUNSZZBJGHDJ-UHFFFAOYSA-N,
360,SYDFTXKJRAPSGV-UHFFFAOYSA-N,
361,XUXCOELBWOSVCS-UHFFFAOYSA-N,
362,JGZJFANUYPISON-REZTVBANSA-N,
363,GDARPESXTKULBW-OVCLIPMQSA-N,
364,SPWXVBHPNBMVMF-UHFFFAOYSA-N,
365,PPEFZROLEABWNL-KNTRCKAVSA-N,
366,ORBYSZFQHUCPKN-LBPRGKRZSA-N,
367,ZKBUOFOAFVPLRF-UHFFFAOYSA-N,
368,HAUHEECDQLXVSA-UHFFFAOYSA-N,
369,OXIYTJNOZQXQDD-UHFFFAOYSA-N,
370,OVXOWIKMOIVICB-UHFFFAOYSA-N,http://coconutKG.aksw.org/data/molecule/57080
371,WYRDHDIRUVIXLT-UHFFFAOYSA-N,
372,HMJJCVZBDBFFGW-UHFFFAOYSA-N,
373,JRZQDBCUDRRULG-UHFFFAOYSA-N,
374,AWDMKLQVRIANGZ-UHFFFAOYSA-N,
375,QJRMNWUEKAWQRV-UHFFFAOYSA-N,
376,RMFAOUFPBXLEQO-UHFFFAOYSA-N,
377,IKAROQDBKFTFJG-UHFFFAOYSA-N,
378,CPANEGCQVCLYPI-JKSUJKDBSA-N,
379,RYGXLCMLRSWYBS-MDZDMXLPSA-N,
380,WPKQFXOCTRROEM-UHFFFAOYSA-N,
381,IBZCTUVTOMEXCI-AXDSSHIGSA-N,
382,ZMIBXISIJZMTLR-UHFFFAOYSA-N,
383,JXDYKVIHCLTXOP-UHFFFAOYSA-N,
384,MUDSFHMGAXMJTN-UHFFFAOYSA-N,
385,LPKHBMXEINFFPA-UHFFFAOYSA-N,
386,XJBUFAHVOCEKLG-UHFFFAOYSA-N,
387,FXMTWUVMKUJUSM-UHFFFAOYSA-N,
388,IYOYRXNSHLXJBV-UHFFFAOYSA-N,
389,AXXYVKDEAXGZIE-UHFFFAOYSA-N,
390,XYGJZUSOOZOOLH-UHFFFAOYSA-N,
391,BFKXBSXIOQDYCV-UHFFFAOYSA-N,
392,HUORQOADTDWNQJ-UHFFFAOYSA-N,
393,AQZHIMCJRKKIKI-UHFFFAOYSA-N,
394,KZJRXPGJZAHQOA-UHFFFAOYSA-N,
395,ABEOGFAATPJDHV-UHFFFAOYSA-N,
396,GJWDUYBKAOXWIS-JKDDQTOVSA-N,
397,UCQQUPLOYWLEMQ-UHFFFAOYSA-N,
398,YFVOLUIACKGBQW-UHFFFAOYSA-N,
399,MQCOZRDUWYPMMH-UHFFFAOYSA-N,
400,QLBANCFGJCRFAR-ICSRJNTNSA-N,
401,YMKHXSSEMDPLTR-HOIFWPIMSA-N,
402,SHFJFZGHKDUWTP-QQRDMOCMSA-N,
403,VXSSSGCNJMCBIV-KYXWUPHJSA-N,
404,PTIRYWCTCKOJNP-UHFFFAOYSA-N,
405,PPERCHXBOIBCRO-UHFFFAOYSA-N,
406,FCMCLALNSGOKIL-UHFFFAOYSA-N,
407,ZAAQUKIZHXMYBQ-UHFFFAOYSA-N,
408,SKZPRPFMFVHUMQ-UHFFFAOYSA-N,
409,BSUBEHCTPVPWOF-UHFFFAOYSA-N,
410,RRLCCVYEHBYYAH-UHFFFAOYSA-N,
411,MMWXEYASGQOQGV-UHFFFAOYSA-N,
412,UTTSAVIJOACRKO-UHFFFAOYSA-N,
413,LFILPJXLFREPHG-UHFFFAOYSA-N,
414,IFRGCKUQALJWTR-UHFFFAOYSA-N,
415,AQIXAKUUQRKLND-UHFFFAOYSA-N,
416,ZCVMWBYGMWKGHF-UHFFFAOYSA-N,
417,SUJUHGSWHZTSEU-FYBSXPHGSA-N,
418,ZNNLBTZKUZBEKO-UHFFFAOYSA-N,
419,POZRVZJJTULAOH-LHZXLZLDSA-N,
420,YCWSUKQGVSGXJO-NTUHNPAUSA-N,
421,NTNLBSKWCHBVAA-OCCSQVGLSA-N,
422,VYRFFNKVGJWDQR-OCCSQVGLSA-N,
423,BLDGECVQFJVCNM-OCCSQVGLSA-N,
424,OJENLMDKYXOLSD-DOMZBBRYSA-N,
425,QRXWMOHMRWLFEY-UHFFFAOYSA-N,http://coconutKG.aksw.org/data/molecule/91320
426,XSCGXQMFQXDFCW-UHFFFAOYSA-N,
427,ZGUGWUXLJSTTMA-UHFFFAOYSA-N,
428,QWGDMFLQWFTERH-UHFFFAOYSA-N,
429,PHVGLTMQBUFIQQ-UHFFFAOYSA-N,
430,KRMDCWKBEZIMAB-UHFFFAOYSA-N,
431,HXCNRYXBZNHDNE-UHFFFAOYSA-N,
432,BCEHBSKCWLPMDN-MGPLVRAMSA-N,
433,FIADGNVRKBPQEU-UHFFFAOYSA-N,
434,JCCNYMKQOSZNPW-UHFFFAOYSA-N,
435,VAOCPAMSLUNLGC-UHFFFAOYSA-N,
436,SBXCNEDZEVJTIL-GFCCVEGCSA-N,
437,XJHJHSOKQACGNK-FRKPEAEDSA-N,
438,DJNMGLFMBKMPCS-KKZHITPWSA-N,
439,AQBQIYANNJTGQY-ZNNVSGCWSA-N,
440,VHJMLDQPIJTWAU-UHFFFAOYSA-N,
441,ZKFQEACEUNWPMT-UHFFFAOYSA-N,
442,NDUZTGWRWPEYJN-UHFFFAOYSA-N,
443,IRPFOXRBPHCCTG-JISBIHODSA-N,
444,ALCTZFTWBPOPAW-UHFFFAOYSA-N,
445,COHUUYPEYRMWTH-UHFFFAOYSA-N,
446,GVLGNVUQNHMAGA-CYBMUJFWSA-N,
447,OMIXRGPRFMDONE-CYBMUJFWSA-N,
448,CNJQLNSIIACDJD-CQSZACIVSA-N,
449,OALJHNUDDSNUDT-LLVKDONJSA-N,
450,QCFKWNGTLZQXRE-UHFFFAOYSA-N,
451,ZLIALLHEARWHIY-UHFFFAOYSA-N,
452,FBZZDYBJYQHRMW-UHFFFAOYSA-N,
453,SDGJJDKFCDDMKK-UHFFFAOYSA-N,
454,PIMIJBYVESIJEL-UHFFFAOYSA-N,
455,HBLAUSXXGSZKGP-CQSZACIVSA-N,
456,NQMVNYIMBARVFB-UHFFFAOYSA-N,
457,OUVZIEWRZBAKDG-UHFFFAOYSA-N,
458,HFMXQAKMWIZKBX-UHFFFAOYSA-N,
459,IDYZIJYBMGIQMJ-UHFFFAOYSA-N,http://coconutKG.aksw.org/data/molecule/4707
460,QXHHHPZILQDDPS-UHFFFAOYSA-N,
461,AXRYRYVKAWYZBR-GASGPIRDSA-N,
462,QWAXKHKRTORLEM-LINFGICFSA-N,
463,USSPVKYGCOYPPK-LJPOJLKRSA-N,
464,ZDHRAOIQGXKPNG-UHFFFAOYSA-N,
465,LAOUVZIQZPCFJY-UHFFFAOYSA-N,
466,GEVMEZORPKTVMS-UHFFFAOYSA-N,
467,ARBZLRCLVZYNEO-UHFFFAOYSA-N,
468,QCSPZQXHJTXQAS-UHFFFAOYSA-N,
469,YEXSJCJYQRLZDZ-UHFFFAOYSA-N,
470,SGKRLCUYIXIAHR-AKNGSSGZSA-N,
471,QZHPJFOSCHSNAB-UHFFFAOYSA-N,
472,OSYRVJBGLOVUFO-UHFFFAOYSA-N,
473,SPLYXRSUMHFDJS-UHFFFAOYSA-N,
474,IGGHKNAXXIPGND-UHFFFAOYSA-N,
475,ZGRBIICEWPSFLA-UHFFFAOYSA-N,
476,NMYMRRYELQPLMB-UHFFFAOYSA-N,
477,OWHDETKHTAYSHV-UHFFFAOYSA-N,
478,XLDPHGRFRISBLZ-MRXNPFEDSA-N,
479,ZDGPKTPQISZEJC-UHFFFAOYSA-N,
480,JQNIDGIZIFURMT-UHFFFAOYSA-N,
481,VGJCROPSGYNWLO-UHFFFAOYSA-N,
482,NOEFNTKFROILMH-UHFFFAOYSA-N,
483,IHPXOPCECANAPM-UHFFFAOYSA-N,
484,BXKDWQRPPARBSD-UHFFFAOYSA-N,
485,WAKFXULEINSTKY-UHFFFAOYSA-N,
486,LLJAVCGJGHAJMR-UHFFFAOYSA-N,
487,FXBJLCVIXJBMBD-UHFFFAOYSA-N,
488,DFMQNLDSPYWXQA-LICLKQGHSA-N,
489,SEQFUGHDVHNRSX-VGOFMYFVSA-N,
490,PCKGGVQYKVHDBA-UHFFFAOYSA-N,
491,STKTYCVPHIQRGZ-UHFFFAOYSA-N,
492,ANTBYPKPVHTNAD-UHFFFAOYSA-N,
493,LWFWVRZBVMVNHA-UHFFFAOYSA-N,
494,RJIRJDWCWRKNDY-UHFFFAOYSA-N,
495,WYMMPSMEFYDBOC-UHFFFAOYSA-N,
496,NXZXRPKKYIPBNO-UHFFFAOYSA-N,
497,GNNWIBZAJKFWGU-UHFFFAOYSA-N,
498,VWROENVTHCVTHF-UHFFFAOYSA-N,
499,IPXGOPWZGKLOMJ-UHFFFAOYSA-N,
500,IRYFDSQLAQPRJR-UHFFFAOYSA-N,
501,NJNKZMOPGWSRLN-UHFFFAOYSA-N,
502,ZDPIZPXVHVYTOK-UHFFFAOYSA-N,
503,XSOXWLLLSNOJGJ-UHFFFAOYSA-N,
504,MNGKSEZZXHVVJO-UHFFFAOYSA-N,
505,OCKIKBXJWZGGOE-UHFFFAOYSA-N,
506,BQRBPWDQFAYRAI-UHFFFAOYSA-N,
507,NVJBCIZHIKOYDF-UHFFFAOYSA-N,
508,RTQBJPVFCOCBHF-UHFFFAOYSA-N,
509,CCICOXSOKKGTBB-UHFFFAOYSA-N,
510,CPJKJYRQDTXRIM-UHFFFAOYSA-N,
511,ZWDQHIQCUROYHG-UHFFFAOYSA-N,
512,TVZWPPUCJIAREL-UHFFFAOYSA-N,
513,RRXTULKMGZYRRL-ZVGWPXEBSA-N,
514,JJWWVDUOKYOKKB-LFVJCYFKSA-N,
515,VSXRHTSLIGNCLO-DEDYPNTBSA-N,
516,WNVHVMARWFEBOU-LZJCXSABSA-N,
517,DSIHZMSAMFWRMF-OOOSNSGVSA-N,
518,GWOTWXPUOHLDRB-RXFWQSSRSA-N,
519,HXTRWLXFOSKYHT-RXFWQSSRSA-N,
520,YRGKFZDJXGMQQS-HFZDXXHNSA-N,
521,QPSGEHZTIJHFMK-UHFFFAOYSA-N,
522,LMSHBISGTIUFDO-UHFFFAOYSA-N,
523,XCRBIEGWIQBOCM-UHFFFAOYSA-N,
524,YWTIYHOQOGEVON-UHFFFAOYSA-N,
525,KEJLFKFXGPPPCZ-UHFFFAOYSA-N,
526,XQBRDVAYQUCUCM-UHFFFAOYSA-N,
527,LDWHNWWASBCTBP-UHFFFAOYSA-N,
528,LWTNFEIUOJCFKQ-UHFFFAOYSA-N,
529,DIMLXAZFUWCAKB-UHFFFAOYSA-N,
530,PSJMEQMCCNLCBN-UHFFFAOYSA-N,
531,FSAVSSXXRZVCCT-UHFFFAOYSA-N,
532,MRFZZXCPDYSCDF-UHFFFAOYSA-N,
533,KKVWRMWBUAVJPC-VGOFMYFVSA-N,
534,QOQZDABYRRTIGG-UHFFFAOYSA-N,
535,ZXJXZNDDNMQXFV-UHFFFAOYSA-M,
536,VCCRNZQBSJXYJD-UHFFFAOYSA-N,
537,ASPSATKDMWZZKD-SFHVURJKSA-N,
538,FWJHAGYPRBJRCR-UHFFFAOYSA-N,
539,LWTUZIMLIKOKDI-UHFFFAOYSA-N,
540,UXIZUXSFZUKPQG-UHFFFAOYSA-N,
541,KBSGTRKOHTZAOU-UHFFFAOYSA-N,
542,ZNQMYSHKPGOSRI-UHFFFAOYSA-N,
543,YUMFNMKMXJOAPY-UHFFFAOYSA-N,
544,RQQYIJLAJMCDKB-UHFFFAOYSA-N,
545,CFVLRNWLPYMNOZ-ZFMWWAAGSA-N,
546,NEWQRAXHTXEPDK-BPLLCVTGSA-N,
547,ATCNMAIMQDUBLR-MZXMXVKLSA-N,
548,IUXJSZAGARXAKY-VCHYOVAHSA-N,
549,RRKPLMXZYIGWAG-LICLKQGHSA-N,
550,NASDVRRIDQOZPA-UHFFFAOYSA-N,
551,RKWQBRPKSHYGGR-UHFFFAOYSA-N,
552,CWSCJPINWGDASK-UHFFFAOYSA-N,
553,HLDSKKOSLASPJL-UHFFFAOYSA-N,
554,AMQWQTRQRHNWRG-UHFFFAOYSA-N,
555,RPZKVLLXTGEQQU-UHFFFAOYSA-N,
556,OURJCPQVBGAQEO-UHFFFAOYSA-N,
557,DZXKKBARAZHPDC-UHFFFAOYSA-N,
558,IHRCFDLMBRENDI-UHFFFAOYSA-N,
559,YMYWYRNWHUYKAP-UHFFFAOYSA-N,
560,WOJWBAJZUBLPCD-UHFFFAOYSA-N,
561,PAKJOXBWULIZGV-UHFFFAOYSA-N,
562,ORYRSYGHKRNTJO-UHFFFAOYSA-N,
563,TVTTWOKDHXAHMH-VGOFMYFVSA-N,
564,VSWDVILFXOTJIG-UHFFFAOYSA-N,
565,LCUOWFBUWBGUPV-UHFFFAOYSA-N,
566,FPTNISWBXJYFJZ-UHFFFAOYSA-N,
567,BMLYMCFWZIUSNO-UHFFFAOYSA-N,
568,YXKMMRDKEKCERS-UHFFFAOYSA-N,
569,KEMUTMVZQXTPAR-UHFFFAOYSA-N,
570,GUCUVVUQLSZNSI-UHFFFAOYSA-N,
571,SJIVKALRPVPGPU-UHFFFAOYSA-N,
572,QMPWQUOZXONFKZ-UHFFFAOYSA-N,
573,VXXKOTRIYLRDOA-UHFFFAOYSA-N,
574,KFFWFPPDUDSJLN-UHFFFAOYSA-N,
575,NWESEUDQXHFBOY-UHFFFAOYSA-N,
576,ASMCJZUIBCOFEO-UHFFFAOYSA-N,
577,ZNECCHGSNXGVAI-UHFFFAOYSA-N,
578,WZVHTQVMFUGSCF-UHFFFAOYSA-N,
579,BBOVNDIPSZCNKB-UHFFFAOYSA-N,
580,CWARFXUVQBNNEZ-UHFFFAOYSA-N,
581,RMNVEHMFGIVBEN-UHFFFAOYSA-N,
582,LABUGCAQGXLAKL-UHFFFAOYSA-N,
583,NTUHKTMOLKDMDP-UHFFFAOYSA-N,
584,DDNAODWPWQKSAW-KQPRZUBISA-N,
585,JTAXVNKJPOXXQC-UHFFFAOYSA-N,
586,QFNVBYARSVGNHS-UHFFFAOYSA-N,
587,PYHJJGFJZZNYFQ-UHFFFAOYSA-N,
588,RZMZCFDMBPAXFP-UHFFFAOYSA-N,
589,YJWOAIPNURWSRM-UHFFFAOYSA-N,
590,HWQQLHRSMYKCEU-UHFFFAOYSA-N,
591,ICUHTMCUDQNKDK-RPHGYIDUSA-N,
592,VXEGETJHRMEBKE-IZZDOVSWSA-N,
593,VXQOAGQOKGGJDG-LICLKQGHSA-N,
594,ICVGXAFFRZOILS-REZTVBANSA-N,
595,OXOQPOSVVXSGAS-NYYWCZLTSA-N,
596,KSSHQPCVMZULSQ-UHFFFAOYSA-N,
597,RMHICHDMNOFLSA-WSJMPXRGSA-N,
598,GABWGLQZIQWIEB-YXVPWWKOSA-N,
599,VGLIEVGUGNTURZ-UHFFFAOYSA-N,
600,IVOWWTOCEBDHAZ-UHFFFAOYSA-N,
601,DCIWNBRALFUQIM-UHFFFAOYSA-N,
602,TXJQQKATRADULL-UHFFFAOYSA-N,
603,HYYTWAXYXIPTDN-UHFFFAOYSA-N,
604,RUBIHLJFXUDMHT-UHFFFAOYSA-N,
605,VOWSCGMQSMSNLN-UHFFFAOYSA-N,
606,HJHJRMWVMHSGCA-UHFFFAOYSA-N,
607,XXKKENPLAPXKFL-UHFFFAOYSA-N,
608,VPMCOUSNXWELHA-UHFFFAOYSA-N,
609,VGPNYWIXGVIMJX-UHFFFAOYSA-N,
610,GWHXCRNODDCFCX-UHFFFAOYSA-N,
611,ODDYODBEMRIROT-OQKWZONESA-N,
612,NDSDDRQWURUHAM-HEHNFIMWSA-N,
613,GEWNERSIKJBSAE-LTGZKZEYSA-N,
614,YSWRFKCUFWVJML-RELWKKBWSA-N,
615,TZEVMEXEHMOTFG-OQKWZONESA-N,
616,YRDRTQMUWBTBRZ-RELWKKBWSA-N,
617,FWNRXUHSPHNREG-HEHNFIMWSA-N,
618,RQVUFITWWLNDGP-BQYQJAHWSA-N,
619,TWIMLFNHIWESPZ-YPJRHXLCSA-N,
620,NBQXEUVKLXUIMC-UHFFFAOYSA-N,
621,FASUWNRLMMRQRE-UHFFFAOYSA-N,
622,OKNMXSHKBLYYKN-UHFFFAOYSA-N,
623,QBLZXWRXSWVMCP-UHFFFAOYSA-N,
624,XVNXKIXYFBYGNP-LFIBNONCSA-N,
625,XVNXKIXYFBYGNP-WJDWOHSUSA-N,
626,YBFRSHOJJYXSAV-LDADJPATSA-N,
627,XDLRRMNAIVVZGU-UHFFFAOYSA-N,
628,UWCPWBIMRYXUOU-UHFFFAOYSA-N,
629,LQAQNZBRQVCETM-UHFFFAOYSA-N,
630,HZWXKVPCNDGWFA-UHFFFAOYSA-N,
631,XVASVLUYQGXPJN-UHFFFAOYSA-N,
632,KMSLONGITWRIMY-UHFFFAOYSA-N,
633,ONKAUACIQAWUMC-UHFFFAOYSA-N,
634,JCYZMTMYPZHVBF-UHFFFAOYSA-N,http://coconutKG.aksw.org/data/molecule/937653
635,BBDYUGABRXGWTJ-UHFFFAOYSA-N,
636,DLSPBTGUTQFLSN-GXDHUFHOSA-N,
637,WFPDCRSOMYLJNF-FMIVXFBMSA-N,
638,VIJBAMGPAFBIHA-UHFFFAOYSA-N,
639,QVHYTPXXLGJDRN-UHFFFAOYSA-N,
640,NLKHDWGHJGIYPF-UHFFFAOYSA-N,
641,MXFCPVGCMIYRFV-VSGBNLITSA-N,
642,DTMNXKRUTRULQG-UHFFFAOYSA-N,
643,LJFSAINKEOJJGO-UHFFFAOYSA-N,
644,ZUWWRVWVHVVPND-UHFFFAOYSA-N,
645,PAXYFQVPOZBQCN-UHFFFAOYSA-N,
646,HZWMOOVPDUBBSO-UHFFFAOYSA-N,
647,BARDOQOZPQZBAZ-UHFFFAOYSA-N,
648,WJIBATPPHWPKNB-UHFFFAOYSA-N,
649,GQLBZZPBCZRMLI-UHFFFAOYSA-N,
650,DMSGRRLIJUSBJK-UHFFFAOYSA-N,
651,UVFJVTJCZDPIHA-UHFFFAOYSA-N,
652,IFGNELFSFDLBLF-UHFFFAOYSA-N,
653,KRARWEUCTJCQJC-UHFFFAOYSA-N,
654,SQQNYAIDNSSHEM-UHFFFAOYSA-N,
655,ZKGKPYQMIDFLHJ-UHFFFAOYSA-N,
656,ZNCGZONAQWDLSY-UHFFFAOYSA-N,
657,HTRVXCKPYQUVLJ-UHFFFAOYSA-N,
658,LOJMUTSAGSEHIX-UHFFFAOYSA-N,
659,VIJLJEQPCTYPFY-UHFFFAOYSA-N,
660,KHKJOEIKDWHWDN-UHFFFAOYSA-N,
661,WAMMZCGFGBTWTC-UHFFFAOYSA-N,
662,WTGBDGNJKDGONP-UHFFFAOYSA-N,
663,ZQNRPAKMOUNOON-UHFFFAOYSA-N,
664,XCBLQWXEZNDRJP-UHFFFAOYSA-N,
665,YGROSAOZMCLHSW-UHFFFAOYSA-N,
666,ODMUYJGOPGLYIH-UHFFFAOYSA-N,
667,VIMAOKVQNAQFCM-UHFFFAOYSA-N,
668,ZHSNUXZQQLLCKH-UHFFFAOYSA-N,
669,JKRHCXSPUYBSBH-UHFFFAOYSA-N,
670,LVJQRAJOLZUUKW-UHFFFAOYSA-N,
671,OTOLLQGSEVOVMI-UHFFFAOYSA-N,
672,UJUWJBDKQLYUHA-UHFFFAOYSA-N,
673,XUWAYXHVDPVAEJ-UHFFFAOYSA-N,
674,KFGCMHFYLHWNHX-UHFFFAOYSA-N,
675,ONAVMGKRIZPYOC-UHFFFAOYSA-N,
676,JYIINAOHSJZMKC-UHFFFAOYSA-N,
677,LLIHAOUHTCMEEL-UHFFFAOYSA-N,
678,XOMCXSLXUWBNQB-UHFFFAOYSA-N,
679,HVPHMIMLTVABBJ-UHFFFAOYSA-N,
680,KKDOWRPMGFXDPU-UHFFFAOYSA-N,
681,NAHCQBYVFUTQPQ-UHFFFAOYSA-N,
682,ITRIDPPZZUXLFW-UHFFFAOYSA-N,
683,DVHTUGSTAZQUMT-UHFFFAOYSA-N,
684,NYGCMQHBOZOEGB-UHFFFAOYSA-N,
685,KKZMNPPREYWZOR-UHFFFAOYSA-N,
686,XUUBGFLRMJRRSK-UHFFFAOYSA-N,
687,ZVKJFGDMUMNPDZ-UHFFFAOYSA-N,
688,YGAWWNBMCJQEKT-UHFFFAOYSA-N,
689,ROKLPPRTPHAGFK-UHFFFAOYSA-N,
690,OMEWQVXKWMWKEA-UHFFFAOYSA-N,
691,VPOXDFJHFXQQFR-UHFFFAOYSA-N,
692,AZERFNFOCUWMHL-UHFFFAOYSA-N,
693,FQRCSIMCSMHAAS-YGRLFVJLSA-N,
694,VJAAOWAHJDQBCD-UHFFFAOYSA-N,
695,JQYGKSSUVJZLDY-UHFFFAOYSA-N,
696,XSMOLIPUCQKDEV-UHFFFAOYSA-N,
697,CMGQAUIIKXDOBC-UHFFFAOYSA-N,
698,WISLRZADXFYSET-DYQZOYDYSA-N,
699,UGYDFHXSRVOOLR-JRJSLVRASA-N,
700,BLXPWNGYRVBLAY-UHFFFAOYSA-N,
701,HONPJNDFGMMTFS-UHFFFAOYSA-N,
702,QZYGPJNQDKGXIE-UHFFFAOYSA-N,
703,HVJFYQVNCNPPDV-UHFFFAOYSA-N,
704,NDBPVOXHBXFZBK-UHFFFAOYSA-N,
705,GZAUEWJUVJLRNO-UHFFFAOYSA-N,
706,LRQGIZJYUIAPDL-UHFFFAOYSA-N,
707,XLMDYKDRNXGZAA-UHFFFAOYSA-N,
708,XBVVQFDKYKYIDI-UHFFFAOYSA-N,
709,UNMYHYODJHKLOC-UHFFFAOYSA-N,
710,LHEIEBRYULRKII-UHFFFAOYSA-N,
711,PHDDCAWVDPQOFB-UHFFFAOYSA-N,
712,DXTYDDVJOBCCHE-OVCLIPMQSA-N,
713,PXDWANVEFJBCET-HOSYDEDBSA-N,
714,VJYIFXVZLXQVHO-UHFFFAOYSA-N,http://coconutKG.aksw.org/data/molecule/342633
715,XTFNPKDYCLFGPV-OMCISZLKSA-N,
716,MHVJRKBZMUDEEV-JVJLKXRTSA-N,
717,HTMCLLSRQWRPTN-OKMRAYSCSA-N,
718,HSMVGFCHIJPNRL-UHFFFAOYSA-N,
719,FGGDTIABOFNWOA-UHFFFAOYSA-N,
720,WSDGUNMLUALKBF-UHFFFAOYSA-N,
721,SCVMTZYTXXDAJT-UHFFFAOYSA-N,
722,JWUWFAODXKCOQM-UHFFFAOYSA-N,
723,WLHGRWQICUUWGP-UHFFFAOYSA-N,
724,RNDBBJIDKNQGHF-UHFFFAOYSA-N,
725,ALORXQPABPZBPR-UHFFFAOYSA-N,
726,UXDREEDMMNACPU-UHFFFAOYSA-N,
727,NMJQWYDVSVZATD-UHFFFAOYSA-N,
728,DOUBSKUMIZYICY-UHFFFAOYSA-N,
729,JFCBWRBGLGUNPH-UHFFFAOYSA-N,
730,UHGVBEUDRRTCAK-UHFFFAOYSA-N,
731,OYEQJQNRMFKNDG-VIZOYTHASA-N,
732,TZKDKVOAUCBYJK-GIDUJCDVSA-N,
733,XDGIFUBPAVQFCJ-GZTJUZNOSA-N,
734,IDYOAOPEFKVUMV-PTXOJBNSSA-N,
735,RBRDWBFEYYXRNJ-UHFFFAOYSA-N,
736,MTPROXDBHCNBRU-UHFFFAOYSA-N,
737,DWNAIXGVSUHJJI-UHFFFAOYSA-N,
738,CGPFTXXMYYSRBQ-UHFFFAOYSA-N,
739,CVEAKFSSPKASQL-UHFFFAOYSA-N,
740,QTAKCQDISKEWPT-UHFFFAOYSA-N,
741,HTWPHWKNZWDYJA-HGWQWFSKSA-N,
742,LVLKBLNVIZPVNM-UHFFFAOYSA-N,
743,JKRAALJWKDHXQG-UHFFFAOYSA-N,
744,DDVDHLUOMSWQDO-UHFFFAOYSA-N,
745,PPQGKYCWPUHGRF-UHFFFAOYSA-N,
746,ORQATDHBAUBGCF-UHFFFAOYSA-N,
747,RKSDHSHSKAXCED-UHFFFAOYSA-N,
748,XZMGYNOARMDSOY-UHFFFAOYSA-N,
749,CTVYQQGPTAJPJX-DMDPSCGWSA-N,
750,DFMMRUDEZILQOP-UUOKFMHZSA-N,
751,XXEPHYJPJMAKII-TZQXKBMNSA-N,
752,JLGRUXPJMPFHTG-IOSLPCCCSA-N,
753,CESMSNGGFQBVOV-AWEZNQCLSA-N,
754,IIYYCNSFYKNYCK-UHFFFAOYSA-N,
755,ZJHZBDRZEZEDGB-UHFFFAOYSA-N,
756,RITGAYJWPIUKJI-CTDWIVFPSA-N,
757,ALGPHOUNWIZIOQ-UHFFFAOYSA-N,
758,YGHVMEYBSUHIGF-UHFFFAOYSA-N,
759,SYBKMUXVSXUMKQ-UHFFFAOYSA-N,
760,ZHTAHEWNEKCZKN-UHFFFAOYSA-N,
761,GHWWPKGEXYATFJ-UHFFFAOYSA-N,
762,HVGHCSSLTYMRRT-UHFFFAOYSA-N,
763,XZBVMYTVRGGDKI-UHFFFAOYSA-N,
764,RUPCNQRICRCGRU-UHFFFAOYSA-N,
765,ZSNKLBYLHAIGRU-UHFFFAOYSA-N,
766,KOIBOVZDQRDXAM-UHFFFAOYSA-N,
767,ZNIPTDGCMYWPTK-UHFFFAOYSA-N,
768,UJWMCTCIJSSLTI-UHFFFAOYSA-N,
769,WERADNQQDSSVCI-UHFFFAOYSA-N,
770,FZEFYWBQZDKGQK-GXDHUFHOSA-N,
771,BATHMVPZFXEZMP-UHFFFAOYSA-N,
772,OIJHYSMVOFTTOD-UHFFFAOYSA-N,
773,GTSXMUWLYJNPIP-FIQDDSDUSA-N,
774,NDOZELGHTRXWMY-QUVDLZNZSA-N,
775,WTLXSGQJKQUNNA-UHFFFAOYSA-N,
776,ULBYIESLTUGJFL-ONTIZHBOSA-N,
777,RGTIBVZDHOMOKC-UHFFFAOYSA-N,http://coconutKG.aksw.org/data/molecule/275931
778,CQQSQBRPAJSTFB-UHFFFAOYSA-N,
779,OLYOZPVGMNPAQV-UHFFFAOYSA-N,
780,KHWBOTPHMVANOX-UHFFFAOYSA-N,
781,MNRDYAWSCTUIQH-UHFFFAOYSA-N,
782,LECADIHZZRIIMF-UHFFFAOYSA-N,
783,DLKOUKNODPCIHZ-UMYWTXKFSA-N,
784,IRYOZLKMXHUGKP-UHFFFAOYSA-N,
785,LHUBQSLBXQKSEG-UHFFFAOYSA-N,
786,OMOMUDIDHUJZPI-BYNSBNAKSA-N,
787,KDEMWCFSSHWZFE-UHFFFAOYSA-N,
788,JPTNQSQADTXLIH-UHFFFAOYSA-N,
789,GJKBXMHXMVVKPG-UHFFFAOYSA-N,
790,KBGFRYZQNWMJML-UHFFFAOYSA-N,
791,ZVDHYJSUUMEKLM-UHFFFAOYSA-N,
792,KSVABHPQWWGZTO-UHFFFAOYSA-N,
793,WJGPOZGLMDLXFK-UHFFFAOYSA-N,
794,BOSPDDSAEBQOFC-UHFFFAOYSA-N,
795,LXMALHOSENYLJN-UHFFFAOYSA-N,
796,MBBSZNINAPBIOU-UHFFFAOYSA-N,
797,SQCZCFGNKKSCEU-UHFFFAOYSA-N,
798,AWHMOPGNILDLFJ-UHFFFAOYSA-N,
799,AJINHUJEPKNHOH-UHFFFAOYSA-N,
800,WSRCMDLYWFLWNE-UHFFFAOYSA-N,
801,VTVWJTUIGJTSRL-UHFFFAOYSA-N,
802,LEPMBCXBWPDXHG-UHFFFAOYSA-N,
803,OIZAATYLDAIHIC-UHFFFAOYSA-N,
804,CLVREJGNDMVEPU-UHFFFAOYSA-N,
805,NUOINCLIAABVCU-UHFFFAOYSA-N,
806,YIEHFTIKWWPJLG-UHFFFAOYSA-N,
807,DCXRLIMUTHPCQS-UHFFFAOYSA-N,
808,JLBIAIZWLIHBJK-UHFFFAOYSA-N,
809,YJGOFSXULJRCND-UHFFFAOYSA-N,
810,DYRMVJBMCCGUTM-UHFFFAOYSA-N,
811,WGFVBKZVUVKMDA-JLHYYAGUSA-N,
812,VWAVXLLFKHFOAL-UHFFFAOYSA-N,
813,WVGOTLCESRPVGW-UHFFFAOYSA-N,
814,HDBLROBNWPJKMF-UHFFFAOYSA-N,
815,KHSMTVXJHDGDQQ-UHFFFAOYSA-N,
816,ALAOOQMIFYSRCU-UHFFFAOYSA-N,
817,DOCLWWVOTYVHPU-UHFFFAOYSA-N,
818,JAUGZUMCXUHEOU-UHFFFAOYSA-N,
819,ONBARDPAEUYDCB-UHFFFAOYSA-N,
820,YJCSCDYDKYXEAY-UHFFFAOYSA-N,
821,JFDVCHWQWBJLOD-UHFFFAOYSA-N,
822,XBAYFWWNPZQFTL-UHFFFAOYSA-N,
823,GWFLZLFYTPMBHN-UHFFFAOYSA-N,
824,TYQNTYWVCXQSRS-UHFFFAOYSA-N,
825,PLQHZDFOKKJAIW-UHFFFAOYSA-N,
826,DWDSVHHGSJXVPY-UHFFFAOYSA-N,
827,MGUBJLGMVPEJMK-UHFFFAOYSA-N,
828,NYZHQAYWJXMHMF-UHFFFAOYSA-N,http://coconutKG.aksw.org/data/molecule/674647
829,BBXXLROWFHWFQY-UHFFFAOYSA-N,
830,CBSBWFAKQWSGJB-UHFFFAOYSA-N,
831,ZEDYPOMVUWEQFR-UHFFFAOYSA-N,
832,MMCSIBCWUFFCKY-UHFFFAOYSA-N,
833,JBDNBDMXDDUNNA-UHFFFAOYSA-N,
834,PTTXBLLZVAKZCT-UHFFFAOYSA-N,
835,JYHJEOMJPCRVGZ-UHFFFAOYSA-N,
836,WPPBAOIDFRDHHU-UHFFFAOYSA-N,
837,KCGLWIFUYTWECL-UHFFFAOYSA-N,
838,PDNITXWCWGJDKH-UHFFFAOYSA-N,
839,NUFHQWAYHZSWDV-UHFFFAOYSA-N,
840,HPZKHVKBKHHCPD-UHFFFAOYSA-N,
841,ZMQCOOFJUHHLPB-NSHDSACASA-N,
842,DAWXVAIHGJMRRA-UHFFFAOYSA-N,
843,IGEAVSGKASBSPS-UHFFFAOYSA-N,
844,GJEGHOAEZMDPTI-UHFFFAOYSA-N,
845,RVEIQXOZDBDUJW-UHFFFAOYSA-N,
846,QUFXSPKFTSYJQD-UHFFFAOYSA-N,
847,GSQMBVVXWAOKTB-UHFFFAOYSA-N,
848,TVUHMDAIYAYUDC-UHFFFAOYSA-N,
849,FPSXDXTVYXQEHB-UHFFFAOYSA-N,
850,XBVPAFMFTNIRSV-UHFFFAOYSA-N,
851,SJKVFHRZIIRNIE-UHFFFAOYSA-N,
852,HGJFWHJDIOBYGX-UHFFFAOYSA-N,
853,JYWZNEBKZPMNJS-BURFVFRZSA-N,
854,PPRMSKIACVAHLP-ZNZIZOMTSA-N,
855,DURKLBBUJUDIJI-UTUOTABISA-N,
856,RUYXKPSHTCCWFE-UHFFFAOYSA-N,
857,XRJOWZFHNURJQT-UHFFFAOYSA-N,
858,NKPSPVCIDIEJFQ-UHFFFAOYSA-N,
859,LJBKUXPERIFYEA-UHFFFAOYSA-N,
860,IWAXDKIPUBCHLU-BJQRDSPESA-N,
861,RCSJCWCACVFPSI-UHFFFAOYSA-N,
862,DQWLFZNGFZTXQC-SBQFXOPASA-N,
863,SJKWGHPDDCNDII-GHEQTVGYSA-N,
864,WDMFRCAMGZSKPP-FNVCAUGXSA-N,
865,OGSPWJRAVKPPFI-UHFFFAOYSA-N,
866,VDZZTXBMKRQEPO-UHFFFAOYSA-N,
867,GKLJTJXQSCOCAN-UHFFFAOYSA-N,
868,NEYOAOPYMHNKOQ-UHFFFAOYSA-N,
869,OWWOMIFQTFZNGK-UHFFFAOYSA-N,
870,MTFUCRCJALBLJZ-UHFFFAOYSA-N,
871,NSKSPOOJQXSMEO-UHFFFAOYSA-N,
872,LSGSHQLIMMZDLP-UHFFFAOYSA-N,
873,QSWNJRYMPUDHGF-UHFFFAOYSA-N,
874,XRJCFZUOXQVWGF-NWILIBCHSA-N,
875,GPXHIYXWGUYGHF-MXWIWYRXSA-N,
876,CVTOCKKPVXJIJK-HBKJEHTGSA-N,
877,IXIITVGWLWCRQL-IWGRKNQJSA-N,
878,TVJSHFZBWQHJFF-UHFFFAOYSA-N,
879,OPTBYDHXCQHIPH-UHFFFAOYSA-N,
880,VZAGCRQJRXHJNZ-VULFUBBASA-N,
881,IRDKASZLBXOERK-UHFFFAOYSA-N,
882,OQYZVVJUKASDLI-UHFFFAOYSA-N,
883,XVEIEUIURLFUMR-UHFFFAOYSA-N,
884,CQVOELRYLBGVRX-LQKURTRISA-N,
885,XHNSUZALLCTOAT-CVKSISIWSA-N,
886,IEAFYLRKILUQOL-UHFFFAOYSA-N,
887,DSMGEPBRPIEQKD-ULYWAXSHSA-N,
888,XUXUBWLCLZNEFG-KQQUZDAGSA-N,
889,HMABDLSTKKQESN-DHZHZOJOSA-N,
890,RVSKEYHELSFXLZ-YVUBOPQPSA-N,
891,JMEMDLPJUMKXGG-OENGIGCFSA-N,
892,HDNAMUMBIQDFKF-AETJLUGGSA-N,
893,RGJONKKMBWPLQS-WIRXVTQYSA-N,
894,ZPVHBQIGHVBBKF-CPCREDONSA-N,
895,VFOAAIIORKZVIH-MDWZMJQESA-N,
896,YUBNWWGURKFADA-WOJGMQOQSA-N,
897,RECBILAQPOBOTF-UHFFFAOYSA-N,
898,YLNOWQFJAXOVRW-QXBNKWALSA-N,
899,XWVVXBPZKABHIO-JAMVSGQDSA-N,
900,PLSSLDXRSXJWNP-XZVFWACVSA-N,
901,KNNREKRFXMJPGQ-HDQOQCMRSA-N,
902,CNMMINIVHMBYJU-GZTJUZNOSA-N,
903,WLFYSBWVIFLTSU-BZVUWSQFSA-N,
904,NVMLXQKEGRLXCD-RJBFARDGSA-N,
905,NRVBCMSCIFGRPH-UHFFFAOYSA-N,
906,ZDQZOJVMDFPFMT-UHFFFAOYSA-N,
907,FOVWJBFTCCUKRC-UHFFFAOYSA-N,
908,WSPMSRHCKZFXOA-YYPVUZKKSA-N,
909,PZMGRWSIHZQBAM-GGWOSOGESA-N,
910,GAFNTXMCEUHJHM-UHFFFAOYSA-N,
911,LZJVVKXGQAMRLH-UHFFFAOYSA-N,
912,KPMNGLIETDLZHE-UHFFFAOYSA-N,
913,PCHLXCZGLCYUQF-UHFFFAOYSA-N,
914,CHGOQGQJJITGCQ-UHFFFAOYSA-N,
915,LGEONMJCMKTLMZ-UHFFFAOYSA-N,
916,WAGKXVZACXUBGC-UHFFFAOYSA-N,
917,AWLSIUNBAMYQFS-UHFFFAOYSA-N,
918,GPRIFFQYBSXUSF-UHFFFAOYSA-N,
919,NYTSVEOTVVHFDD-UHFFFAOYSA-N,
920,JXUMIZLSVDQFOR-UHFFFAOYSA-N,
921,GVJFOIIOUMVOAO-UHFFFAOYSA-N,
922,BRDBEERUXFPTMZ-UHFFFAOYSA-N,
923,MMWSSWDFODGFCO-UHFFFAOYSA-N,
924,UUAOMSIQGLAGEE-UHFFFAOYSA-N,
925,QOXMWGCWWYHZNW-UHFFFAOYSA-N,
926,MESWOJZBDQPALW-UHFFFAOYSA-N,
927,HBQJWNIOWHORBV-UHFFFAOYSA-N,
928,GIBVJNZRWNQQLH-GFVCXMRRSA-N,
929,RFHAOTPXVQNOHP-UHFFFAOYSA-N,http://coconutKG.aksw.org/data/molecule/31080
930,JQBACNZPACERKS-UHFFFAOYSA-N,
931,ZZLALCFNNDPTFZ-UHFFFAOYSA-N,
932,NZVSQWCKQJGRFR-PGRDOPGGSA-N,
933,CZJJFJQBTHKAJW-UHFFFAOYSA-N,
934,PCHDWRORUKYCME-UHFFFAOYSA-N,
935,HHRZDBCEGCCORS-UHFFFAOYSA-N,
936,BYIHBGZCTPYUCL-UHFFFAOYSA-N,
937,BICPSHURFJTOBV-UHFFFAOYSA-N,
938,ATGCSEFRFPTFFQ-UHFFFAOYSA-N,
939,RPDBVGNMQOCIMG-UHFFFAOYSA-N,
940,VYVNAJNUWNGZOF-UHFFFAOYSA-N,
941,PMTFLAWFQMHLPS-IRXDYDNUSA-N,
942,WTZMWVYGTPUZFA-DLBZAZTESA-N,
943,ADJMAKIJBCRROI-UHFFFAOYSA-N,
944,CWZSPVXVZKGUJF-VOTSOKGWSA-N,
945,CALICRVBUIFPIP-UHFFFAOYSA-N,
946,SPRPDKXIOIYUQE-CMDGGOBGSA-N,
947,CWZSPVXVZKGUJF-SREVYHEPSA-N,
948,AFGUOEGQVXDRJH-UHFFFAOYSA-N,
949,GFCWYHNVLITHPK-OCCSQVGLSA-N,
950,YYQADCHKVBKGCJ-RGEXLXHISA-N,
951,VTNLTSNQUUVKRU-HEHNFIMWSA-N,
952,UJYVBIQPVRANEE-XMHGGMMESA-N,
953,HBOMLICNUCNMMY-XLPZGREQSA-N,
954,FNSHYEAUAUHIMB-UHFFFAOYSA-N,
955,LRPTWDVRWNQMPG-UHFFFAOYSA-N,
956,SDLILULALIDNSO-UHFFFAOYSA-N,
957,SEWMCYRCCHOLFW-DNTJNYDQSA-N,
958,JPUDUDLLROEXCO-LFYBBSHMSA-N,
959,WIJVMDJMJQSCIJ-RIYZIHGNSA-N,
960,DPJQHVMKIJQTCX-UHFFFAOYSA-N,
961,JHVOENNGCYWDLG-UHFFFAOYSA-N,
962,LMUNTAHSAYWBMD-UHFFFAOYSA-N,
963,QENQSAPKNQBZBF-UHFFFAOYSA-N,
964,ROXVAQRMVUBJEC-UHFFFAOYSA-N,
965,WFSYYFBVPXEWFF-IOSAJRKSSA-N,
966,OOTCVJVLPIHPHP-KKCIAXMLSA-N,
967,CKTKQBJWDOJCQM-HIIRIOHQSA-N,
968,KCISRNZQHORMRO-APPDDKBKSA-N,
969,PUCAPGFYGBKMSA-CDFMXLMJSA-N,
970,CHMGFTGFLUVYTL-HPCQOMFASA-N,
971,AXBWEHNBWRHZBB-RVDMUPIBSA-N,
972,DMLXXZIAQFJLBH-UUASQNMZSA-N,
973,YRXPCPGTMSVNEK-UHFFFAOYSA-N,
974,CNVBOYMHCAHYQA-PJQLUOCWSA-N,
975,MVOLDJVWBQZJJH-UHFFFAOYSA-N,
976,YYTLCOYTKCREFZ-UHFFFAOYSA-N,
977,RYYLZOUXUDQNJZ-UHFFFAOYSA-N,
978,KBTDRQVARMJBHT-NCFXGAEVSA-N,
979,BTBNWOMYGMLDCO-UHFFFAOYSA-N,
980,AMRBTCQIXZXEGO-UHFFFAOYSA-N,
981,DGRMQZIVDZKENK-UHFFFAOYSA-N,
982,PAXFOAXYSPIKAQ-KQYNXXCUSA-N,
983,MGSFMOMNFYFBJF-KQYNXXCUSA-N,
984,RGXDWPHFCKECLN-IOSLPCCCSA-N,
985,OTAODOVINFSQRQ-XSNZNWEMSA-N,
986,YMZLDTUSRCHDNT-YNIFFJEOSA-N,
987,CITYOBPAADIHAD-UHFFFAOYSA-N,
988,SROFDUACOHNMJB-UHFFFAOYSA-N,
989,MIAUHSKPCMGZQS-UHFFFAOYSA-N,
990,ZOPSJIXPBGFIIL-UHFFFAOYSA-N,
991,AOTVHKXSYSYJHW-UHFFFAOYSA-N,
992,OYPQHPYCYIRXIY-UHFFFAOYSA-N,
993,PPWHOPDBXDSLEO-UHFFFAOYSA-N,
994,VRUWAQGLQKNVQM-UHFFFAOYSA-N,
995,QAGYTNXYYTWSET-UHFFFAOYSA-N,
996,AIDVIFPYWYKRCE-UHFFFAOYSA-N,
997,UEBJAZZIGBSQMT-UHFFFAOYSA-N,
998,DDCAUPBWFJKZDY-UHFFFAOYSA-N,
999,OGNJIBCQHDUCGH-UHFFFAOYSA-N,
1000,XHOCSDDXSXQMGE-UHFFFAOYSA-N,
1001,JEQFEWYKPONMMU-UHFFFAOYSA-N,
1002,LQUGFZCZZYMZSI-UHFFFAOYSA-N,
1003,PNGFEWXVIVQHLC-UHFFFAOYSA-N,
1004,FVYBYNAJZKLMMY-UHFFFAOYSA-N,
1005,HUEKDASCTSZWES-UHFFFAOYSA-N,
1006,JIRODWLZHQDZBM-UHFFFAOYSA-N,
1007,SVVUFNZMTNZJNC-UHFFFAOYSA-N,
1008,LJFGZVCSOHJFAK-UHFFFAOYSA-N,
1009,IAMCWSVWBJVYIO-UHFFFAOYSA-N,
1010,FVPQPSYMRQUYFQ-UHFFFAOYSA-N,
1011,KYCGURZGBKFEQB-UHFFFAOYSA-N,
1012,JFIBVDBTCDTBRH-REZTVBANSA-N,
1013,QZKXNYJIDCJSOO-UHFFFAOYSA-N,
1014,YPTTVHATSJIIKC-UHFFFAOYSA-N,
1015,XDRUGQNDJGBODQ-UHFFFAOYSA-N,
1016,GAWSNXBLUNVZCK-UHFFFAOYSA-N,http://coconutKG.aksw.org/data/molecule/57020
1017,DZVQOGLNOPNNCK-UHFFFAOYSA-N,
1018,QXHZCATXOZDHBG-UHFFFAOYSA-N,
1019,GITAAAKDURRRPS-ZSOIEALJSA-N,
1020,CWSLXXSEIYTBGR-UHFFFAOYSA-N,
1021,CIFZHDRCJUNMFW-LQKURTRISA-N,
1022,JKIRBWNJEHQALP-UHFFFAOYSA-N,
1023,UEZNKNUEBFMVCF-MRVPVSSYSA-N,
1024,YANRSNFKZYPVNQ-CQSZACIVSA-N,
1025,DHXGDSFLEZUOAZ-UCQYVNLYSA-N,
1026,JVSFJHBHXNOKGU-LGYYRGKSSA-N,
1027,CVTCKZUJLBZMSA-UHFFFAOYSA-N,
1028,DBIAEXNBCPEAAA-UHFFFAOYSA-N,
1029,YTMDDHDOCBVTHT-UHFFFAOYSA-N,
1030,YMWXOMKYVBEREM-UHFFFAOYSA-N,
1031,WQUBEHACPHLZIU-UHFFFAOYSA-N,
1032,WHPSMBYLYRPVGU-RFZPGFLSSA-N,
1033,VORUGNPWIUKFKO-UHFFFAOYSA-N,
1034,ICLFNRROGCRJOF-UHFFFAOYSA-N,
1035,CXSMENKCEHILTH-UHFFFAOYSA-N,
1036,SUQKTZWJFCQSKP-UHFFFAOYSA-N,
1037,IPIRAOBNKYWZOZ-UHFFFAOYSA-N,
1038,KSQGSDLKUMJEBG-UHFFFAOYSA-N,
1039,RBRBGHDAPPUJII-UHFFFAOYSA-N,
1040,YKLHWMNKDGZBAX-UHFFFAOYSA-N,
1041,CDEWDWYGBQQHHN-UHFFFAOYSA-N,
1042,OJFZYAQGMWSUID-UHFFFAOYSA-N,
1043,GHDKWWRARPMTNA-UHFFFAOYSA-N,
1044,LLTMFKOMKKKDNQ-UHFFFAOYSA-N,
1045,XAACDTNCWKPUDH-UHFFFAOYSA-N,
1046,FUCHTSBIUIZRIS-UHFFFAOYSA-N,
1047,LCQMERCOLHHNJX-UHFFFAOYSA-N,
1048,VUIGSSKCMHWCME-UHFFFAOYSA-N,
1049,TWGGJXLRMIHURH-UHFFFAOYSA-N,
1050,IKHACWFDYVNHCT-UHFFFAOYSA-N,
1051,CFIZCTGVWKFBQU-UHFFFAOYSA-N,
1052,JRUYDNXCJUWTIT-VCHYOVAHSA-N,
1053,ZSFNWJVTZNXKBV-YBFXNURJSA-N,
1054,OOCLKIHLTGACPK-RGVLZGJSSA-N,
1055,FVQIFZTUVBJFSH-KEBDBYFISA-N,
1056,RNXCKAFJFKIQLL-VCHYOVAHSA-N,
1057,ASSDKBKJDKSVLT-GIJQJNRQSA-N,
1058,ZHIYZGUONAYEAO-UHFFFAOYSA-N,
1059,HDQUVZBMIUJKQV-UHFFFAOYSA-N,
1060,WBIKZQWGHHXZTG-UKTHLTGXSA-N,
1061,LGLHSVKDIBXERD-UHFFFAOYSA-N,
1062,LTAVIWBELVODLJ-UHFFFAOYSA-N,
1063,OFGVSIKSUXKQQH-IUBLYSDUSA-N,
1064,GWSFPBNCVBGLLQ-UHFFFAOYSA-N,
1065,SQFXKUVOJMLOFO-UHFFFAOYSA-N,
1066,AJCLHNYQRKPYFQ-UHFFFAOYSA-N,
1067,LVANTWLBTIEHSX-UHFFFAOYSA-N,http://coconutKG.aksw.org/data/molecule/50354
1068,XYRCPMXSIHHGSO-VDSQSLJXSA-N,
1069,DNFVWIKHLTYLMQ-OGLMXYFKSA-N,
1070,RQPVFQBFJFABFN-UHFFFAOYSA-N,
1071,UJTYGVDYVGRTAS-UHFFFAOYSA-N,
1072,RQZIZPWWWQCKJE-UHFFFAOYSA-N,
1073,JEKUPMOTIGDHNS-UHFFFAOYSA-N,
1074,FFJVYLVTPMHYQP-UHFFFAOYSA-N,
1075,SICFKEIZXLCBDD-UHFFFAOYSA-N,
1076,UAEPPANNMMJEHF-GIJQJNRQSA-N,
1077,CLOMCPUGTUUVRK-SESTXTCCSA-M,
1078,FRGFYHMBBWYTGH-UHFFFAOYSA-N,
1079,QODANUKDEHILIF-UHFFFAOYSA-N,
1080,NMIILRZYAIUZRW-UHFFFAOYSA-N,
1081,DOTQGOWEPGZREI-UHFFFAOYSA-N,
1082,KQYYFXSCJMMDOH-UHFFFAOYSA-N,
1083,WEQUDZGXEZOQTH-UHFFFAOYSA-N,
1084,RTVDDYYSYFIYFB-UHFFFAOYSA-N,
1085,MUWMQFIVAHPYLK-UHFFFAOYSA-N,
1086,LZKDAFYSBJOUOG-UHFFFAOYSA-N,
1087,CCCRTWPOHFRDPN-UHFFFAOYSA-N,
1088,DAMNJJOCGWPYMF-UHFFFAOYSA-N,
1089,NPSJFNHGIVQSKO-UHFFFAOYSA-N,
1090,SNMDEHWPWZZKMP-OQKWZONESA-N,
1091,CXJVEJWTPBZESY-RGVLZGJSSA-N,
1092,TXPQIQXIVCOTQJ-UHFFFAOYSA-N,
1093,ZSKFYPXQLDSFEU-UHFFFAOYSA-N,
1094,LMLCNATYHUNKDI-UHFFFAOYSA-N,
1095,OODXEKLLVOSDCE-UHFFFAOYSA-N,
1096,CETXDHNPPYXEOF-OZNQKUEASA-N,
1097,MOGZMXKHFUIRHE-RYQLWAFASA-N,
1098,HXMXEPMKDDLADA-SISFTASKSA-O,
1099,MCJFQALJQWLDPS-UHFFFAOYSA-N,
1100,LWTUTMBAYHSCIU-UHFFFAOYSA-N,
1101,BHASFMIMRXXKLB-UHFFFAOYSA-N,
1102,ZEMSOADIQPPNSW-UHFFFAOYSA-N,
1103,JHGALZVLIFFTMB-UHFFFAOYSA-N,
1104,YGKHJMBSOQFAIN-UHFFFAOYSA-N,
1105,WEYPIIGEJMFBEX-UHFFFAOYSA-N,
1106,RDLTZXDICKDJEF-OCCSQVGLSA-N,
1107,DKGZKTPJOSAWFA-UHFFFAOYSA-N,
1108,KPNQDFLNULYALI-RIYZIHGNSA-N,
1109,KWGPPIRNKHHVFI-ONNFQVAWSA-N,
1110,AEMPSBYIOBNOKP-KGVSQERTSA-N,
1111,NJNPRJPETVOQLT-VGOFMYFVSA-N,
1112,YERNWSKHBHXBMT-HJWRWDBZSA-N,
1113,LICSHANBVQFKHV-YCRREMRBSA-N,
1114,SQHLRFLHZLNSEM-UHFFFAOYSA-N,
1115,SBKGFBBQADYIJZ-AWQFTUOYSA-N,
1116,OTKIBPHYGDDNDE-UUILKARUSA-N,
1117,ROJMZFPQONDKBB-UHFFFAOYSA-N,
1118,JTHIWSXJCFHERN-LICLKQGHSA-N,
1119,HVAHERXSMIOUFF-UHFFFAOYSA-N,
1120,WVOUFENWNXMARZ-UHFFFAOYSA-N,
1121,DSTMSDFNZDWECI-UHFFFAOYSA-N,
1122,LJAHJUUIGGXDGY-UHFFFAOYSA-N,
1123,VAPCLPUGILPLCX-UHFFFAOYSA-N,
1124,XQDQZTLSVXKQAM-UHFFFAOYSA-N,
1125,DKHGMERMDICWDU-GHDNBGIDSA-N,
1126,NBQKINXMPLXUET-UHFFFAOYSA-N,
1127,UMGYUEJJGILBCC-UHFFFAOYSA-N,
1128,GVVCPFLFEQIUKY-USOAJAOKSA-N,
1129,ASWVWOUKSZIJTB-UHFFFAOYSA-N,
1130,JEOPZWKHKSRPQS-UHFFFAOYSA-N,
1131,OJFZYAQGMWSUID-QFIPXVFZSA-N,
1132,YMMNJBRSNFDXEQ-UHFFFAOYSA-N,
1133,NDAURKDIFHXVHE-UHFFFAOYSA-N,
1134,XDKJWJXCXRUBMR-ZOYWYXQUSA-N,
1135,ACSVFUACEODJDN-OVWOLCBMSA-N,
1136,LAIWUFPMTOEBCI-CUVVAGTFSA-N,
1137,BARKMJDWQGKXIS-UHFFFAOYSA-N,
1138,STOFRCWXZOHKCT-UHFFFAOYSA-N,
1139,HFDMMKOMGWVDMR-UHFFFAOYSA-N,
1140,COTNVRIGCSTBHG-UHFFFAOYSA-N,
1141,FNJIMNLSIQAWTL-UHFFFAOYSA-N,
1142,FCJZZWNHWMKTJN-UHFFFAOYSA-N,
1143,IHHXIJWWGUUMBZ-UHFFFAOYSA-N,
1144,BQCWOHQTZPBHFI-UHFFFAOYSA-N,
1145,JPCWQKPLRZJLFA-UHFFFAOYSA-N,
1146,LUNIICHAJRHSEG-UHFFFAOYSA-N,
1147,PEPBQKSRHUTNFK-LNHBQHCISA-N,
1148,DZATUGRJMFZZBW-GIDUJCDVSA-N,
1149,GEBCLNBVHAQGQE-BFWDJAKLSA-N,
1150,RKFZZUBHOBSZAV-UHFFFAOYSA-N,
1151,DYKTUGLWBBOVTQ-UHFFFAOYSA-N,
1152,OGPACYRRWUZIRW-UHFFFAOYSA-N,
1153,APCFEGJUKJTYCB-ONNFQVAWSA-N,
1154,ITYMEDAKWSGUMZ-UHFFFAOYSA-N,
1155,PSXHJQYXJSXTRR-UHFFFAOYSA-N,
1156,LMDIHNHXUPEQHW-UHFFFAOYSA-N,
1157,CSRYTZCLFTYZLS-UHFFFAOYSA-N,
1158,QHMNCTCVOBMQLU-NTUHNPAUSA-N,
1159,XWIJMVBVQXIKGN-UHFFFAOYSA-N,
1160,LUOHYMXTGONBCD-UHFFFAOYSA-N,
1161,UKCKRZAYWTUROR-UHFFFAOYSA-N,
1162,KMYNGYWLMPLCLN-UHFFFAOYSA-N,
1163,HZRSNVGNWUDEFX-UHFFFAOYSA-N,
1164,GYSSRZJIHXQEHQ-UHFFFAOYSA-N,
1165,GZNLJWNTOZVXMQ-UHFFFAOYSA-N,
1166,SGFRJDBYVKRQRD-UHFFFAOYSA-N,
1167,UWIFFXGZLGEVFS-UHFFFAOYSA-N,
1168,OZKGUPWVNGBFOH-UHFFFAOYSA-N,
1169,XXJUYHCQYRJJDE-UHFFFAOYSA-N,
1170,HBEZDPSEPHVQJO-OVCLIPMQSA-N,
1171,XYAYONCORIXIAR-UHFFFAOYSA-N,
1172,CJLADLUWBYRIOO-UHFFFAOYSA-N,
1173,YBHLYRJZHRTXQB-UHFFFAOYSA-N,
1174,FQHCXNSACRNMIK-UHFFFAOYSA-N,
1175,FVEBILRIZNMCJN-UHFFFAOYSA-N,
1176,XQHOSMPOYDBZSO-UHFFFAOYSA-N,
1177,BQDNHCZPLFKYMM-WKMNSNIKSA-N,
1178,YIASLOFBMRDWSK-VBKFSLOCSA-N,
1179,LSADVGQPIFHTLZ-UHFFFAOYSA-N,
1180,NEXWIAAPMUHYEP-GJZGRUSLSA-N,
1181,BLJJDDGPLGZUPD-POTDNYQPSA-N,
1182,HQGIHMNMUKQAHY-UHFFFAOYSA-N,
1183,WSGVHLZTNFIJRW-UHFFFAOYSA-N,
1184,VUQKBHWXTBNFPC-UHFFFAOYSA-N,
1185,YQCWKPZLZBTMOY-UHFFFAOYSA-N,
1186,SYAMBCMIPDWOQL-UHFFFAOYSA-N,
1187,ZEIGSUYNVNRGMZ-UHFFFAOYSA-N,
1188,SJYUZCVJMYNDFK-UHFFFAOYSA-N,
1189,AYNFGLBDLZVXDF-UHFFFAOYSA-N,
1190,XWECTRWEVZKUOF-UHFFFAOYSA-N,
1191,LCPCRDWDUMAMCD-UHFFFAOYSA-N,
1192,WJAARBCPSJUOIT-UHFFFAOYSA-N,
1193,NYMDQEMHBSLFSF-UHFFFAOYSA-N,
1194,BSJIULQYPGNRAQ-UHFFFAOYSA-N,
1195,UADJIUXWAHHPRA-YBFXNURJSA-N,
1196,JWWXAKOLJBNWAT-RGVLZGJSSA-N,
1197,FWQQWVJTIBYQNG-YBFXNURJSA-N,
1198,QQIIECCQLAXVNP-RQZCQDPDSA-N,
1199,YFRNKYZPROVDGE-MAUKXSAKSA-N,
1200,WELSGLBSWWKOQJ-UQKRIMTDSA-N,
1201,PFDGXXRLSJQKLZ-UHFFFAOYSA-N,
1202,MALHKFAJHOWPKW-UHFFFAOYSA-N,
1203,GCMCIIVWNMSAIX-UHFFFAOYSA-N,
1204,XKRBHZWWSRIWNU-UHFFFAOYSA-N,
1205,VVNRXHLRZKJTDX-UHFFFAOYSA-N,
1206,RLVDDVWXQOZWDY-ZIAGYGMSSA-N,
1207,BFJUUCOLKWTLJX-XDHOZWIPSA-N,
1208,JFWRRQPKLTVAAU-RIYZIHGNSA-N,
1209,ADQLSTKWWHWFMA-MDWZMJQESA-N,
1210,NYEQVRPXDWMNHA-NTEUORMPSA-N,
1211,JOXGGARDYLSCAT-MDZDMXLPSA-N,
1212,KKWVGHNUDSPJKI-UHFFFAOYSA-N,
1213,OSXHBWBKERXUOM-WUXMJOGZSA-N,
1214,FIHOSKQKWGIWEA-UHFFFAOYSA-N,
1215,WWTHIQBLGXQKPK-UHFFFAOYSA-N,
1216,MXSUNMDAZDYILB-UHFFFAOYSA-N,
1217,WCGBYYXQLCTVMJ-UHFFFAOYSA-N,
1218,SAHBFHDVFKWSDJ-UHFFFAOYSA-N,
1219,YDPDDPNKLWLERU-UHFFFAOYSA-N,
1220,AERJCZYVFVMKLQ-ZBFHGGJFSA-N,
1221,YKHWTPGRJJCJMG-HOCLYGCPSA-N,
1222,RWOQRUQWCARUGY-UHFFFAOYSA-N,
1223,VCNBOOLRTIWWAR-UHFFFAOYSA-N,
1224,DXHPRGWXTHSUDR-YWSVKIIXSA-N,
1225,BGOUNHJBXRHUMH-UHFFFAOYSA-N,
1226,DIRMAXXETACGIO-UHFFFAOYSA-N,
1227,BEIOABUDCJPTJW-UHFFFAOYSA-N,
1228,GDXWVNORFLSONI-UHFFFAOYSA-N,
1229,AJQUNJBCHWSKMF-UHFFFAOYSA-O,
1230,JXYVZFCJKRYTLK-FMIVXFBMSA-N,
1231,LGUJGUQSDHGMOC-UHFFFAOYSA-N,
1232,DMVZEMSNKYYSMK-UHFFFAOYSA-N,
1233,UUFTXMJYXDEOJQ-CYBMUJFWSA-N,
1234,JYAYQHZAGJJALE-KFAVDCIESA-N,
1235,LNEYOZORSQCSSN-UHFFFAOYSA-N,
1236,GJWQDIOMJRXVFK-UHFFFAOYSA-N,
1237,FJJGFKBPRNRITA-UHFFFAOYSA-N,
1238,XWFRNTHGPRGCNS-UHFFFAOYSA-N,
1239,UWJNOIRJJRFYAB-UHFFFAOYSA-N,
1240,FCSBOSFFDCBLHP-BEFAXECRSA-N,
1241,XANJDGAUDBLJJB-HKUYNNGSSA-N,
1242,AOJYFODHRHWWEN-GQUXZSRASA-N,
1243,UISJAHGNRCBMAW-UHFFFAOYSA-N,
1244,YUHXPHNBJFUHSN-UHFFFAOYSA-N,
1245,LMPBXELOHATBEB-LICLKQGHSA-N,
1246,PXJHSIFHBCYOAF-MHWRWJLKSA-N,
1247,KPGGGKMMWWPSPU-ABAIWWIYSA-N,
1248,PACBZNVVTJRUCN-UHFFFAOYSA-N,http://coconutKG.aksw.org/data/molecule/690562
1249,UDHBHTHWWOQPBW-UHFFFAOYSA-N,http://coconutKG.aksw.org/data/molecule/692963
1250,GWPLWWRLEHMIPE-HPRYFGGTSA-N,
1251,GQCYXVVFZJKUEM-UHFFFAOYSA-N,
1252,GSRRPNQSGOPCFC-UHFFFAOYSA-N,
1253,VRSRXLJTYQVOHC-YEJXKQKISA-N,
1254,OFEZSBMBBKLLBJ-BAJZRUMYSA-N,
1255,BDUDPRIYZSWHNS-UHFFFAOYSA-N,
1256,FFUQTWQTVONOFI-UHFFFAOYSA-N,
1257,UADVMLLZXPSLKK-UHFFFAOYSA-N,
1258,VXTWGQNCAQAOJF-UHFFFAOYSA-N,
1259,BCCZCEPFXMMGBX-UHFFFAOYSA-N,
1260,FYSOKTDQYWUAAB-UHFFFAOYSA-N,
1261,XSIMSFWKQXFSMB-UHFFFAOYSA-N,
1262,ZTTQGRHFWHHKNS-UHFFFAOYSA-N,
1263,HZVVCHNAXQRECT-UHFFFAOYSA-N,
1264,MFFUWLMCCVBMSY-UHFFFAOYSA-N,
1265,LOPOCRKZBKUVLV-UHFFFAOYSA-N,
1266,ZVWCGJLWGPALOD-UHFFFAOYSA-N,
1267,WILCETCRWKMLIB-UHFFFAOYSA-N,
1268,ZNVNVRHEGZKDAE-UHFFFAOYSA-N,
1269,AMWIZZMVFHUPTJ-UHFFFAOYSA-N,
1270,DOSGOOUMYPMSHG-UHFFFAOYSA-N,
1271,AMERVSKVPGHSEK-UHFFFAOYSA-N,
1272,AHLYEYGKUPFMEV-UHFFFAOYSA-N,
1273,SVMCCVJGHNRPCB-UHFFFAOYSA-N,
1274,FPNJRHPYUCWKBW-UHFFFAOYSA-N,
1275,YKSGIIHTBSYVHC-UHFFFAOYSA-N,
1276,QYCPHKGPNGFPQA-UHFFFAOYSA-N,
1277,ZQAGYUDWHJCHQE-UHFFFAOYSA-N,
1278,CXXODBUXOBNGPY-UHFFFAOYSA-N,
1279,PKHDTILXYNYSRO-UHFFFAOYSA-N,
1280,SZOKNHQWTPEAAZ-UHFFFAOYSA-N,
1281,BJYBZADPPGFSDC-UHFFFAOYSA-N,
1282,NXFQHRVNIOXGAQ-YCRREMRBSA-N,
1283,JQXXHWHPUNPDRT-JHURUABYSA-N,
1284,KXOWPKUNDPWJKD-YPMHNXCESA-N,
1285,XBTCKGFYJDGXOC-MFKMUULPSA-N,
1286,SLQVQKSDEBBOSA-UHFFFAOYSA-N,
1287,SULMLRBYXGQSKE-UHFFFAOYSA-N,
1288,XHEFDIBZLJXQHF-UHFFFAOYSA-N,
1289,OPYMOTLKQFPQGP-UHFFFAOYSA-N,
1290,NRLUONFWDLIFKS-UHFFFAOYSA-N,
1291,WDTUFJHIGJTNSD-UHFFFAOYSA-N,
1292,JYQMRDBZBBXHMC-UHFFFAOYSA-N,
1293,YVVNAYUSFCYGPS-UHFFFAOYSA-N,
1294,GSQPMKQJTMHIFH-UHFFFAOYSA-N,
1295,VCHWTZGSALOUAW-UHFFFAOYSA-N,
1296,VOQULOYAZPOGGA-UHFFFAOYSA-N,
1297,QWCPKWFUOYUVIN-UHFFFAOYSA-N,
1298,USCRJQCEKICQHA-UHFFFAOYSA-N,
1299,GFKPWKCDJBRXQK-OHMHCFLMSA-N,
1300,NRDAGRURPLJETJ-QVWGJOIVSA-N,
1301,JSEPSLOCPQODTM-UHFFFAOYSA-N,http://coconutKG.aksw.org/data/molecule/48483
1302,XYINERKDHZSLPE-VXLYETTFSA-N,
1303,LOLJXZVIBXTKKA-ZHACJKMWSA-N,
1304,HBZNAZRMQALFLI-UHFFFAOYSA-N,
1305,YSJXDWTZDBKGGF-UHFFFAOYSA-N,
1306,MJFAONCIDDKHRB-XHCCPWGMSA-N,
1307,CWEFJXVKJQBPNW-IBGZPJMESA-N,
1308,YXBKKJXISGIAMQ-IBGZPJMESA-N,
1309,OBHSTCVILDOZLK-UHFFFAOYSA-N,
1310,GISGJVLKBOHLSH-UHFFFAOYSA-N,
1311,WCGUUGGRBIKTOS-GPOJBZKASA-N,
1312,PHFUCJXOLZAQNH-OTMOLZNZSA-N,
1313,NSFZNZUBLBMNLD-JZTRKIHISA-N,
1314,NOVVYAANZLQECJ-JGJNBNKASA-N,
1315,MTJDCRJMDDGZCM-CEIRTLRLSA-N,
1316,CZOVDRWGLAATBO-UHFFFAOYSA-N,
1317,JFQSKSDJPCIZKS-UHFFFAOYSA-N,
1318,FUBVKLXKLXEMNO-UHFFFAOYSA-N,
1319,SJBRGTUWMZZBJW-UHFFFAOYSA-N,
1320,ZFNUJYXVCGAIRX-UHFFFAOYSA-N,
1321,DRWUCXQPGUYPKG-UHFFFAOYSA-N,
1322,YGPDUVCAVCHACJ-UHFFFAOYSA-N,
1323,HOCGJUCNOFLURS-MGMVUIRKSA-N,
1324,LISJHHHXKCHNFZ-RKACFXBMSA-N,
1325,NPZMAWADALSHQD-UHFFFAOYSA-N,
1326,MOLCDPMVIXILLZ-MXZHIVQLSA-N,
1327,NFJPLHYZNDOBTD-IZZDOVSWSA-N,
1328,FAITZDXDZADOGO-WKGMKENUSA-N,
1329,GKEOQBCCYRZLGE-UHFFFAOYSA-N,
1330,VMLRLNAOBMPUDD-UHFFFAOYSA-N,
1331,YALHRQFQCYFTDR-HTOAHKCRSA-N,
1332,BAORVJMPOKICFI-YGLWRBQSSA-N,
1333,YDPUFILBTRXZID-UHFFFAOYSA-N,
1334,MCLRBNDRGXNSGV-UHFFFAOYSA-N,
1335,KNQHUMAIUVQGBO-UHFFFAOYSA-N,
1336,LMVALCYBLWYSLU-UHFFFAOYSA-N,
1337,UUZNGYBZCIIUTK-IEWDKBCYSA-N,
1338,MJJGTVAHGOGIKT-WBMJQRKESA-N,
1339,DWYOMHDIRWJAFK-UHFFFAOYSA-N,
1340,LCERISQHBYPRJX-UHFFFAOYSA-N,
1341,QLZRPAJZDAXKNP-UHFFFAOYSA-N,
1342,DQEFRRKKNXLFCF-UHFFFAOYSA-N,
1343,JSRPCLKCSSYCHO-UHFFFAOYSA-N,
1344,LWKFOZBZZCGCHV-WBMJQRKESA-N,
1345,LUDNUQDOHLSXIR-ZBFHGGJFSA-N,
1346,MNXRSQQNTIAYRK-UHFFFAOYSA-N,
1347,DUMZYVAZBKDIQG-UHFFFAOYSA-N,
1348,DMRFUCYLTMVYCS-UHFFFAOYSA-N,
1349,GPVHSFBBBIATDI-UHFFFAOYSA-N,
1350,QLTGQIVKMJYMOH-UHFFFAOYSA-N,
1351,IFKOKKYJMCJYSF-UHFFFAOYSA-N,
1352,BFHIWMVROSONPM-GOEBONIOSA-N,
1353,XARKMPGLVZWUBR-UHFFFAOYSA-N,
1354,WFVDKZBDIMCXNQ-HMMYKYKNSA-N,
1355,LMEDUIHCIDNPGF-UHFFFAOYSA-N,
1356,AITDCDBWQPLTSF-UHFFFAOYSA-N,
1357,VTTIBUAIXVAPKR-UHFFFAOYSA-N,http://coconutKG.aksw.org/data/molecule/15319
1358,MRPGAQKBLJWWHY-ONNFQVAWSA-N,
1359,FYPUKRQAGKRSOW-UHFFFAOYSA-N,
1360,DYYDTCASIBGAGS-UHFFFAOYSA-N,
1361,DGKCTUXNTZKFMQ-UHFFFAOYSA-N,
1362,TZBJGXHYKVUXJN-UHFFFAOYSA-N,http://coconutKG.aksw.org/data/molecule/716105
1363,OEMPMQMUBMCYOI-GZTJUZNOSA-N,
1364,DEBXBFWUVRFNAH-UHFFFAOYSA-N,
1365,ARQOGCYMPUOVHK-ZHHKINOHSA-N,
1366,UHQHSGCKGVRYHM-UHFFFAOYSA-N,
1367,AWKPVXLLPWCTIJ-UHFFFAOYSA-N,
1368,ZOPDHDNIKFOWIF-CZKCSJLSSA-N,
1369,PPOHPUOKXMNCCI-UHFFFAOYSA-N,
1370,FQXVWMOFTODYHH-UHFFFAOYSA-N,
1371,WFDXOXNFNRHQEC-GHRIWEEISA-N,
1372,CKIZKPAUEJIIQZ-UHFFFAOYSA-N,
1373,RSYGKAMHIYBXIS-UHFFFAOYSA-N,
1374,UPFTXGRYTJLMHJ-UHFFFAOYSA-N,
1375,KLODRAKJKIOXTR-UHFFFAOYSA-N,
1376,KIYJWODNBBSFBS-UHFFFAOYSA-N,
1377,LYLHJLMNGGLTLT-UHFFFAOYSA-N,
1378,UBWKWKUPEMVEIC-UHFFFAOYSA-N,
1379,HTVGDXDAQDQZAQ-PBHICJAKSA-N,
1380,RGKAKRQKZSNWRW-HOCLYGCPSA-N,
1381,IMMJTEJZXCXFBR-HOCLYGCPSA-N,
1382,MXCLQZUPKWRGQZ-HOCLYGCPSA-N,
1383,JTZIAPIQJYGNFI-ABAIWWIYSA-N,
1384,CSVPKLRRZDVEIS-ABAIWWIYSA-N,
1385,FEVMFGAWBDAJOU-WBMJQRKESA-N,
1386,PKAXVRFRDBCDIJ-ZBFHGGJFSA-N,
1387,GZYMRBHMJPWXAZ-ZBFHGGJFSA-N,
1388,QPDWYTIQCNGWLK-UHFFFAOYSA-N,
1389,MWOBLWAWMBBTRE-UHFFFAOYSA-N,
1390,ZYYMBBMNVVYCEY-UHFFFAOYSA-N,
1391,RUESYFCUIJRGAS-UHFFFAOYSA-N,
1392,DGDXXRSWSXDMQQ-UHFFFAOYSA-N,
1393,UTZVKNDBTARNBS-UHFFFAOYSA-N,
1394,DGIFVGDGGYLEBU-UHFFFAOYSA-N,
1395,FFMQRMKSVJHTKB-UHFFFAOYSA-N,
1396,POYNDWHDGWOWNP-UHFFFAOYSA-N,
1397,YZFONMVHHPTCCK-UHFFFAOYSA-N,
1398,CDMKXIMAQHVWRQ-UHFFFAOYSA-N,
1399,OEBVKUXFJFYGMH-UHFFFAOYSA-N,
1400,NQELXTUHYQTODI-UHFFFAOYSA-N,
1401,YVLXKBBYJLDFRF-UHFFFAOYSA-N,
1402,XBANVSJVBWRWOR-OQLLNIDSSA-N,
1403,SUPOWFAECZKOCS-NTUHNPAUSA-N,
1404,YJZACQGIFRBLSB-BJMVGYQFSA-N,
1405,AKBPCJXSFLISFL-IZZDOVSWSA-N,
1406,RCFSZDOVSFYAFR-RVDMUPIBSA-N,
1407,AIIULLAPZVGYEI-CPNJWEJPSA-N,
1408,LXXHJSPSMPODIJ-UHFFFAOYSA-N,
1409,SZAHGHHHEULPED-UHFFFAOYSA-N,
1410,UPJYVJFPLZSUIS-UHFFFAOYSA-N,
1411,KYCIETWEYJWSRD-UHFFFAOYSA-N,
1412,GCGGEVHAFARLJN-UHFFFAOYSA-N,
1413,ZPNFAQOOZKUNDC-UHFFFAOYSA-N,
1414,DUQMHNVDXUYYHM-UHFFFAOYSA-N,
1415,XDAOLTSRNUSPPH-UHFFFAOYSA-N,
1416,CJJUUQWMCNJNHX-UHFFFAOYSA-N,
1417,JMGLFPMOHMVHDW-UHFFFAOYSA-N,
1418,ZFBBXYZFBJDFCT-UHFFFAOYSA-N,
1419,ZGRXGTCQXRGSEI-UHFFFAOYSA-N,http://coconutKG.aksw.org/data/molecule/678088
1420,ACJJXELQAJQSLK-UHFFFAOYSA-N,
1421,SDBNYBMBPYRBSJ-ASVWTAOFSA-N,
1422,POELQXXPKHMGFF-WIRXVTQYSA-N,
1423,LCLHUHWHQUOCES-UHFFFAOYSA-N,
1424,SAJFWDYOOHGTKO-UHFFFAOYSA-N,
1425,QBFNFKBQYGHPPE-UHFFFAOYSA-N,
1426,PKUNVONZOSUQCT-UHFFFAOYSA-N,
1427,ZRVSOQVTWFUDTN-UHFFFAOYSA-N,
1428,WCONKQPGROHZKO-UHFFFAOYSA-N,
1429,VUAQTUOQVQUFIU-UHFFFAOYSA-N,
1430,FMZCUXLURFLZKO-IROCBMIISA-N,
1431,CVGLMBBZBAGEAS-VOMDNODZSA-N,
1432,CHTSWZNXEKOLPM-UHFFFAOYSA-N,
1433,IAIWVQXQOWNYOU-FPYGCLRLSA-N,
1434,DZNWMTXVZDUSEB-UHFFFAOYSA-N,
1435,YXFRGFRPDJRMHG-UHFFFAOYSA-N,
1436,JCJNROZDDJTEKM-JLHYYAGUSA-N,
1437,DKIZGJUUWJZMMH-JLHYYAGUSA-N,
1438,HGXDCCZONFMVGW-UKTHLTGXSA-N,
1439,DZOQHAIPZXROSR-BHBWVORQSA-N,
1440,PCFSKLSMECVSEX-XYOKQWHBSA-N,
1441,RTGVKFYTPSSQAR-IWCJZZDYSA-N,
1442,RJZAWQBNVRESFG-RVXWVPLUSA-N,
1443,UVQPSRUSHIDBJT-IWCJZZDYSA-N,
1444,UOMFRFTTXYEMGV-IWCJZZDYSA-N,
1445,KYYATSQLUZYTBY-UHEGPQQHSA-N,
1446,FUFHYTPWYCOGOL-UBEDBUPSSA-N,
1447,XHDJYQWGFIBCEP-UHFFFAOYSA-N,
1448,DUYXCOHJMOIICJ-UHFFFAOYSA-N,
1449,IPVWURVUPPFULP-UHFFFAOYSA-N,
1450,NXARMQFGIYKUEY-UHFFFAOYSA-N,
1451,SHSQLCGSJXFRLX-UHFFFAOYSA-N,
1452,RQCSWLJEFOKLBO-UHFFFAOYSA-N,
1453,OGWRMWLJIVNNQX-IDTAVKCVSA-N,
1454,LPLUOXBBKHWGSJ-GJDPQZJCSA-N,
1455,GARDOWZVKKLKFJ-IOSLPCCCSA-N,
1456,RXBSGKNNSPBKBU-WOUKDFQISA-N,
1457,ZZYHOOTVAZYOPS-UHFFFAOYSA-N,
1458,QVJJGUNXMLWVBR-UHFFFAOYSA-N,
1459,TVWLIYKTEKHJDD-GZTJUZNOSA-N,
1460,GPDVSYNJINCAAF-CXUHLZMHSA-N,
1461,NXKOUGDVYBSIMT-RIYZIHGNSA-N,
1462,KQXMFIWCVKJVJB-UHFFFAOYSA-N,
1463,MTQKJDHKIRVLIT-FPLPWBNLSA-N,
1464,ZTOXYMHOARYIDE-FPLPWBNLSA-N,
1465,AURGNRKEXHVPOH-SREVYHEPSA-N,
1466,OCWYIVQFLTUWKS-UHFFFAOYSA-N,
1467,HMKIICIVRKQVLD-UHFFFAOYSA-N,
1468,QQRVFKSGDWMEIS-UHFFFAOYSA-N,
1469,DAWQESFNBIZODU-UHFFFAOYSA-N,
1470,SEEHGZFDYGBTEN-IINYFYTJSA-N,
1471,DWLKRGTTWQQCFY-UHFFFAOYSA-N,
1472,UNMMZPLAWMKFTB-UHFFFAOYSA-N,
1473,RFDAWSUGYINRRT-UHFFFAOYSA-N,
1474,OKVVEBHVTYYSSJ-WCSRMQSCSA-N,
1475,FFCNRMUGVLXZTG-ZIAGYGMSSA-N,
1476,FLVRWVWWONHPER-UHFFFAOYSA-N,
1477,AWQCPVVEJRJMFG-UHFFFAOYSA-N,
1478,KRMQURPQWSUWBU-UHFFFAOYSA-N,
1479,VFCDYDJIMHPFEP-UHFFFAOYSA-N,
1480,HRWBEURBUCMOEB-UHFFFAOYSA-N,
1481,UALRKVYVXGXZBM-ZHACJKMWSA-N,
1482,WAGZSQGCUXDBOA-UHFFFAOYSA-N,http://coconutKG.aksw.org/data/molecule/17656
1483,VPSPZJZLFVXKIS-VGOFMYFVSA-N,
1484,QHIQCMALCARQKW-UHFFFAOYSA-N,
1485,OTJRQXNIDYSJLS-QGZVFWFLSA-N,
1486,PWWVAXIEGOYWEE-UHFFFAOYSA-N,
1487,RAXBGBHBUFGWPG-UHFFFAOYSA-N,
1488,CINDKANQFMHQKV-VIZOYTHASA-N,
1489,HDFFZLLJRXNZMA-VIZOYTHASA-N,
1490,VWJBBKPEYUUTPI-UHFFFAOYSA-N,
1491,NYNNBMUASNHDNW-UHFFFAOYSA-N,
1492,WOSGESHBZCKGKX-DYHGJXMBSA-N,
1493,HYGYRBBZOHUETE-UHFFFAOYSA-N,
1494,ITRTVDLOZSNKEH-UHFFFAOYSA-N,
1495,FEKWKNAOQNWSKT-QXBNKWALSA-N,
1496,JRVDVVVTFKWORV-IDTSOLABSA-N,
1497,SFMVNVIPJPXDKY-QXBNKWALSA-N,
1498,XXZRCNKKWKFDHQ-GWHCBLLMSA-N,
1499,NHRUGQOYWKBPBB-JTUGOSKGSA-N,
1500,VAFIUNNEDCNHDT-UHFFFAOYSA-N,
1501,AXQAMYOMLXOWLI-UHFFFAOYSA-N,
1502,XGALLCVXEZPNRQ-UHFFFAOYSA-N,
1503,KTUFNOKKBVMGRW-UHFFFAOYSA-N,
1504,RZEKVGVHFLEQIL-UHFFFAOYSA-N,
1505,MSCCTZZBYHQMQJ-AZAGJHQNSA-N,
1506,WDZGCXUETRUUTP-HOCLYGCPSA-N,
1507,VRWYYZVMACQOIW-WSDLNYQXSA-N,
1508,MKGCUMBPNPGKDW-MHWRWJLKSA-N,
1509,YVBKKPHOTGEJHO-DEDYPNTBSA-N,
1510,KALYNDCGLCYRDR-UHFFFAOYSA-N,
1511,TYZQOTDNVBPGAW-UHFFFAOYSA-N,
1512,INBXAMCCSCEEIX-UHFFFAOYSA-N,
1513,YEKYPNVFFZQMIV-UHFFFAOYSA-N,
1514,VPURVZUDBXBHDF-UHFFFAOYSA-N,
1515,PBFILQVNZLMHGG-UHFFFAOYSA-N,
1516,SWWZIOLAAJNULB-UHFFFAOYSA-N,
1517,XKNWWXYUMFBFGI-UHFFFAOYSA-N,
1518,JXDCZAQHDXCOME-UHFFFAOYSA-N,
1519,SIGOLSHECNDVIW-UHFFFAOYSA-N,
1520,SMONWSZCPIORLD-UHFFFAOYSA-N,
1521,FJMMVEYRTXCEHM-UHFFFAOYSA-N,
1522,PEDMHJXYRFPUDU-UHFFFAOYSA-N,
1523,KEPRPJWFKRXOAR-UHFFFAOYSA-N,
1524,JLLMEXHLPNTIKG-UHFFFAOYSA-N,
1525,OKJSCJFYUVMSEW-UHFFFAOYSA-N,
1526,ONUFESLQCSAYKA-UHFFFAOYSA-N,
1527,HWCMFJQJHWDJLC-UHFFFAOYSA-N,
1528,LBWOFTSJUHMGLA-UHFFFAOYSA-N,
1529,SAOMFGQIZHSHIS-BOSHUSRQSA-N,
1530,AXPRZMZVGMMVJL-UHFFFAOYSA-N,
1531,CDIKKAYQIWBMIY-UHFFFAOYSA-N,
1532,DNEMRAMKNSTMPR-UHFFFAOYSA-N,
1533,TXESBSWXNPBOMO-UHFFFAOYSA-N,
1534,JHTQKHKAEDJIRC-UHFFFAOYSA-N,
1535,QNXFLZPFXXDPRZ-UHFFFAOYSA-N,
1536,FFGTWLWOKQZEDT-UHFFFAOYSA-N,
1537,XSWSJFPJUAUNER-UHFFFAOYSA-N,
1538,CXVIBKQUAXPYGU-UHFFFAOYSA-N,
1539,JMZBMOOLKLBBCW-UHFFFAOYSA-N,
1540,QDSRBCXONGZNKI-UHFFFAOYSA-N,
1541,ICRBQTIDEOOSJE-QJPTWQEYSA-N,
1542,KPAKLTBYPQSGHN-UHFFFAOYSA-N,
1543,NBNTWDUNCHRWMT-UHFFFAOYSA-N,
1544,MPDZGDLIDQRHMZ-UHFFFAOYSA-N,
1545,RVXSSAIUGMTMLQ-UHFFFAOYSA-N,
1546,FPSTZOFHLLUJOK-WUXMJOGZSA-N,
1547,MEYJIBAESOVUQJ-WUXMJOGZSA-N,
1548,VJMQKZDATXNVBK-OVCLIPMQSA-N,
1549,LNLJZVIRHPCYLS-UHFFFAOYSA-N,
1550,IPFYIXLGLKXTTQ-UHFFFAOYSA-N,
1551,XYKNTECEZGHJFW-UHFFFAOYSA-N,
1552,ZTACFZHMZWFGOZ-UHFFFAOYSA-N,
1553,KZTRVFOSIIRZLL-UHFFFAOYSA-N,
1554,RJNAHOXHYPQXRD-UHFFFAOYSA-N,
1555,OIZUVWYZBHCYOB-UHFFFAOYSA-N,
1556,HRIDUOZZXIYDCR-UHFFFAOYSA-N,
1557,KUCSGLQNLZAAQY-UHFFFAOYSA-N,
1558,JPUKWEQWGBDDQB-QSOFNFLRSA-N,
1559,ZPTQQDMUMLEHLA-UHFFFAOYSA-N,
1560,IFWUNRPPHCMQDX-UHFFFAOYSA-N,
1561,CJIUNPOFGYAIHU-UHFFFAOYSA-N,
1562,GAIWJZJORROHHH-UHFFFAOYSA-N,
1563,SFKUCXBBGSFQPI-UHFFFAOYSA-N,
1564,GUGSPZGZKPVEFS-UHFFFAOYSA-N,
1565,VIMXOKZAYCMUHC-UHFFFAOYSA-N,
1566,HGZFNFDRVPCIQU-UHFFFAOYSA-N,
1567,ADEZICRVHJCZHQ-UHFFFAOYSA-N,
1568,JWHCUTUBUZDWGH-UHFFFAOYSA-N,
1569,DWFPPYYQILRMMN-UHFFFAOYSA-N,
1570,MPDCYHCOYZVKEZ-UHFFFAOYSA-N,
1571,RWLCLXAQTRDYMN-UHFFFAOYSA-N,
1572,OFCQZGCHGDRSIJ-UHFFFAOYSA-N,
1573,VUIOIFSGKXBSHR-UHFFFAOYSA-N,
1574,RUADGHPYCVWMBQ-UHFFFAOYSA-N,
1575,NOBFSFXLIQGTIP-UHFFFAOYSA-N,
1576,PBUPBHZKMWNWQA-UHFFFAOYSA-N,
1577,IODHUTHEEDKRFV-UHFFFAOYSA-N,
1578,XVEPKNMETRVLAG-UHFFFAOYSA-N,
1579,OWQNDAZFCKEDCN-UHFFFAOYSA-N,
1580,PHXVUTABROKDTA-UHFFFAOYSA-N,
1581,BEYOBBXJMUPECI-UHFFFAOYSA-N,
1582,FEZAAXYKVXVJNY-UHFFFAOYSA-N,
1583,IKQCMZKZSSCULQ-UHFFFAOYSA-N,
1584,IJWOWKHNAVUNAS-UHFFFAOYSA-N,
1585,PMYLZPSSSRDSSN-UHFFFAOYSA-N,
1586,ZXYYUTAHVZGCFL-UHFFFAOYSA-N,
1587,CDSKGBBSVBJUBC-UHFFFAOYSA-N,
1588,LRSTVJYJGNBUBB-UHFFFAOYSA-N,
1589,MUPKEJFLMHQPRN-UHFFFAOYSA-N,
1590,PRHLZFLBXIHEDJ-UHFFFAOYSA-N,
1591,KQWSEXYWBMLBQI-RNFRBKRXSA-N,
1592,FXZJJEHTFYJGSJ-UHFFFAOYSA-N,
1593,RWSXQDGYJOCILV-UHFFFAOYSA-N,
1594,ACXUHCGZGZYMGI-UHFFFAOYSA-N,
1595,WBNXDWXBGOXZCX-UHFFFAOYSA-N,
1596,XOAAWQZATWQOTB-UHFFFAOYSA-N,http://coconutKG.aksw.org/data/molecule/4771
1597,ZUROCNHARMFRKA-UHFFFAOYSA-N,
1598,ISQWCRSAYRXYRS-UHFFFAOYSA-N,
1599,NAHARJRINUHVAO-UNGNXWFZSA-M,
1600,QIJYLDHXVVMVOH-UHFFFAOYSA-N,
1601,OROUNLQXXAREPA-UHFFFAOYSA-N,
1602,OHVFSGGQGWQAFJ-UHFFFAOYSA-N,
1603,QZPQTZZNNJUOLS-UHFFFAOYSA-N,http://coconutKG.aksw.org/data/molecule/699914
1604,JCWBMRZYUPOZQO-UHFFFAOYSA-N,
1605,XUKNZUJYUAFJQJ-UHFFFAOYSA-N,
1606,FOIJEVZWWJSXFM-UHFFFAOYSA-N,
1607,ZJQRCBHYKYNYON-UEBLJOKOSA-N,
1608,OGMBKJCSYTUQFC-DKXPKDADSA-N,
1609,ZWHKKFUMEGWCKH-UHFFFAOYSA-N,
1610,BQEIOZGJXZGUSZ-JJNLEZRASA-N,
1611,FQZPMAXRKAIJTI-WLRTZDKTSA-N,
1612,NGCNCCMZZRAFDQ-UHFFFAOYSA-N,
1613,IDIYEHMJGWCWOD-UHFFFAOYSA-N,
1614,DCGZALDLACNOOG-UHFFFAOYSA-N,
1615,ATCYVHURVWBFGU-UHFFFAOYSA-N,
1616,KUQCXSXVZXOAIA-KQYNXXCUSA-N,
1617,MCYCMMBXHUHLBY-KQYNXXCUSA-N,
1618,KUFQLLHDQCBTRE-GOSREXKOSA-N,
1619,QMGDCUHFYVMSBA-GJZGRUSLSA-N,
1620,WHIVBHRWDXJLBI-GZTJUZNOSA-N,
1621,RJZHUCQIRTZXGU-UHFFFAOYSA-N,
1622,BLHHABWYFYEAFX-UHFFFAOYSA-N,
1623,FHEWBXBIHHATDS-UHFFFAOYSA-N,
1624,KUPYQSPRPQJUMX-UHFFFAOYSA-N,
1625,RTFHFGKMSQBITM-UHFFFAOYSA-N,
1626,MZUXUSWQDWDJOK-UHFFFAOYSA-N,
1627,FMXCBMMVHHAXQP-GGAORHGYSA-N,
1628,RIIRQZDHOJXXCR-UHFFFAOYSA-N,
1629,ZWAWCXZHUNBPFW-UHFFFAOYSA-N,
1630,MLUMBHGHVVORTF-ZBFHGGJFSA-N,
1631,GMKKIUFCSKSIBT-UHFFFAOYSA-N,
1632,OVTRWWAFZIYZGF-UHFFFAOYSA-N,
1633,OMIKDVDWUVCNNR-UHFFFAOYSA-N,
1634,JNKQEBAWPCYMHP-UHFFFAOYSA-N,
1635,JMVONOZGFNJUQY-UHFFFAOYSA-N,
1636,QQSYQDSEMQWNAW-DLBZAZTESA-N,
1637,CKEXOHUUGFOPOI-UHFFFAOYSA-N,
1638,FLEOXDHPTJVXOT-PWSUYJOCSA-N,
1639,LBBNAWWCBCPOTR-YPMHNXCESA-N,
1640,MQSYRVZTNITHDK-OCCSQVGLSA-N,
1641,KSNWTVHARKGTES-OCCSQVGLSA-N,
1642,BVQSSPVXVNXSRY-PWSUYJOCSA-N,
1643,COEURUQLHAMOGI-OCCSQVGLSA-N,
1644,XVFHBVMDXICQCS-OCCSQVGLSA-N,
1645,LQQYQGGESNZXSA-OCCSQVGLSA-N,
1646,GTELHJZUOIUMNR-OCCSQVGLSA-N,
1647,ASCHZZZYHZEWQK-OCCSQVGLSA-N,
1648,YDLWCBPTPUWYHN-YPMHNXCESA-N,
1649,NODIVVRPUFOLDT-YPMHNXCESA-N,
1650,FUXRBOLOOVBQIG-RISCZKNCSA-N,
1651,CJBJHOAVZSMMDJ-HEXNFIEUSA-N,
1652,FIHJKUPKCHIPAT-HXMLZIBGSA-N,
1653,FQPFGLOLUUUBIH-UHFFFAOYSA-N,
1654,UBCHPRBFMUDMNC-JKJWBTBISA-N,
1655,PGTVWKLGGCQMBR-PZESTUNMSA-N,
1656,FLNXBVJLPJNOSI-UHFFFAOYSA-N,
1657,BNPSFYSDBGECMA-YPMHNXCESA-N,
1658,ZFXTWISUPCZBBU-PWSUYJOCSA-N,
1659,LYLSSNNUEQUNMF-OCCSQVGLSA-N,
1660,ALVOEWQXHVQFHT-OCCSQVGLSA-N,
1661,JWBCYOOOXOLSER-RISCZKNCSA-N,
1662,DXJYWEFDXMWWNB-MFKMUULPSA-N,
1663,DFTLRGMFPKAETQ-IYJAJMOOSA-N,
1664,CZPUEKUJKZRZQF-UHFFFAOYSA-N,
1665,LWAIVYOTRCHKGO-UHFFFAOYSA-N,
1666,SPHLLNFNOBCOGJ-UHFFFAOYSA-N,
1667,PCIRNJWONYJHDH-UHFFFAOYSA-N,
1668,VYONBURDSJXVTA-UHFFFAOYSA-N,
1669,MXMVDPKVHMNRIJ-UHFFFAOYSA-N,
1670,VFONFPRIZJEDQO-LLVKDONJSA-N,
1671,YATACEGRGLMIPR-UHFFFAOYSA-N,
1672,QTBFTOLJMPSXCU-UHFFFAOYSA-N,
1673,VMTLJFRSJPXIOJ-UHFFFAOYSA-N,
1674,GOABCPJBDQUQIS-UHFFFAOYSA-N,
1675,VIDWSUWTGSARNB-UHFFFAOYSA-N,
1676,HRFOXRCMHSXKIK-FMIVXFBMSA-N,
1677,DHNFQGPYIPVMDC-WUXMJOGZSA-N,
1678,QIEVCAIARGKJJD-UHFFFAOYSA-N,
1679,HNKZXYLSBQBGNK-UHFFFAOYSA-N,
1680,PQCVYSMAWGCYDF-UHFFFAOYSA-N,
1681,OUKQNNFKOXUENC-UHFFFAOYSA-N,
1682,ACIHPQLEFHTTPB-UHFFFAOYSA-N,
1683,JJILPSOLMZHOOD-UHFFFAOYSA-N,
1684,JTUXNWHBRHEREC-UHFFFAOYSA-N,
1685,FHJQFBWRTXBDGL-UHFFFAOYSA-N,
1686,YJGRFJQXVVTFEQ-UHFFFAOYSA-N,
1687,WMFUXKHRHUOOFY-UHFFFAOYSA-N,
1688,OEEYAPILAVFNBD-MRXNPFEDSA-N,
1689,SVGYYEYMWSNRES-UHFFFAOYSA-N,
1690,ANHHGBGCYMUJMS-UHFFFAOYSA-N,
1691,MABOHBRDFFXADJ-UHFFFAOYSA-N,
1692,LDLCQVOWBDOSGO-UHFFFAOYSA-N,
1693,VXMXHVCUCCVBJO-UHFFFAOYSA-N,
1694,JXMRBOOZUWPZPG-UHFFFAOYSA-N,
1695,ZQMHBEMFUJUNSZ-UHFFFAOYSA-N,
1696,NBMNTHREBNVTME-UHFFFAOYSA-N,
1697,BXOAGMYKQSVMPC-UHFFFAOYSA-N,
1698,SKFYXVUTQRIGCH-UHFFFAOYSA-N,
1699,IYJHTQIXXYVVHV-UHFFFAOYSA-N,
1700,IGCOPIWHEYBFST-UHFFFAOYSA-N,
1701,QGIHYQPVZRSTNP-AWEZNQCLSA-N,
1702,ZABHYRQFAJBKLS-UHFFFAOYSA-N,
1703,YASVNLMLQYFCTQ-UHFFFAOYSA-N,
1704,IGPPHPICUXZRDT-UHFFFAOYSA-N,
1705,XMJFNMBLKJNJLI-UHFFFAOYSA-N,
1706,KZFRULYIWSGDHV-AWEZNQCLSA-N,
1707,FTUGETCIOLTCQV-UHFFFAOYSA-N,
1708,MFDANUGWANIOOJ-UHFFFAOYSA-N,
1709,MGMIEHCUSMUFDU-UHFFFAOYSA-N,
1710,ISWKPNJCJDNVSL-LFYBBSHMSA-N,
1711,ZSPZSZMUOMBLFZ-UHFFFAOYSA-N,
1712,NDDVXEQYZNFRGJ-OVCLIPMQSA-N,
1713,XNWSSGDDXRUDAG-UHFFFAOYSA-N,
1714,RGPWGZPQPYGCNX-UHFFFAOYSA-N,
1715,HOLBXNWPYRFVSF-UHFFFAOYSA-N,
1716,NTYAHYUHYVFGAZ-UHFFFAOYSA-N,
1717,NDIVDIXLZMTASC-UHFFFAOYSA-N,
1718,KGNRZOAEBGORNQ-UHFFFAOYSA-N,
1719,NGHRIYJFWCQJNY-UHFFFAOYSA-N,
1720,RIEQPYFIRMWZRX-UHFFFAOYSA-N,
1721,SGXLXYKROIZDNE-RCCKNPSSSA-N,
1722,APKFDSVGJQXUKY-INPOYWNPSA-N,
1723,JFAPEZBOYBDCPU-SGNDLWITSA-N,
1724,ABGIIXRNMHUKII-DHZHZOJOSA-N,
1725,HXKMQTBDHDCEFL-TYYBGVCCSA-N,
1726,PJTGYPSOERQVHB-UHFFFAOYSA-N,
1727,XUNXFCUSSZWUCX-QGMBQPNBSA-N,
1728,YNBOGZDEOWRBRM-UHFFFAOYSA-N,
1729,HXZVNSUGOPEYMQ-UHFFFAOYSA-N,
1730,MHOIBBKKSNCHEP-CAOOACKPSA-N,
1731,VKEQYPHNKYFWFH-UHFFFAOYSA-N,
1732,CMQXBFRIGCIICV-REZHQCRGSA-N,
1733,ZFVKFWIIMQSPBV-UHFFFAOYSA-N,
1734,GMIAKFJZZJGKIV-UHFFFAOYSA-N,
1735,NMBPRMJYIWRPLF-UHFFFAOYSA-N,
1736,NCYSELBGNKFHAG-UHFFFAOYSA-N,
1737,LWZAVVLTWPQHQW-UHFFFAOYSA-N,
1738,DLLGVOVLWTZPCC-BMBVXPEGSA-N,
1739,RJTOWKMDJJACTA-SECBINFHSA-N,
1740,OCQWBUIMDQDJBG-CQSZACIVSA-N,
1741,HNGFRHNWGJXIEH-CYBMUJFWSA-N,
1742,POOVZUQLHIJQQQ-UHFFFAOYSA-N,
1743,GOCVBDJBURUEPZ-UHFFFAOYSA-N,
1744,SAEBHFMDSZRZHC-UHFFFAOYSA-N,
1745,XKGHUAMVEMIZQH-UHFFFAOYSA-N,
1746,VKWHIRFDAWKIEO-UHFFFAOYSA-N,
1747,UJFRYCGKVLAJKI-UHFFFAOYSA-N,
1748,HFVFRWSFYVPKGR-UHFFFAOYSA-N,
1749,INOCKTCICJAZRE-UHFFFAOYSA-N,
1750,WPUCYGNICODQKR-UHFFFAOYSA-N,
1751,MIEPYWWXHCJIJL-UHFFFAOYSA-N,
1752,YJOIWTZTFSCSHC-UHFFFAOYSA-N,
1753,OGIGCIAFFAYZIG-UHFFFAOYSA-N,
1754,NHRBXZMTNNWKPL-UHFFFAOYSA-N,
1755,XPURVBBTSBBUAK-UHFFFAOYSA-N,
1756,PJIWICTUISFYOV-UHFFFAOYSA-N,
1757,URKNFCYMXRPUKM-UHFFFAOYSA-N,
1758,CGWPVECOVJZHGM-UHFFFAOYSA-N,
1759,CLECSOYIDUAINW-GCGMKQBYSA-O,
1760,PIUNMFAPJBGKBS-UJMCOZQGSA-O,
1761,AKDCDVNDPAZRSM-UHFFFAOYSA-N,
1762,YXMYPHLWXBXNFF-UHFFFAOYSA-N,
1763,USACVKNTIJCITM-UHFFFAOYSA-N,
1764,BIQGJTBUQYXACH-UHFFFAOYSA-N,
1765,WNBWHNLOOFGWTJ-UHFFFAOYSA-N,
1766,RHMQAAFHGZAFPU-UHFFFAOYSA-N,
1767,ONFAKAARCLJRIQ-UHFFFAOYSA-N,
1768,XNIDEUYQVRRKJJ-FZPNTLRJSA-N,
1769,KJYQPXXHQUGBOU-UHFFFAOYSA-N,
1770,UXIXJRMKUKQIIV-UHFFFAOYSA-N,
1771,VOAHBFCLRPDSHD-UHFFFAOYSA-N,
1772,WUPZIJXCRARTKU-UHFFFAOYSA-N,
1773,CLGADMLAZFVRBD-UHFFFAOYSA-N,
1774,KJHKTHWMRKYKJE-SUGCFTRWSA-N,
1775,DFPAKSUCGFBDDF-UHFFFAOYSA-N,http://coconutKG.aksw.org/data/molecule/1005258
1776,NZCRJKRKKOLAOJ-ZXYFGDMBSA-N,
1777,ULGZDMOVFRHVEP-OUQSRZNGSA-N,
1778,MNJKVJAYSVAQLU-YOJCIBLDSA-N,
1779,LBHLFPGPEGDCJG-OAHLLOKOSA-N,
1780,XNKLLVCARDGLGL-JGVFFNPUSA-N,
1781,MYSWGUAQZAJSOK-UHFFFAOYSA-N,
1782,WJQYKRIBWNZUHM-WUXMJOGZSA-N,
1783,CBQNDWWCJPDPEY-UHFFFAOYSA-N,
1784,RFIPMQVNIPVVJZ-UHFFFAOYSA-N,
1785,MUZNLZVOKJVBPC-UHFFFAOYSA-N,
1786,WURSGCMBSCSYOG-UHFFFAOYSA-N,
1787,ONMPNFBLJGJFQB-OVCLIPMQSA-N,
1788,ULFBABPETWHPDV-YBFXNURJSA-N,
1789,FSAMKWKEPMEVOL-NTEUORMPSA-N,
1790,CPPFPXXKQFMJEV-LTGZKZEYSA-N,
1791,VSCYCTZVGAIKJB-UHFFFAOYSA-N,
1792,WOXXYWXRZNZVCL-OWKCIBLPSA-N,
1793,SVAZZZRJSKQPKE-UHFFFAOYSA-N,
1794,XPCQSTGXXDPGAO-UHFFFAOYSA-N,
1795,DQUUEQRGCDHDRL-UHFFFAOYSA-N,
1796,DWAJXOVGIYDMII-UHFFFAOYSA-N,
1797,PXFWFLZSKXBBOT-UHFFFAOYSA-N,
1798,RTKLKJFACGWOBY-UHFFFAOYSA-N,
1799,OJVPPJBPMUOWNF-UHFFFAOYSA-N,
1800,HZEFRJAOHMCOAO-UHFFFAOYSA-N,
1801,YNHNGLYRGYYBGX-UHFFFAOYSA-N,
1802,RVPHJXCMPRPSSP-UHFFFAOYSA-N,
1803,HKIADOMZSFUNHM-UHFFFAOYSA-N,
1804,JHGFEQGWJVCBOX-BWZMWZRISA-N,
1805,AJGGYMWCALORIZ-UHFFFAOYSA-N,
1806,MSEUKZJULQIWCJ-UHFFFAOYSA-N,
1807,GCAPTWCCEMALDF-UHFFFAOYSA-N,
1808,LEWFVJFJOLPXBW-UHFFFAOYSA-N,
1809,PKQYBXDXBBMDQQ-UHFFFAOYSA-N,
1810,GMLRJVMZWKNOTF-UHFFFAOYSA-N,
1811,BCLVTOZEADQGQX-SNVBAGLBSA-N,
1812,UUWGSZMZJOZWCU-GOSISDBHSA-N,
1813,XSEMVOCUQUIOJC-VIFPVBQESA-N,
1814,AIJKWDCJBLVTGU-HNNXBMFYSA-N,
1815,GYJUMJNTXHCSKW-UHFFFAOYSA-N,
1816,NJRMUCOMIAAJIT-RIYZIHGNSA-N,
1817,XOBXSIZLGQEDSF-MDWZMJQESA-N,
1818,KONBZMQXGNWPEN-BZZUSTGBSA-N,
1819,GWYQPAXYSPQNHF-BLZREXABSA-N,
1820,JQCXMUAJGXZNNL-MKMNVTDBSA-N,
1821,HQXODEGSPJMZOV-KKCIAXMLSA-N,
1822,POHWOFSNXFHXQJ-XCKSINOYSA-N,
1823,RKLCNSACPVMCDV-UHFFFAOYSA-N,
1824,RVLRSIRVOUCLLY-UHFFFAOYSA-N,
1825,OJTBCUWMSPJWOV-UHFFFAOYSA-N,
1826,QNAATLGQMSSVEO-BBLREVCQSA-N,
1827,UAWFUNZRIHDNMS-FQEVSTJZSA-N,
1828,YRSLCDDBISVEDI-UHFFFAOYSA-N,
1829,RYURKGJPUKJSGC-LSDHHAIUSA-N,
1830,RHBGITBPARBDPH-ZPUQHVIOSA-N,
1831,LXDSBMXLWOEHFL-UHFFFAOYSA-N,
1832,GKOMWJNPQSQMDC-UHFFFAOYSA-N,
1833,JHQNWCDXPYPILJ-YPMHNXCESA-N,
1834,FHJLOOMVNDQONV-UHFFFAOYSA-N,
1835,HGWWVQNCKFTLKV-ZBFHGGJFSA-N,
1836,DLNPHAFNMNLYRY-UHFFFAOYSA-N,
1837,WFHFUKVEUQNVSI-FMIVXFBMSA-N,
1838,HVTZRXFNQOOCIV-UHFFFAOYSA-N,
1839,UUWGSZMZJOZWCU-UHFFFAOYSA-N,
1840,IUABASIHWGLBIW-UHFFFAOYSA-N,
1841,UFDAFAZTMVBDHJ-UHFFFAOYSA-N,
1842,KWQMXIHOVVOESO-UFWORHAWSA-N,
1843,VFVFMJVMGNRIQK-AFAVFJNCSA-N,
1844,UMXSEOHSVUGGJD-UHFFFAOYSA-N,
1845,GXCZORCPNBRLDR-UHFFFAOYSA-N,
1846,XJXFFZRSFAORDR-UHFFFAOYSA-N,
1847,DGNKGGKNASTKGN-UHFFFAOYSA-N,
1848,UOQOMYABVOSCPV-UHFFFAOYSA-N,
1849,OZKFUXZUWPRXHB-UHFFFAOYSA-N,
1850,YGZCIGDEDOQFKI-QGMBQPNBSA-N,
1851,MICBGHWLWMYXPJ-UHFFFAOYSA-N,
1852,WFALVGHRLRIEFX-WWJBTQAHSA-N,
1853,YMYFRLYGOGKGQM-UHFFFAOYSA-N,
1854,CBVCZFGXHXORBI-PXQQMZJSSA-N,
1855,XUQQXOZTTUIURE-OYBAPSEUSA-N,
1856,SIGNVKVGXSUYQD-UHFFFAOYSA-N,
1857,GCSAEAPINDSJKL-WFMUKUGCSA-N,
1858,AOAOHNWYIIMEIL-ZVGWPXEBSA-N,
1859,XHQHCGIOFLGRDM-UHFFFAOYSA-N,
1860,HOKDBMAJZXIPGC-UHFFFAOYSA-N,
1861,JFHMZHGXQYAMNI-UHFFFAOYSA-N,
1862,WSJNAIFCTFECMM-GZTJUZNOSA-N,
1863,JWWSARSBISHNND-UCUGPLMPSA-N,
1864,ZBMRRLGIWMHSAE-KGENOOAVSA-N,
1865,LHTJHKXGNHROFY-FYJGNVAPSA-N,
1866,KRBFPUHTIRCGIM-DEDYPNTBSA-N,
1867,XQTKYEDKZMYEHU-DEDYPNTBSA-N,
1868,BMOVTFHTKXAVQE-UHFFFAOYSA-N,
1869,OXUWSRPQRSSOKH-UHFFFAOYSA-N,
1870,FPNQAPVYKUWPOW-UHFFFAOYSA-N,
1871,ZJJPBMLFLTUEDN-CABCVRRESA-N,
1872,BHXTVSSYPDITPL-CQSZACIVSA-N,
1873,XUDPZJSYCMSVHA-ASCMOBCVSA-N,
1874,WIJULGAPXXCLSM-UHFFFAOYSA-N,
1875,GBJQJNKZQJEOHV-SDQBBNPISA-N,
1876,VPSPZJZLFVXKIS-AUWJEWJLSA-N,
1877,WXDFFMICIXUJCR-ACAGNQJTSA-N,
1878,JXGZBTHOTSHSMA-BYKJUDHZSA-N,
1879,UGBFUAPFNNQZMI-OMCISZLKSA-N,
1880,VNYDSGRHBCWFED-UHFFFAOYSA-N,
1881,SVGRGXHAICLHTC-TYYMXSEYSA-N,
1882,GZFRYIAWJXNYJU-UHFFFAOYSA-N,
1883,SMHFLHWDDIGZID-UHFFFAOYSA-N,
1884,UEHZMHOKCJGBPP-RUZDIDTESA-N,
1885,YSOYDNJTLHPOKL-UHFFFAOYSA-N,
1886,QGLGFSYSGKZIMF-UHFFFAOYSA-N,
1887,GTGQGZNFFIZUAJ-UHFFFAOYSA-N,
1888,QTSPTUFOFSQPBD-UHFFFAOYSA-N,
1889,LYYGRTJBNTUYKK-UHFFFAOYSA-N,
1890,KHPXDSMKWKDLEK-UHFFFAOYSA-N,
1891,GLQNTPIVHNPOKP-UHFFFAOYSA-N,
1892,GVDNVXMXICCZBR-UHFFFAOYSA-N,
1893,YKQASIZUDVEVFG-UHFFFAOYSA-N,
1894,XRUWQNIJUFHROE-UHFFFAOYSA-N,
1895,VXXUQFUZAHDBJD-UHFFFAOYSA-N,
1896,XCTJMLKYYUFIQE-UHFFFAOYSA-N,
1897,SWHPMLPSMGMATL-UHFFFAOYSA-N,
1898,GVDDIWYMFYEZPK-UHFFFAOYSA-N,
1899,GDLIGKIOYRNHDA-UHFFFAOYSA-N,
1900,UZIXDWFVHWJXQT-UHFFFAOYSA-N,
1901,KYCIIPKBULHGEK-UHFFFAOYSA-N,
1902,MCPUZZJBAHRIPO-UHFFFAOYSA-N,http://coconutKG.aksw.org/data/molecule/941527
1903,OBPPXSJBEOOWEV-UHFFFAOYSA-N,
1904,WPKDUEYVHLCIHE-UHFFFAOYSA-N,
1905,ONCUAPXIVSVILF-UHFFFAOYSA-N,
1906,DCMADVSYGRYPPB-UHFFFAOYSA-N,
1907,DWDSPPJIMRKGAE-UHFFFAOYSA-N,
1908,XIUVOQSHUTVSPD-UHFFFAOYSA-N,
1909,DBAHHMIIZICSCD-UHFFFAOYSA-N,
1910,JHUXKTCUPUYMGB-UHFFFAOYSA-N,
1911,YAPFRFCQPBAFBD-RVXWVPLUSA-N,
1912,QMTIQAIGPQHXOP-UHFFFAOYSA-N,
1913,LEQQQLMHPUFYBZ-UHFFFAOYSA-N,
1914,DJHBNJBWCMQSIN-UHFFFAOYSA-N,
1915,DZHQULYYXIJPEL-UHFFFAOYSA-N,
1916,ZIKMSRGQQHYKTE-UHFFFAOYSA-N,
1917,JXQDGNCVIZOGRU-UHFFFAOYSA-N,
1918,WTIAPOPXTOOSET-UHFFFAOYSA-N,
1919,UXYJCYXWJGAKQY-HNNXBMFYSA-N,
1920,VHJLFUKKYWPYME-POYPGSECSA-N,
1921,TUTYQOJCTUPRCE-UHFFFAOYSA-N,
1922,AIEDJCPXMWFZTM-UHFFFAOYSA-N,
1923,HEFQNZROVSEKSA-UHFFFAOYSA-N,
1924,WEOVOGXAQHVQGN-UHFFFAOYSA-N,
1925,WAEXFXRVDQXREF-UHFFFAOYSA-N,
1926,GXPCIALGFZQYJR-UHFFFAOYSA-N,
1927,UNMPIDKHIFRATN-UHFFFAOYSA-N,
1928,ZBGAPCRGMLIZEM-UHFFFAOYSA-N,
1929,OYIYWQOIDIHHJO-UHFFFAOYSA-N,
1930,CMFUROMBIICOFM-UHFFFAOYSA-N,
1931,LSICDTRQADIFNW-HPCQEULDSA-N,
1932,MTVFMOYBCABUSM-UHFFFAOYSA-N,
1933,BSLURLFFMJZNEN-MDWZMJQESA-N,
1934,JPSMHAFKUBKEBD-UHFFFAOYSA-N,
1935,YAKUNSPHZWTMSV-VGOFMYFVSA-N,
1936,KDXZPFZSEAHHEK-AWNIVKPZSA-N,
1937,VAEHXIZKJMJPDI-LICLKQGHSA-N,
1938,NTSMXSDKKDTSNT-UHFFFAOYSA-N,
1939,SUVMJBTUFCVSAD-UHFFFAOYSA-N,
1940,VXIWZFAGOAEKKV-UHFFFAOYSA-N,
1941,VJILFEGOWCJNIK-MGRBZGILSA-N,
1942,PQLXHQMOHUQAKB-UHFFFAOYSA-N,
1943,VOJDLCVINVCFMX-UHFFFAOYSA-N,
1944,ONRREKMXHXOKCG-UHFFFAOYSA-N,
1945,MRVUFVYAMYDWMI-UHFFFAOYSA-N,
1946,GQKWJQQAEFDPNU-UHFFFAOYSA-N,
1947,GASRXSUMTISYGI-UHFFFAOYSA-N,
1948,IZQOXRQOYDRZID-UHFFFAOYSA-N,
1949,VRSYCZUVIYWDNE-YPMHNXCESA-N,
1950,WILCMTHXPHWDHF-OCCSQVGLSA-N,
1951,VFEPPEQWFGTRSM-OCCSQVGLSA-N,
1952,WKDLXUQFVAYXPR-OCCSQVGLSA-N,
1953,QVVADMFXQJEROM-OCCSQVGLSA-N,
1954,MSXHZFZZTVPJMC-UHFFFAOYSA-N,
1955,VUTMGWFCFQXNQK-UHFFFAOYSA-N,
1956,UCXOECSUITUCKO-UHFFFAOYSA-N,
1957,VNFPBHJOKIVQEB-UHFFFAOYSA-N,
1958,VHOGYURTWQBHIL-UHFFFAOYSA-N,
1959,INDBQLZJXZLFIT-LLVKDONJSA-N,
1960,SUBDBMMJDZJVOS-UHFFFAOYSA-N,
1961,UZCUJRHCBANHCD-CYBMUJFWSA-N,
1962,QRBVBOWNICNJFJ-SNVBAGLBSA-N,
1963,ZBXHFTAFUQTTJP-UHFFFAOYSA-N,
1964,WBVYYNPRXBIFTF-UHFFFAOYSA-N,
1965,FKBCCMOTQVAZNH-UHFFFAOYSA-N,
1966,OUZPHFHCYBXKAY-UHFFFAOYSA-N,
1967,PXFVTKIVKMUJED-UHFFFAOYSA-N,
1968,UTZNVGFSDKSDKY-UHFFFAOYSA-N,
1969,FZXOOOGXZLPISW-UHFFFAOYSA-N,
1970,RPZINHDOUHGKIS-UHFFFAOYSA-N,
1971,DBDYRVWLILDRJW-UHFFFAOYSA-N,
1972,OJNDEISFGYRCEU-UHFFFAOYSA-N,
1973,RMLWUOTWGARXQB-AITIXOJYSA-N,
1974,SPUUHYKZDFCYGW-UHFFFAOYSA-N,
1975,LTGRDWFVGBZDIR-UHFFFAOYSA-N,
1976,CWZGRLWTMYJJGW-WUXMJOGZSA-N,
1977,BSLGQDNKHOEZOP-LLANFLKUSA-N,
1978,GMDBHOALUWXUNY-UHFFFAOYSA-N,
1979,ZWKQGXMTQWVLRT-UHFFFAOYSA-N,
1980,DJCUDTWLTCMWGQ-UHFFFAOYSA-N,
1981,BJWXLQKAIILLGS-UHFFFAOYSA-N,
1982,SXAGFIJLENEKLU-HIXSDJFHSA-N,
1983,RSYOSUMAMNFKSM-UHFFFAOYSA-N,
1984,LIEYXODMOPFKQF-UHFFFAOYSA-N,
1985,BSFWVJLEVBVTME-UHFFFAOYSA-N,
1986,SGYCSWPEAHDOHE-JLZSVDHQSA-N,
1987,CPVPJNMMUZKPPT-YGIASRBBSA-N,
1988,IOWQVZWXIOYNNY-OMCISZLKSA-N,
1989,WXWGLBZDUAIGQS-UHFFFAOYSA-N,
1990,VUIVPMSUEYWPBF-UHFFFAOYSA-N,
1991,QPGCADBRIYHYPP-UHFFFAOYSA-N,
1992,ZDQZUHSSQHCPIC-UHFFFAOYSA-N,
1993,ZJPNWTCCALPCLY-AWQFTUOYSA-N,
1994,UXPVQMHGPWMHKO-UHFFFAOYSA-N,
1995,LRHPJECLWMUBKK-UHFFFAOYSA-N,
1996,MYWHKUSYUPKYNK-UHFFFAOYSA-N,
1997,PMOQURLAWHTHKM-RELWKKBWSA-N,
1998,MRLKWKNULFUMMK-UHFFFAOYSA-N,
1999,NAIJOBGUXRHQJW-UHFFFAOYSA-N,
2000,WXRBGYDZETVCSH-UHFFFAOYSA-N,
2001,HZMYOHWTVXGVMA-VGOFMYFVSA-N,
2002,RAXBWISXQIACCV-PQXWXIPOSA-M,
2003,YWBJNDLUMQNTOD-UHFFFAOYSA-N,
2004,RVEFLPWSRYGYOL-UHFFFAOYSA-N,
2005,WZQSLJRGXSOPKC-HJWRWDBZSA-N,
2006,JKOLDNMJJDKYTL-UHFFFAOYSA-N,
2007,ZHTJTRPZRFUJDQ-UHFFFAOYSA-N,
2008,UJBGCWZUBKOMLL-UHFFFAOYSA-N,
2009,RANXBKQGNYWKHN-IBPYFQLBSA-N,
2010,CHYFEEPMOKLKPW-UHFFFAOYSA-N,
2011,XFJHUZRGYVDSES-UHFFFAOYSA-N,
2012,YEFSQASFGWYJOU-UHFFFAOYSA-N,
2013,RDQXPRFETTXEAT-UHFFFAOYSA-N,
2014,XLVRZMDWXLZHQC-UHFFFAOYSA-N,
2015,FEGUMLPHNPYTPR-HKUYNNGSSA-N,
2016,FYZOMYMFZDCRGD-MJGOQNOKSA-N,
2017,ZVEFMIXBVJXINX-UHFFFAOYSA-N,
2018,AGXZVUJKDXDVNA-UHFFFAOYSA-N,
2019,WTMZOCSBOLEFIS-UHFFFAOYSA-N,
2020,ZTTQZSKQPLTPMG-UHFFFAOYSA-N,
2021,KRQGJXKLVDVMAM-MJGOQNOKSA-N,
2022,YJORHECRFVECNS-MJGOQNOKSA-N,
2023,RSSMYFQRFUEXTN-JKDDQTOVSA-N,
2024,JRTSLVUOBKJEOX-UHFFFAOYSA-N,
2025,LCVJHSZNTFJTQU-FWEHEUNISA-N,
2026,INJKNFAUKYODAF-QKUYTOGTSA-N,
2027,FFEUPIQBSHODSM-XDIGFQIYSA-N,
2028,SZJIAQIHDKIFGC-NOXHYTERSA-N,
2029,NWAYYOQRSAEORM-JUKXBJQTSA-N,
2030,QIULCGKKQYLDDV-UHFFFAOYSA-N,
2031,RWCOBBFLHMICOZ-UHFFFAOYSA-M,
2032,YWSYACHGQGKHBV-UHFFFAOYSA-N,
2033,QIJPHCXXSPFIMF-FASBAMGMSA-N,
2034,BUVRFKRMHNTMCL-UHFFFAOYSA-N,
2035,YLFVVBLOJWWNQX-UHFFFAOYSA-N,
2036,IHVATRJQIOLSMQ-UHFFFAOYSA-N,
2037,DOKNWLLLOZBCAR-UHFFFAOYSA-N,
2038,DJXAYUOJOBDLHR-UHFFFAOYSA-N,
2039,BNDXUDMQUIZROK-UHFFFAOYSA-N,
2040,DKBAYBQALYRNKT-UHFFFAOYSA-N,
2041,DNJZISBORQGPTD-UHFFFAOYSA-N,
2042,IAMCWSVWBJVYIO-UHFFFAOYSA-N,
2043,AUJRVQGVZWEBNW-UHFFFAOYSA-N,
2044,JLDDLYSZZLIULU-UHFFFAOYSA-N,
2045,YFWMPIDAJPCIDX-UHFFFAOYSA-N,
2046,XYNFYOQBHCWTQQ-SDBHATRESA-N,
2047,KEDORLFIERZMEZ-UUOKFMHZSA-N,
2048,WPBKMESXVMKACU-UHFFFAOYSA-N,
2049,JKIMIJYHIAYINB-UHFFFAOYSA-N,
2050,CBCHUTFCBMPIFB-UHFFFAOYSA-N,
2051,DHDYLDBCVKFXLX-UHFFFAOYSA-N,
2052,AUCIRDVYWSUJGC-CXUHLZMHSA-N,
2053,VGHSATQVJCTKEF-UHFFFAOYSA-N,
2054,FYIWTHFYBPAMML-UHFFFAOYSA-O,
2055,FGGWIXJNLRDBPW-VZUCSPMQSA-N,
2056,DJUXGCPKJDHXCP-UHFFFAOYSA-N,
2057,ARPJNWKQMQFKRZ-UHFFFAOYSA-N,
2058,NLQPPJBKYADNSY-NTEUORMPSA-N,
2059,FTORQGKWYRLABI-OMCISZLKSA-N,
2060,ZPEIMTDSQAKGNT-UHFFFAOYSA-N,
2061,VXYSQHVFSFBVMZ-GIDUJCDVSA-N,
2062,WZGCTZGVFRAKHX-UHFFFAOYSA-N,
2063,OVNSMQPCAXGZLO-SHYZEUOFSA-N,
2064,SVCLYYUYZLSISE-VCHYOVAHSA-N,
2065,MDJUSGVWPPQCOJ-UHFFFAOYSA-N,
2066,TUDCVJPNFIYWFB-LZLYRXPVSA-N,
2067,NZQJQBSSCVQSHZ-UHFFFAOYSA-N,
2068,IVJQRNPGHXNEJE-LHHJGKSTSA-N,
2069,VPXZTOOBAWPNGR-UHFFFAOYSA-N,
2070,IGHWTRWWSFAETJ-UHFFFAOYSA-N,
2071,HLWHXSAKXSQPIC-UHFFFAOYSA-N,
2072,AYGPJSZAKJUHJS-UHFFFAOYSA-N,
2073,QIYUOJGVTJZIFA-UHFFFAOYSA-N,
2074,AAKWJWSHOKLXJO-UHFFFAOYSA-N,
2075,OGFQUDUINWNWEV-UHFFFAOYSA-N,
2076,ALQKWLILDAHXLN-UHFFFAOYSA-N,
2077,JBGBGBNLTOVQIX-DIBXZPPDSA-N,
2078,ICCJYTZQFXTQSO-UHFFFAOYSA-N,
2079,XNJOBZUUKZLYBN-UHFFFAOYSA-N,
2080,VQAVIXCRWFQAHT-UHFFFAOYSA-N,
2081,KRZMNVJKZZUQSO-BJMVGYQFSA-N,
2082,GBTXJSQFLIJBFW-WUXMJOGZSA-N,
2083,OCHXFKNLEUNQJV-UHFFFAOYSA-N,
2084,VGUNMPLQMXSZAS-UHFFFAOYSA-N,
2085,HITOLGDYRUNOKY-UHFFFAOYSA-N,
2086,OHUYBUZSRKTHHM-UHFFFAOYSA-N,
2087,XXZPGPKYGKSKOZ-WBWICJGWSA-O,http://coconutKG.aksw.org/data/molecule/1000000
2088,JFZHEYOIQJFIFK-ABLWVSNPSA-N,
2089,VZXBHDUKADILLK-SQIWNDBBSA-N,
2090,HOSZCLQZBNGFIS-BQYQJAHWSA-N,
2091,UTVUMCRVYPSVCJ-VJFFFQIWSA-N,
2092,FZRXOMIPLLZBCM-WGHMEBRLSA-N,
2093,OKZXIPCCQCIQRX-UHFFFAOYSA-N,
2094,SSBKRCFODRDMFY-RIYZIHGNSA-N,
2095,UJJHMFSKYROBLB-UHFFFAOYSA-N,
2096,XPNRXUGPRGADDX-RHQMAGSPSA-N,
2097,FELSWQRLUPUYEB-UVTDQMKNSA-N,
2098,SNAIVHNMHQNOKY-UHFFFAOYSA-N,
2099,BQLQTJVXHKDLGS-UHFFFAOYSA-N,
2100,PGEPXMNVYDQDPX-UHFFFAOYSA-N,
2101,CXEFJTNXNDXHQW-KPKJPENVSA-N,
2102,CUOHSVKEZKPORS-UHFFFAOYSA-N,
2103,GUVPBHDDZCZTQO-UHFFFAOYSA-N,
2104,PJYLYRQZWJVHDX-UHFFFAOYSA-N,
2105,IZBVNMVQJXTWPZ-UHFFFAOYSA-N,
2106,DCCVDUPWYXRSLQ-UHFFFAOYSA-N,
2107,GAASOQPXQBHLBH-UHFFFAOYSA-N,
2108,NZTAQNDDUXGTKS-BKUYFWCQSA-N,
2109,COHWMTZRGAFORC-UHFFFAOYSA-N,
2110,SBOJLUVSOSAMFE-UHFFFAOYSA-N,
2111,DWRHVJQYMHDLGK-UHFFFAOYSA-N,
2112,JTVWQNXOYGMKHZ-UHFFFAOYSA-N,
2113,LNQYKFFUORCTKB-LFYBBSHMSA-N,
2114,NGDFFDSEPJSSPU-QLKAYGNNSA-N,
2115,NOYGHYWVYSXBLZ-YBFXNURJSA-N,
2116,CAQVTZNFEDTOLX-VIZOYTHASA-N,
2117,ULTCGKNXWWAQAY-UHFFFAOYSA-N,
2118,KKTPQXVGMVYVTB-SWGQDTFXSA-N,
2119,APZYKUZPJCQGPP-UHFFFAOYSA-N,
2120,BVFLEPVRTQXJQL-ZPUQHVIOSA-N,
2121,LORWRHCCMUEKLO-UHFFFAOYSA-N,
2122,ILWBKMKLQSOCPN-UHFFFAOYSA-N,
2123,PJWHOPKRRBUSDH-UHFFFAOYSA-N,http://coconutKG.aksw.org/data/molecule/697941
2124,BSHSGTAKAHTHMC-UHFFFAOYSA-N,
2125,RQALBMIWHNEJLE-UHFFFAOYSA-N,
2126,MQCLDMJATYRINL-UHFFFAOYSA-N,
2127,WSEUXBNQRSSHJB-UHFFFAOYSA-N,
2128,LJHGHYGSORULJP-UHFFFAOYSA-N,
2129,CFHHJJOXQBVYQH-UHFFFAOYSA-N,
2130,BKNPBTLQFMCHGK-UHFFFAOYSA-N,
2131,DTYBCDCKZNRYGO-UHFFFAOYSA-N,
2132,BFNJAXKMPJHXHW-OHMHCFLMSA-N,
2133,SUFDFEVPXYMBPP-UHFFFAOYSA-N,
2134,RTSPQNYEIWFBCP-UHFFFAOYSA-N,
2135,UMLNTNBYSXPHKC-UHFFFAOYSA-N,
2136,CSILYWUTOOWRPX-KQYNXXCUSA-N,
2137,NIUYZNAZOLFRRX-QYVSTXNMSA-N,
2138,YMMCICZPJVZFLX-UUOKFMHZSA-N,
2139,AXDXDYYJJJSSHU-KQYNXXCUSA-N,
2140,VVNYYVYOQBKMKL-DAGMQNCNSA-N,
2141,YNNGMAIRWBNJND-UHFFFAOYSA-N,
2142,ZFTDRBHRCIXUDV-UHFFFAOYSA-N,
2143,WOWMAWBIEUQPCI-UHFFFAOYSA-N,
2144,VSQRATQPXJILRW-UHFFFAOYSA-N,
2145,IIMCVIFCMDNEDT-UHFFFAOYSA-N,
2146,YZYSTHPRYOULBE-UHFFFAOYSA-N,
2147,FPVTUXUELQYLFS-UHFFFAOYSA-N,
2148,VBQLQIUTLWLKAX-UHFFFAOYSA-N,
2149,VLJOSFQZBDMBML-YDZHTSKRSA-N,
2150,KWYVQPLYRGWKSL-UHFFFAOYSA-N,
2151,HMXFUCWGACGKFL-UHFFFAOYSA-N,
2152,PHKFROGFEMALBY-UHFFFAOYSA-N,
2153,XBPJCCCHSAFDKG-UHFFFAOYSA-N,
2154,PRNQTIOTDFYGOJ-UHFFFAOYSA-N,
2155,SUMBEDJMEJLPLO-UHFFFAOYSA-N,
2156,FVYHAXWUPTYOAP-UHFFFAOYSA-N,
2157,QHMYYSZDAFKICE-UHFFFAOYSA-N,
2158,RGLMACCMQSJXOU-UHFFFAOYSA-N,
2159,BOJCPINBVDMIRH-UHFFFAOYSA-N,
2160,NOPRIHGHUGAQPF-UHFFFAOYSA-N,
2161,BMHKDJIPEDPDIF-UHFFFAOYSA-N,
2162,VQXNHOPNBXIUCU-UHFFFAOYSA-N,
2163,AMONCAYAQHJZKI-MRXNPFEDSA-N,
2164,CGPZSHRBVVYZOD-CYBMUJFWSA-N,
2165,DGJFEOWMRIXGTI-MRVPVSSYSA-N,
2166,QDFVYKJLNMYBRT-UHFFFAOYSA-N,
2167,YAVHQDDVZSIAQE-UHFFFAOYSA-N,
2168,OSQKAQCOFUNQAK-UHFFFAOYSA-N,
2169,SBSKQOIYKJFAJN-UHFFFAOYSA-N,
2170,JJHZHQDDLFGAMX-UHFFFAOYSA-N,
2171,LLULZOSOUFKNIG-UHFFFAOYSA-N,
2172,NGBKFLTYGSREKK-PMACEKPBSA-N,
2173,JHEFXPAPKMONKT-UHFFFAOYSA-N,
2174,HSNMDMRSCZIKKY-BRVZEXMBSA-N,
2175,BFEMDKLTICASSA-JMFBPXTISA-N,
2176,YMBZFKXYDBFYTC-UHFFFAOYSA-N,
2177,ORHBXUUXSCNDEV-UHFFFAOYSA-N,
2178,MEPNHSOMXMALDZ-UHFFFAOYSA-N,
2179,GJNMJOHYRWHJQB-UHFFFAOYSA-N,
2180,MUWYRFXIYYYJTM-UHFFFAOYSA-N,
2181,PKDGRNDYXZENGK-UHFFFAOYSA-N,
2182,QSXBDQVGNKRTPC-AYTGSOHGSA-N,
2183,OMEMMZJIJNUXIH-UHFFFAOYSA-N,http://coconutKG.aksw.org/data/molecule/658076
2184,CQPWNMSLTXIWJL-WSDLNYQXSA-N,
2185,UKSDCPYRQDVSTK-WOJGMQOQSA-N,
2186,BHPWCKXAIGRABY-UHFFFAOYSA-N,
2187,OUPFMPFMLWYHDZ-UHFFFAOYSA-N,
2188,IXUWKDINJWESQG-SNVBAGLBSA-N,
2189,VPWWOWTXVIXWBW-HNNXBMFYSA-N,
2190,GXMLCAAABYAZAI-UHFFFAOYSA-N,
2191,ZXIFSIFTYUWNHM-UHFFFAOYSA-N,
2192,HXXGAXDBTDAZGW-UHFFFAOYSA-N,
2193,BKZCGGWLOGPEBC-UHFFFAOYSA-N,
2194,UAWGMHHHIZOCHR-UHFFFAOYSA-N,
2195,ZHGXJCJLRMGSBF-UHFFFAOYSA-N,
2196,JHSMMLGTOWNEBM-UHFFFAOYSA-N,
2197,XOJBDKRGSKXYNB-UHFFFAOYSA-N,
2198,GPWKANFNUHXEBX-UHFFFAOYSA-N,
2199,UHPCDROAKSZJKO-UHFFFAOYSA-N,
2200,LDBXPGCBUCLVSP-UHFFFAOYSA-N,
2201,AVENQUNIWGVGJW-UHFFFAOYSA-N,
2202,ALQNTWYDXLVNEG-UHFFFAOYSA-N,
2203,NEEFBKJNTKASPM-UHFFFAOYSA-N,
2204,RHJLQMVZXQKJKB-FPHSVDBKSA-N,
2205,NGWMCIYRGKZDTH-KPKJPENVSA-N,
2206,VOQWOGPKYUVUCV-MHWRWJLKSA-N,
2207,ACFHHZJOAUZSJU-XBXARRHUSA-N,
2208,SEEMNNCNSOUAFK-UHFFFAOYSA-N,
2209,QJUQIKIZLBGNPP-UHFFFAOYSA-N,
2210,VMJSJMNWHDFXKW-QYDGOFIISA-N,
2211,FWNISRBOWNMTFS-QYDGOFIISA-N,
2212,XBOZCLIJSFCWRX-OMCISZLKSA-N,
2213,DMLXXZIAQFJLBH-GIDUJCDVSA-N,
2214,KHOAUGLMUQTCFB-UHFFFAOYSA-N,
2215,XBLYFFCQPGMTDA-ONNFQVAWSA-N,
2216,TUOVQRQAYQULRC-HKUYNNGSSA-N,
2217,RNLKCMIGQLHEKX-HZPDHXFCSA-N,
2218,MZXFAURWFICFJF-UHFFFAOYSA-N,
2219,GFMONBJSESZYCV-UHFFFAOYSA-N,
2220,CPVDTFUQEXCLOF-UHFFFAOYSA-N,
2221,RMOQKPHNVXRNEZ-UHFFFAOYSA-N,
2222,VDHBJARUEMCODK-UPHRSURJSA-N,
2223,OKODLVWKUSODFT-UPHRSURJSA-N,
2224,OKODLVWKUSODFT-OWOJBTEDSA-N,
2225,FJLOEWWZWCJKNF-UHFFFAOYSA-N,
2226,FDUHUAOVUUJXMZ-UHFFFAOYSA-N,
2227,BIGBADKFHAJMCP-DUVHGLKDSA-N,
2228,QIYRBCFMSYUGGJ-UHFFFAOYSA-N,
2229,HCLAUXCJQUNKKP-UHFFFAOYSA-N,
2230,PYPULPFGDAFSON-UDHFTORSSA-N,
2231,FGTRNBYSBRSIKV-UHFFFAOYSA-N,
2232,VLGXFTHWTUOEFZ-UHFFFAOYSA-N,
2233,VTLYORKIEOSNPB-UHFFFAOYSA-N,
2234,SGFZCAFEUGISMF-WXGDAXOSSA-N,
2235,ZXCMCPINSJLVEY-WGDLNXRISA-N,
2236,INMITJQSAMFEQV-ONEGZZNKSA-N,
2237,MTKZWEQDROMMIX-UHFFFAOYSA-N,
2238,XVUUYUNCYPMVDI-UHFFFAOYSA-N,
2239,KQTJTMQSUMBUPS-UHFFFAOYSA-N,
2240,UBBLKFCVKXJBRH-LBPRGKRZSA-N,
2241,PUMJHRGCFRCJCO-UHFFFAOYSA-N,
2242,JOHDIHSGTXDMPB-UHFFFAOYSA-N,
2243,VCOMVHOMUISSAT-REZTVBANSA-N,
2244,MBNAYZQNJNGVHG-UHFFFAOYSA-N,
2245,CPLCAXMQQYCQNV-UHFFFAOYSA-N,
2246,CHSAAUUVOROZET-UHFFFAOYSA-N,
2247,HUSRJUKQWGLVQG-UHFFFAOYSA-N,
2248,JZXBDYCABDJUSU-UHFFFAOYSA-N,
2249,FVHYOKKAMSUARF-UHFFFAOYSA-N,
2250,IEUSTTSJUZYCDI-CRZLPGHHSA-N,
2251,KWINLYRWKDJZEE-UHFFFAOYSA-N,
2252,IVVXYABVKIJXLR-UHFFFAOYSA-N,
2253,DAIDRHNIKRAVLU-UHFFFAOYSA-N,
2254,LMQFQBUKMWFFNL-GHXNOFRVSA-N,
2255,OVLPQYKGJWYPLY-MZXMXVKLSA-N,
2256,UPMSIIUPFDIZBD-UHFFFAOYSA-N,
2257,YQXPBQXXXDAANE-UHFFFAOYSA-N,
2258,MKKISLULTIRJOZ-UKTHLTGXSA-N,
2259,NZLSAHZMJSMKQS-UHFFFAOYSA-N,
2260,AGMZMEQYLZCZIH-UHFFFAOYSA-N,
2261,JAZLEPVTWCWFMM-UHFFFAOYSA-N,
2262,JLGMXXICPPBVEA-UHFFFAOYSA-N,
2263,BAYRBWVNEKSFSY-UHFFFAOYSA-N,
2264,IWJYZFJSMPUOPG-UHFFFAOYSA-N,
2265,CUQWLLJOYDZRSI-URKNILKWSA-N,
2266,XRFABGQXUQUZFB-UHFFFAOYSA-N,
2267,AVSNJIBZHMJPKK-UHFFFAOYSA-N,
2268,LSRSFNIWGMJGTP-UHFFFAOYSA-N,
2269,VXHFPCAIBMZKQX-UHFFFAOYSA-N,
2270,PIOSLGSVWDZYLG-UHFFFAOYSA-N,
2271,RZEUIIIEBILDLO-UHFFFAOYSA-N,
2272,XJWAWOWNUMCQQZ-LBPRGKRZSA-N,
2273,NHIFURJSFQMRDX-UHFFFAOYSA-N,
2274,HKTLSHZYXOFJDS-UHFFFAOYSA-N,
2275,JWTKTRGAGNQBKY-UHFFFAOYSA-N,
2276,XOFIUDVJBGXRFZ-UHFFFAOYSA-N,
2277,BHSDCGIQHSLFMP-UHFFFAOYSA-N,
2278,XTNVYLRFOPCJMS-UHFFFAOYSA-N,
2279,UGGQJFCPEJWJFR-UHFFFAOYSA-N,
2280,ONTPLBKMASWMBQ-UHFFFAOYSA-N,
2281,WXWXZUKSYSAKMV-UHFFFAOYSA-N,
2282,FTYMVFQUFHOSSM-SXLOBPIMSA-N,
2283,ZTZMPGXGBYJJJZ-UHFFFAOYSA-N,
2284,JIJIPXXOLJEYFK-UHFFFAOYSA-N,
2285,TUBXKLDMCKTLFR-UHFFFAOYSA-N,
2286,VAPVLGVUPAWXQU-UHFFFAOYSA-N,
2287,BXLGIRSETJPNPM-UHFFFAOYSA-N,
2288,RLLPUSMYKAVNKF-UHFFFAOYSA-N,
2289,IHYIJARFQFSVJI-UHFFFAOYSA-N,
2290,CJERBWFIRUBKBS-UHFFFAOYSA-N,
2291,MLNSNANMDHBFDD-UHFFFAOYSA-N,
2292,PYHUUNMKYBJZJJ-UHFFFAOYSA-N,
2293,GSGFZLKXMVPPBL-UHFFFAOYSA-N,
2294,IYAHXWISRXPDBA-UHFFFAOYSA-N,
2295,PBJDFUCZCPEIAI-UHFFFAOYSA-N,
2296,BFKCQUGIPGJBTG-UHFFFAOYSA-N,
2297,GFCJKZMUBFJJEX-UHFFFAOYSA-N,
2298,RFGRYUDNYJHOBA-UHFFFAOYSA-N,
2299,JWGLCSXBTWWJLZ-IBYPIGCZSA-N,
2300,HXLMJVCDXJRRBY-UHFFFAOYSA-N,
2301,LXFGLBCGRKKMRK-UHFFFAOYSA-N,
2302,DFXRNQLHOUWLNW-UHFFFAOYSA-N,
2303,OSHSLMUZKCDEDD-DHZHZOJOSA-N,
2304,LPJHJVMHXOPHQI-UHIRCJBMSA-N,
2305,MCVFKDUQWIOZHK-UHFFFAOYSA-N,
2306,RLOSNGRCMSYSPL-GZTJUZNOSA-N,
2307,KBHKWYLKAYSBGW-UHFFFAOYSA-N,
2308,JYIFGAQLDDAMEF-UHFFFAOYSA-N,
2309,AJVQCASJPXKQBL-UHFFFAOYSA-N,
2310,OXEYREJJJPHQCI-UHFFFAOYSA-N,
2311,VZSHFSKRWIFQIY-UHFFFAOYSA-N,
2312,IENBHTAIUILGMW-UHFFFAOYSA-N,
2313,LQDCOTCWKMZSAX-UHFFFAOYSA-N,
2314,SEFNHVPFQAGLEC-UHFFFAOYSA-N,
2315,NEJLNMVCACTDEX-UHFFFAOYSA-N,
2316,XPOQHMRABVBWPR-ZDUSSCGKSA-N,
2317,CLEDCFNOFQFOGX-QVWGJOIVSA-N,
2318,STUFFQIGUGGQAV-QVWGJOIVSA-N,
2319,ZMTYWFIGVVVFSK-SYCQMTRVSA-N,
2320,AACFSBCTWSPSLM-UHFFFAOYSA-N,
2321,LTKIRNWCTIDLSV-QGOAFFKASA-N,
2322,GVMNIWVLFUQINH-UHFFFAOYSA-N,
2323,ZQTVCQIJTREKSP-UHFFFAOYSA-N,http://coconutKG.aksw.org/data/molecule/31737
2324,BVRWIJLLKORPHL-UHFFFAOYSA-N,
2325,CHVSXFYHUWFXQG-UHFFFAOYSA-N,
2326,QFZDZMGQABEGRH-UHFFFAOYSA-N,
2327,QCONTJQGQHIHKX-UHFFFAOYSA-N,
2328,JJQQOJRGUHNREK-PWNYCUMCSA-N,
2329,KVGJXEXJTSTVDL-UTLPMFLDSA-N,
2330,HICJXVPLWGTUSB-LOEQCYBFSA-N,
2331,CUDHHXQLDYXQJP-UHFFFAOYSA-N,
2332,LPQYCJHJAVDWOA-BUJDNCMTSA-N,
2333,QQKSUMUUZYYBIY-UHFFFAOYSA-N,
2334,AMAAOWBWLAFEJA-UHFFFAOYSA-N,
2335,AFCBJIFFOSGURH-UHFFFAOYSA-N,
2336,HSGDQQZUHAZWSR-UHFFFAOYSA-N,
2337,ZYFVSGVBEBJHCD-UHFFFAOYSA-N,
2338,RYCYOIFSEHBBIS-UHFFFAOYSA-N,
2339,VMUIILLRSVYCCU-UHFFFAOYSA-N,
2340,JBRFSVLEXMSZGR-UHFFFAOYSA-N,
2341,FVTKCXHVGDKOCI-UHFFFAOYSA-N,
2342,FFTWJQMKZABQFH-UHFFFAOYSA-N,
2343,FFQVNIKTAOHIQV-UHFFFAOYSA-N,
2344,TVBCYLXXCFCTBA-UHFFFAOYSA-N,
2345,PXMNMQRDXWABCY-UHFFFAOYSA-N,http://coconutKG.aksw.org/data/molecule/26466
2346,XUVVLXCUCBJPRM-UHFFFAOYSA-N,
2347,OMTYTLOLISTCMR-UHFFFAOYSA-N,
2348,BLUUZKBHLUJLOS-UHFFFAOYSA-N,
2349,VNBMTBOVZFWRAI-UHFFFAOYSA-N,
2350,WHRYAEAWXKACSC-UHFFFAOYSA-N,
2351,PSRDISVBQDUASD-UHFFFAOYSA-N,
2352,UGURUCGZCYCBFF-UHFFFAOYSA-N,
2353,BHQAJMGEYYHIGV-JKSUJKDBSA-N,
2354,WBOSHTIYSBRXLD-LZJCXSABSA-N,
2355,XHUJUWXPOQTGFO-RCCKNPSSSA-N,
2356,MMAYUYRWDRFNKQ-JIWOIOHBSA-N,
2357,CYYZNNMIXRXCJY-UHFFFAOYSA-N,
2358,VWBRJJICEPGIHD-UHFFFAOYSA-N,
2359,GWKYVOAUJKMRMU-UHFFFAOYSA-N,
2360,DMWOFOBZGBIPJU-UHFFFAOYSA-N,
2361,MEBPGJFQPAJIME-UHFFFAOYSA-N,
2362,SBZCZZOREPDZOU-UHFFFAOYSA-N,
2363,NTMPXCVVVHLEOJ-UHFFFAOYSA-N,
2364,METMJVOTYRIMQJ-UHFFFAOYSA-N,
2365,LAHFTWKHLXDQIT-WUXMJOGZSA-N,http://coconutKG.aksw.org/data/molecule/1000000
2366,XMFLDXKIBJPITI-CXUHLZMHSA-N,http://coconutKG.aksw.org/data/molecule/1000000
2367,KZNIFHPLKGYRTM-UHFFFAOYSA-N,http://coconutKG.aksw.org/data/molecule/23984
2368,REFJWTPEDVJJIY-UHFFFAOYSA-N,
2369,QDCULWFFMDWEDJ-UHFFFAOYSA-N,
2370,MVIWWJWCBWTYNU-UHFFFAOYSA-N,
2371,VKHNEXNSRABEEL-CMDGGOBGSA-N,
2372,ACSVFUACEODJDN-UNTHUGQZSA-N,
2373,RYJFLPVJDWOARW-OOOSNSGVSA-N,
2374,ZXYMEKOCZVRNNX-LZJCXSABSA-N,
2375,KEFKPOALKIRQIF-CUVVAGTFSA-N,
2376,AGORTOPMOHYRAG-ZYLNGJIFSA-N,
2377,VXJZARPQJRDONQ-QPEQYQDCSA-N,
2378,YQYRWEHNKZZNOL-DHDCSXOGSA-N,
2379,JCBLOUSNKOCZTD-UHFFFAOYSA-N,
2380,FFIVOUCEBDWFRX-UHFFFAOYSA-N,
2381,XVTVNGUGAULSMA-UHFFFAOYSA-N,
2382,ZWRFOEILEKTYLZ-UHFFFAOYSA-N,
2383,JBIGUSNSAFKWNA-UHFFFAOYSA-N,
2384,OEFZIVFUXOAUJG-UHFFFAOYSA-N,
2385,ODBWYAHCDVFRMB-UHFFFAOYSA-N,
2386,KGNPAFUIDAMTOY-KHTLXAHUSA-N,
2387,BSUNEUGPXRSCLF-UHFFFAOYSA-N,
2388,WRWGLNBGSQEWPE-UHFFFAOYSA-N,
2389,PJARPEFKLCVCAE-UHFFFAOYSA-N,
2390,MAUKISZQMSQDOJ-UHFFFAOYSA-N,
2391,KIOFMOLFMSYGIQ-UHFFFAOYSA-N,
2392,NPMOSNGWXNKPMG-ADKPZULSSA-N,
2393,USPOONQXJWBLPM-HKAYIPGOSA-N,
2394,CFFDFUDCYHFINU-HSSSCCAZSA-N,
2395,OQBBUIYBPUQHDG-UYQMRJNESA-N,
2396,GPJGUKGMMXCUOH-UDONWXPHSA-N,
2397,SNGQIYGZVJTUNJ-LQNQUEJISA-N,
2398,QQZNEALXONMKKO-MNBJERMJSA-N,
2399,XOVYXKGIGQDXFZ-UHFFFAOYSA-N,
2400,UNNIVZKEOYASTH-UHFFFAOYSA-N,
2401,CJNWXELIDDHZQB-UHFFFAOYSA-N,
2402,KHZJQHCFTJKFAO-UHFFFAOYSA-N,
2403,SSEJIIAGSSQKES-UHFFFAOYSA-N,
2404,VYUQITGMYUETQM-AUWJEWJLSA-N,
2405,VHVSCHSQNUUXNS-GZTJUZNOSA-N,
2406,XDYLYDATVANZFF-UHFFFAOYSA-N,
2407,NAGNRVGRGUQKMV-UHFFFAOYSA-N,
2408,OSFLTUBNBXWBHG-UQPXDNIZSA-N,
2409,DXNHDDJACUETMH-UHFFFAOYSA-N,
2410,DLMGWUWTMAHUEN-UHFFFAOYSA-N,
2411,IFRBJROFIFHRBI-UHFFFAOYSA-N,
2412,DFEXODLDSRVQHQ-UHFFFAOYSA-N,
2413,GSROUDIKWVMLEO-UHFFFAOYSA-N,
2414,IENFLKSXWWEENW-UHFFFAOYSA-N,
2415,BGEOHSBBMKVEAR-UHFFFAOYSA-N,
2416,XUXZLOJWIZGGLD-UHFFFAOYSA-N,
2417,FJMSOFLEPGHTJH-UHFFFAOYSA-N,
2418,ZGMFTNKGGOSJLA-UHFFFAOYSA-N,
2419,OOWGFJQYZCXHEY-UHFFFAOYSA-N,
2420,SJYJPXDRLWCEKB-PWNYCUMCSA-N,
2421,MJYWYXWEBGOSGR-UHFFFAOYSA-N,
2422,DHEJDRUYPDQGJL-UHFFFAOYSA-N,
2423,KLHXLZIIYIORDF-UHFFFAOYSA-N,
2424,WHPGNMQFDVARKE-UHFFFAOYSA-N,
2425,GRVZGPLWLJJPKF-UHFFFAOYSA-N,
2426,KPOMVXDVZNBBAD-UHFFFAOYSA-N,
2427,WBFPWBUAAALPLF-UHFFFAOYSA-N,
2428,YKOHGEJGTTXIOH-UHFFFAOYSA-N,
2429,LSYBYGJFFLWZJR-UHFFFAOYSA-N,
2430,NXMOJJFAOXKJGH-UHFFFAOYSA-N,
2431,GCXOJSSBLOSPBR-OAQYLSRUSA-N,
2432,ARRHNUBWPABKMP-UHFFFAOYSA-N,
2433,HYQHLDOZRBTLBO-CAOOACKPSA-N,
2434,SFKDNGIGLSRIIU-CAOOACKPSA-N,
2435,PVASYGHYWPVDDY-UHFFFAOYSA-N,
2436,GOANHVTUFFCYDW-UHFFFAOYSA-N,
2437,NAYIMUYVNCFQLF-UHFFFAOYSA-N,
2438,QRSUKPUQXRMEII-LZYBPNLTSA-N,
2439,WHFXDFPBOMWCDH-LFYBBSHMSA-N,
2440,HMTXYFKQIFPUAC-UUILKARUSA-N,
2441,DCCWUMIANYUSBM-VCHYOVAHSA-N,
2442,OMLUGSYGNDVARF-UHFFFAOYSA-N,
2443,GYQSWJNGTWVFOL-UHFFFAOYSA-N,
2444,UOBJLLXQFULKQC-UHFFFAOYSA-N,
2445,LOSYHKDUKNUCIA-WTHIONNESA-N,
2446,BTPYXMQNHCCBPD-QPWQZSOCSA-N,
2447,BUVUAXYEYKTURW-RKZGRAQHSA-N,
2448,XFOWBLYDBYQWES-LWYYNNOASA-N,
2449,SUSNXIUROBKLKH-UHFFFAOYSA-N,
2450,AWAIBDFULKUFHE-KRXBUXKQSA-N,
2451,ZWPMCFSUJMYXQK-CMDGGOBGSA-N,
2452,ZWPMCFSUJMYXQK-HJWRWDBZSA-N,
2453,MTQKJDHKIRVLIT-BQYQJAHWSA-N,
2454,OFPXNFWRTGJVGT-CMDGGOBGSA-N,
2455,HBEWWPHZXDWZLS-CMDGGOBGSA-N,
2456,UTTQQQCROYGIOH-FPLPWBNLSA-N,
2457,LRCWZPPNHFPFNB-BQYQJAHWSA-N,
2458,LRCWZPPNHFPFNB-FPLPWBNLSA-N,
2459,CAYVPNVDXKHWMG-CMDGGOBGSA-N,
2460,GKFFFOLFBJUEFN-UHFFFAOYSA-N,
2461,GKZNWTINEDIWMU-UHFFFAOYSA-N,
2462,ICKCRVQGMRLJOK-UHFFFAOYSA-N,
2463,KPCBNEXKDJOQRK-UHFFFAOYSA-N,
2464,NZFXNCSAIXJAEC-UHFFFAOYSA-N,
2465,OZMDMKBWNGONNJ-UHFFFAOYSA-N,
2466,PEYNLAQGUNUQLY-UHFFFAOYSA-N,
2467,OTUVCFZJUZFVJI-UHFFFAOYSA-N,
2468,LAAZTRFINMWDHF-LSHDLFTRSA-N,
2469,WICKRUDMALOVRW-ZVBGSRNCSA-N,
2470,FDQVRYDZQGXESI-QGMBQPNBSA-N,
2471,YAAMYAWUZOUFBP-UHFFFAOYSA-N,
2472,KXUMBBCRJLYEGA-UHFFFAOYSA-N,
2473,KOAJWGCLXJBCOO-UHFFFAOYSA-N,
2474,DBEDFMYUBYJWMI-UHFFFAOYSA-N,
2475,IAABGBLPLJQQNE-UHFFFAOYSA-N,
2476,LFYICFPKEFNMDP-UHFFFAOYSA-N,
2477,WGDGUAJSKDGBIU-UHFFFAOYSA-N,
2478,ZVMAVSDSQVUXDS-NSHDSACASA-N,
2479,LNHKJDDPKZFUFK-UHFFFAOYSA-N,
2480,NLNWEZWZCPNVKN-UHFFFAOYSA-N,
2481,YQASQDJNFPPIDJ-UHFFFAOYSA-N,
2482,RGQUDRQSJYJYAQ-UHFFFAOYSA-O,
2483,JJDIQNNGOKHXIQ-NBVRZTHBSA-N,
2484,QUVGEKPNSCFQIR-AOSYACOCSA-N,
2485,GPWIINYCHXCGQH-CYBMUJFWSA-N,
2486,YLFHFUONPXOJNB-ALCCZGGFSA-N,
2487,OWWLCWNFPBULQB-HNQUOIGGSA-N,
2488,DHCGBLOZXBQMLM-OWOJBTEDSA-N,
2489,IYAKUGSWIVTFLG-MHWRWJLKSA-N,
2490,NTCXBCQSSBDETH-LICLKQGHSA-N,
2491,JPLMTRBFQWWSNR-RQZCQDPDSA-N,
2492,AKTVTVOXYLDCHJ-RQZCQDPDSA-N,
2493,QKIZAOQQUIOUHS-RQZCQDPDSA-N,
2494,MIWWSGDADVMLTG-UHFFFAOYSA-N,
2495,YLHOIFBEXOINQR-YQQGFUMRSA-N,
2496,QVDZIGUTWPPHPE-BXDRWAPJSA-N,
2497,WPVQOCGESLLUKB-UHFFFAOYSA-N,
2498,YXDJUKLUJWOPOU-ZSOIEALJSA-N,
2499,DOUKSEJSZOXDNX-ACAGNQJTSA-N,
2500,UOJHMFXJVCRCFW-GWCFXTLKSA-N,
2501,PQDZXTYSAUKUOU-RQZCQDPDSA-N,
2502,WOKLBFVMBUOLSO-UHFFFAOYSA-N,
2503,WRIODODXFRXKGQ-XKBNSVKSSA-N,
2504,SDFKKMBWIQKUOQ-FWGIJGSISA-N,
2505,SDFKKMBWIQKUOQ-RDXWJVGPSA-N,
2506,DZTWAOVNNLDWNH-VWDWFEEISA-N,
2507,MGQVKSOOUQPUIC-UHFFFAOYSA-N,
2508,DSBNSQJWWAMPTP-UHFFFAOYSA-N,
2509,XXNOQKJQGOFDDX-UHFFFAOYSA-N,
2510,RFMGONYQEMYSFU-UHFFFAOYSA-N,
2511,FLIGFEMQZRDQSA-UHFFFAOYSA-N,
2512,FGPZLZXTFAGVDP-UHFFFAOYSA-N,
2513,TXMPMEQLXDHGQS-UHFFFAOYSA-N,
2514,PZCXLRXZYLOQLL-UHFFFAOYSA-N,
2515,YWWFBNJAQWKPLT-UHFFFAOYSA-N,
2516,VAEAEUCYAQOGJN-BQYQJAHWSA-N,
2517,FXFZYBDLUZHOOS-ZVBGSRNCSA-N,
2518,SDLOIBNEXUUJON-LSHDLFTRSA-N,
2519,SKFYRQOCVYGFLQ-UHFFFAOYSA-N,
2520,DMWRUJGHCMRKEV-OGMQXUJQSA-N,
2521,SQVTVTGQSWPKQE-UHFFFAOYSA-N,
2522,DUTSQUXCLUPKGN-UHFFFAOYSA-N,
2523,BTKGZIRTFZOGQK-UHFFFAOYSA-N,
2524,OUGATFCYQPEBLL-UHFFFAOYSA-N,
2525,JILSILZTCWPPAM-UHFFFAOYSA-N,
2526,ILQYINMEMUEGJD-UHFFFAOYSA-N,
2527,LFQRZGSKDJSGIY-UHFFFAOYSA-N,
2528,MWKKFAOPBFZCAY-UHFFFAOYSA-N,
2529,XCEAUELSIXURQB-UUILKARUSA-N,
2530,FJCFUQRUOOONOG-UHFFFAOYSA-N,
2531,DRPGNSGFTZIHNS-UHFFFAOYSA-N,
2532,MIDPZSQWMZOLRB-UHFFFAOYSA-N,
2533,PYXGZMHPKCFOKS-UHFFFAOYSA-N,
2534,KBDYJFNXFJPZLV-UHFFFAOYSA-N,
2535,GFYZYTYNGQDOQR-UHFFFAOYSA-N,
2536,UHCVBTBHBKPYOY-UHFFFAOYSA-N,
2537,NSHORQOFCYMJTI-UHFFFAOYSA-N,
2538,RQTWIPLPUQBLIX-CQSZACIVSA-N,
2539,KCPFDMGWALUOHK-UHFFFAOYSA-N,
2540,VFRWCPZYBJUDSL-SNVBAGLBSA-N,
2541,OOFRZDPLXWOZAD-VIFPVBQESA-N,
2542,IBHDWSKLAYZZMC-CQSZACIVSA-N,
2543,FMHJPAWAAJHMSV-KPKJPENVSA-N,
2544,SNUSZNONLJBZHX-UHFFFAOYSA-N,
2545,YLVQZTKLHNULPT-UHFFFAOYSA-N,
2546,UANGRNNMWQIQDF-JPMZEALRSA-N,
2547,OSSZCSYISLNNSL-SPFWUMELSA-N,
2548,NJQZTTWLTPKJRF-DPCHOMEHSA-N,
2549,VLWDHXVVNRDUMO-UHFFFAOYSA-N,
2550,XRZGWNNJYKQMEF-UHFFFAOYSA-N,
2551,QYDNSKPCQFRDAL-DQEYMECFSA-N,
2552,LRWREHUHPRIEAI-UHFFFAOYSA-L,
2553,NMISDYSCAUMSIR-UHFFFAOYSA-N,
2554,FLOSRAKAENOMAQ-KTZMUZOWSA-N,
2555,YASMSYWQXOACSS-SRZZPIQSSA-N,
2556,CLUBDPXPDURZBY-UHFFFAOYSA-N,
2557,RQMLOTDTVWVVKB-UHFFFAOYSA-N,
2558,SNQOLWZDRHCFQW-UHFFFAOYSA-N,
2559,BMCOPELNXCQWKT-UHFFFAOYSA-N,
2560,GTOOBDGPBAVJFO-UHFFFAOYSA-N,
2561,KBTGCSCDEWFJKS-UHFFFAOYSA-N,
2562,NFDQUPNZDLRYFK-UHFFFAOYSA-N,
2563,MOQSJAWCRNPMOY-UHFFFAOYSA-N,
2564,HPSFUECREMYCFF-UHFFFAOYSA-N,
2565,QHNMLHIWINBZBY-UHFFFAOYSA-N,
2566,BZEOSGXGSVKWMJ-UHFFFAOYSA-N,
2567,MWZHLEVUUNIRMX-UHFFFAOYSA-N,
2568,AZBJHAZVBBFANY-UHFFFAOYSA-N,
2569,LOZWWNIZAYJOSZ-UHFFFAOYSA-N,
2570,MXJOLMAYDWVYSE-UHFFFAOYSA-N,
2571,ZUUCPPXJVOSKOT-UHFFFAOYSA-N,
2572,ZPJDMWKKYMBLRB-UHFFFAOYSA-N,
2573,QICIFQGAKTXHKJ-UHFFFAOYSA-N,
2574,INDBWMVRQCGEDA-UHFFFAOYSA-N,
2575,MGYGXSLZKFRILB-UHFFFAOYSA-N,
2576,FMLVPBKDWXMDJI-UHFFFAOYSA-N,
2577,XBCLNIOPLLDSJC-CJLVFECKSA-N,
2578,WDISNYXJXOAXDC-OQKWZONESA-N,
2579,SUUKHWPTLHPTMT-UHFFFAOYSA-N,
2580,ILROXFQHACCDLA-UHFFFAOYSA-N,
2581,VSBLUZMNPUYREQ-UHFFFAOYSA-N,
2582,SBOFQONQPWYCKK-KUGNVKOJSA-N,
2583,TWPXQMDEDYHABH-UKTHLTGXSA-N,
2584,LPPSCVHLIWHBAD-UKTHLTGXSA-N,
2585,SUVMJBTUFCVSAD-SNVBAGLBSA-N,
2586,JGLNNLSEGJOSBP-FZSIALSZSA-N,
2587,XHAJMVPMNOBILF-UHFFFAOYSA-N,
2588,YMIKUHVSRFHPOP-YRNVUSSQSA-N,
2589,JJVLCJBAUYXYHV-UHFFFAOYSA-N,
2590,OWXOQKPUTAYWQJ-UHFFFAOYSA-N,
2591,XKQKRUYJTROWHX-UHFFFAOYSA-N,
2592,DLAMLJADWCYVLL-UHFFFAOYSA-N,
2593,NRUBDRRAPGNZES-UHFFFAOYSA-N,
2594,ZXBYLKWUMZHTAJ-UHFFFAOYSA-N,
2595,NFTLDXCJSWJREQ-XRIOVQLTSA-N,
2596,USDKDUDKUXADFB-UHFFFAOYSA-N,
2597,YJPRNBFXFNUFMK-UHFFFAOYSA-N,
2598,IAFAANQPDPWPHK-UHFFFAOYSA-N,
2599,DLPUMCNNAFIKAZ-UHFFFAOYSA-N,
2600,IKLFWWCIJKDTCF-UHFFFAOYSA-N,
2601,KBKIHBLYJWMPHY-UHFFFAOYSA-N,
2602,AUMHQTPTLDEJFB-UHFFFAOYSA-N,
2603,ZWBTYMGEBZUQTK-SOZRUSIGSA-N,
2604,ZGDOQIIDWYIVGP-UHFFFAOYSA-N,
2605,JUAARKWGLZTQNH-ZCTFNJASSA-N,
2606,YHSBFZXXJVBQBP-YCQAMALFSA-N,
2607,KSMVBYPXNKCPAJ-UHFFFAOYSA-N,
2608,IDWXMLHTGMEACM-UHFFFAOYSA-N,
2609,XBQOGPRXCCTYMI-AKWYTYQQSA-N,
2610,ZDDOCTLDSWCEMH-POYPGSECSA-N,
2611,AUYAUUMMBWPIBH-UHFFFAOYSA-N,
2612,JWAVPBBHHCDFAJ-UHFFFAOYSA-N,
2613,ZOBBHHBKRYQHNE-UHFFFAOYSA-N,
2614,DSMLJBKYTMQCAB-RFVPFORTSA-N,
2615,XQMVXDKVEZLVJM-ZXFHAVDRSA-N,
2616,YDMKOSXEBKMMKM-YMZPMMFKSA-N,
2617,VXYCSMKYPXVDCD-UHFFFAOYSA-N,
2618,JMGCLFIGRPUICN-UHFFFAOYSA-N,
2619,QJFLZCWGKFNQDC-DEDYPNTBSA-N,
2620,HBHNONRBXXYADG-UHFFFAOYSA-N,
2621,SPWVHXNVZPYVEF-UHFFFAOYSA-N,
2622,OCDWRYFMHKWDNM-MSOLQXFVSA-N,
2623,DGMQLEXFSYPXSM-UHFFFAOYSA-N,
2624,WBAKMUVUWMOHBI-UHFFFAOYSA-N,
2625,KBKOFWYPSMINIY-MCRWPRFKSA-N,
2626,ZDYRMQAWCRQQMA-UHFFFAOYSA-N,
2627,JKPZDIJQGUUTDK-UHFFFAOYSA-N,
2628,LSJIVKJSTPZYIW-UHFFFAOYSA-N,
2629,IPDMWUNUULAXLU-UHFFFAOYSA-N,
2630,DOPVJUAEDLMBAC-JKSUJKDBSA-N,
2631,DUFXFUIMHWDTGA-UHFFFAOYSA-N,
2632,UTKSEJOMFCFDHY-UHFFFAOYSA-N,
2633,MXXIVSMCXVWMGM-UHFFFAOYSA-N,
2634,DGXGHCUMZXLBKO-SVBPBHIXSA-N,
2635,HKKPFSLERRPXJE-SVBPBHIXSA-N,
2636,JAVJTWDBPDGUOD-OVCLIPMQSA-N,
2637,VEESWSQPFBOEOS-UHFFFAOYSA-N,
2638,QNFDDBVENTZDKA-HZHRSRAPSA-N,
2639,FMBVCJLXPPUGHO-BUJDNCMTSA-N,
2640,PDXDUBHKSJPSBR-SXSSDGSKSA-N,
2641,OIWZYUXHQCIFCN-UHFFFAOYSA-N,
2642,SDZMBKUVSKUCFK-UHFFFAOYSA-N,
2643,ISSSVYKMIIAPTH-UHFFFAOYSA-N,
2644,YOXCBPZFDXIVTL-UHFFFAOYSA-N,
2645,SBCCNMDXOPPQRI-UHFFFAOYSA-N,
2646,VTKCRAHLQFKJLZ-UHFFFAOYSA-N,
2647,XSTFUKGZZKBPLL-UHFFFAOYSA-N,
2648,AWIFSLXFBYQNBM-KRXBUXKQSA-N,
2649,GLVDERWDPMKHQK-QHHAFSJGSA-N,
2650,HQVOSEVSCDGUQL-MLZOOGPOSA-N,
2651,QIDUHIYRDLAAKS-TYICEKJOSA-N,
2652,WEZHUZCCXQAMCF-UHFFFAOYSA-N,
2653,IMBPMAAMRHSTEU-UHFFFAOYSA-N,
2654,SYEIGTNGRUFXOF-UHFFFAOYSA-N,
2655,ZBEFUSRQZRYVKA-LAYTVVDLSA-N,
2656,YCDLIADNLQNFRV-NSHOPTMOSA-N,
2657,YRTWEMSKYFQHCH-UHFFFAOYSA-N,
2658,GLQCSJIEBLIDIC-UHFFFAOYSA-N,
2659,FNLMEDGQBVFDCQ-UHFFFAOYSA-N,
2660,OVXXVPKMQFKNHO-INIZCTEOSA-N,
2661,IMVLGCWEGQXIJC-UHFFFAOYSA-N,
2662,DYBBJPJQYIJFJO-RUDMXATFSA-N,
2663,YKNOQTHFSZLRAH-UHFFFAOYSA-N,
2664,FAFWUKANGIUNBE-UHFFFAOYSA-N,
2665,KALGYHKIOYAZSA-UHFFFAOYSA-N,
2666,JSQHCJCIWNINQL-UHFFFAOYSA-N,
2667,FLQFGOAHHDRFGE-UHFFFAOYSA-N,
2668,NOSIYYJFMPDDSA-UHFFFAOYSA-N,http://coconutKG.aksw.org/data/molecule/840003
2669,WOCOVPRTRIBGFZ-UHFFFAOYSA-N,
2670,DUFCJFNJASJENF-UHFFFAOYSA-N,
2671,BGCRLTDRWUMSQP-UHFFFAOYSA-N,
2672,ZIJMEKQSLRFWEY-UHFFFAOYSA-M,
2673,ZMKIWBPCBZEWCH-UHFFFAOYSA-M,
2674,SQQPKDWHARNTKY-UHFFFAOYSA-M,
2675,QHPJVKAAEUAFJQ-WUXMJOGZSA-N,
2676,SQAUBUOERMTOIE-GIJQJNRQSA-N,
2677,ATQHKRNYKNODNK-LCTPCRRBSA-N,
2678,NYCBHEMCYMXECF-UHFFFAOYSA-N,
2679,MZJWSMMILGDGIP-UHFFFAOYSA-N,
2680,KSTPRMIQQSZNDR-UHFFFAOYSA-N,
2681,YMVRTQHTFFBNAE-UHFFFAOYSA-N,
2682,HASVUIKLUCXREU-UHFFFAOYSA-N,
2683,RLKFKUXKYAFMGB-UHFFFAOYSA-N,
2684,LIRWDXIZOUYHIK-UHFFFAOYSA-N,
2685,LBEWHVLEOWXQEK-UHFFFAOYSA-N,
2686,GKDLJVRCITXMSH-UHFFFAOYSA-N,
2687,LLIFNBFVMVAQMZ-UHFFFAOYSA-N,
2688,FQVMQBWICHSZHV-WLRTZDKTSA-N,
2689,ZYKNBEMCTQRLGS-IZZDOVSWSA-N,
2690,WHZWKPMRCWMULU-UHFFFAOYSA-N,
2691,QPDIYDDFRSEHCQ-UHFFFAOYSA-N,
2692,ODOUDYGXFJTQSD-UHFFFAOYSA-N,
2693,LMUKSPBRDQUXIN-UHFFFAOYSA-N,
2694,SBTJFNYPCIJVAV-UHFFFAOYSA-N,
2695,DYJKTTVGYMKLLJ-UHFFFAOYSA-N,
2696,YWYKYOZFHGOXNH-UHFFFAOYSA-N,
2697,GWJJRDKEDFSIDL-ZIAGYGMSSA-N,
2698,YDUMNUIISWCVDA-HZPDHXFCSA-N,
2699,DUENHQWYLVQDQK-UHFFFAOYSA-N,
2700,XBZFXAYXSQAPPD-UHFFFAOYSA-N,
2701,FJSCIFMDQSXLCX-CVKWUQFVSA-N,
2702,RPLYQBNGIVQYAD-ICSRJNTNSA-N,
2703,KECGPQQFTDUAOT-KPCWAIEQSA-N,
2704,MAKAQDDIXHMURF-UHFFFAOYSA-N,
2705,BZEKKSSYFMPCCF-UHFFFAOYSA-N,
2706,GFSFEWSYEKECSE-OWOJBTEDSA-N,
2707,PMMDCIQHXDHNKX-UHFFFAOYSA-N,
2708,WJBBBFAIQAQIIG-UHFFFAOYSA-N,
2709,XJBIUCKFSNOYNR-UHFFFAOYSA-N,
2710,WJRRGYBTGDJBFX-UHFFFAOYSA-N,
2711,XSMBMYSEWPXVEN-UHFFFAOYSA-N,
2712,MLVNQWRNETYUMO-UHFFFAOYSA-N,
2713,HWOFSCGXHBVSNL-UHFFFAOYSA-N,
2714,ADEWRNMPMKZRKB-CQSZACIVSA-N,
2715,DRTLOASVNGAYMK-MRVPVSSYSA-N,
2716,GDTOFSFBQOMDHZ-UHFFFAOYSA-N,
2717,VOZKRUYNVQHSHL-UHFFFAOYSA-N,
2718,GGBXYXPRVQOMBV-UHFFFAOYSA-N,
2719,PBNJEFLDXFIGNG-UHFFFAOYSA-N,
2720,CGBBXIBLWODGSI-HUUCEWRRSA-N,
2721,BGUJUBCGEUFAEJ-UHFFFAOYSA-N,
2722,SSYDDBTUFYJMFD-UHFFFAOYSA-N,
2723,RJXJRMQSVRRNFU-UHFFFAOYSA-N,
2724,AWXFIBJICXPWHJ-MDZDMXLPSA-N,
2725,VNVBAMKTFHENFJ-UHFFFAOYSA-N,
2726,NHRLMSIFONYROM-UHFFFAOYSA-N,
2727,CQGGFCOCFOTAHO-UHFFFAOYSA-N,
2728,NFPJEMYQGPSBDC-UHFFFAOYSA-N,
2729,PXMCVDGUXPJGTE-UHFFFAOYSA-N,
2730,AAILESOPYFDNHN-UHFFFAOYSA-N,
2731,CYUVVBNKZJSALV-UHFFFAOYSA-N,
2732,HZFLVIMHWPEKDA-UHFFFAOYSA-N,
2733,HMGTVHDYNLCTCL-UHFFFAOYSA-N,
2734,GDHBZPWLTHDIQJ-UHFFFAOYSA-N,
2735,ZIFZIVXYCRDNCH-UHFFFAOYSA-N,
2736,JHZLIQJOZAJHNA-UHFFFAOYSA-N,
2737,CTYOHWMPZFAPEK-UHFFFAOYSA-N,
2738,CJPLMXOWZZCYHJ-QHCPKHFHSA-N,
2739,WHPAGCJNPTUGGD-UHFFFAOYSA-N,
2740,GOQWSTHKJNXWJE-UHFFFAOYSA-N,
2741,SIHVBCCSPMCOSP-GFCCVEGCSA-N,
2742,DATONYFHQPIEGT-UHFFFAOYSA-N,
2743,MRDDQFAMQGOFSP-UHFFFAOYSA-N,
2744,BRPKXERUZRLXJH-UHFFFAOYSA-N,
2745,BMDXTVXKECMDSR-UHFFFAOYSA-N,
2746,UZONBUUGWVNCPW-UHFFFAOYSA-N,
2747,LEZKDPMWVYFLNP-UQNWOCKMSA-N,
2748,WVJUDQDJROBGMI-IROCBMIISA-N,
2749,GFLGYTSRFAXHHC-OMCISZLKSA-N,
2750,ZFWBXQAVLYJGIL-LFIBNONCSA-N,
2751,GLWFCJOUIQRVSV-DUXPYHPUSA-N,
2752,HRSLPCPLMOACJK-SNAWJCMRSA-N,
2753,LJHLGAYQRPRZAM-UHFFFAOYSA-N,
2754,QMPYVFGEBXUMLO-UHFFFAOYSA-N,
2755,ZVHQUWZXRHUMNE-UHFFFAOYSA-N,
2756,PNTQLLHEAPXEAS-XQNSMLJCSA-N,
2757,NBOZTLQOGNJFJN-HEHNFIMWSA-N,
2758,LAOZLHKREWZYPX-RCCKNPSSSA-N,
2759,WCHPDIHPVKBDRL-UHFFFAOYSA-N,
2760,PLGRWZFJIZAMJX-UHFFFAOYSA-N,
2761,DCVNRRRHQVLXFQ-UHFFFAOYSA-N,
2762,YUTNYKCJOPVWMD-UHFFFAOYSA-N,
2763,CBBLUPCVEXDGFP-UHFFFAOYSA-N,
2764,HIIQCNFKPJKABH-UHFFFAOYSA-N,
2765,QECSEJFEVVSYNS-UHFFFAOYSA-N,
2766,QNUYHZAYXDMWMT-UHFFFAOYSA-N,
2767,LQTOYOKZKAIJKY-UHFFFAOYSA-N,
2768,RYGLALTWQJAUSB-UHFFFAOYSA-N,
2769,VLZYXSQGILGQAI-UHFFFAOYSA-N,
2770,FSNSHNQYKPMOLI-UHFFFAOYSA-N,
2771,QSDATFVJEUAIHP-UHFFFAOYSA-N,
2772,XFSBEGGQVWSXHN-UHFFFAOYSA-N,
2773,VSHLHHIXBZKJEC-UHFFFAOYSA-N,
2774,RXGRNGFVHHWCPK-UHFFFAOYSA-N,
2775,OGYPCPAJPPIFSL-UHFFFAOYSA-N,
2776,TZQBMINEPXWUBX-UHFFFAOYSA-N,
2777,HXTRVGOLRZLXRO-CMDGGOBGSA-N,
2778,YERNWSKHBHXBMT-CMDGGOBGSA-N,
2779,AEOGPKNAMFVZTP-UHFFFAOYSA-N,
2780,UXAGONRYZHDTEV-UHFFFAOYSA-N,
2781,BGRZQOGBSYKOKU-UHFFFAOYSA-N,
2782,RQNONIVDXRQTQB-UHFFFAOYSA-N,
2783,AURGNRKEXHVPOH-VOTSOKGWSA-N,
2784,ZDEMZIVORSFDAA-UHFFFAOYSA-N,
2785,FJIBTGARTYLJMM-BJMVGYQFSA-N,
2786,NIKHGUQULKYIGE-OTCXFQBHSA-N,
2787,IVVSRGQSBKZBFN-UHFFFAOYSA-N,
2788,ABRAPNIPGHCHBX-UHFFFAOYSA-N,
2789,RHNWZHIBIGVABX-UHFFFAOYSA-N,
2790,GKQOPFVJRIHQNW-UORBOEOWSA-N,
2791,DTSVLKGFORFHEN-UHFFFAOYSA-N,
2792,WQYGOLFIRZJUCI-UHFFFAOYSA-N,
2793,NVJIABCLSXMORI-UHFFFAOYSA-N,
2794,DWEDWTTYILNMGD-ZMOGYAJESA-N,
2795,DPGLFDLZZANNTD-WOJGMQOQSA-N,
2796,LCPGWSSOBDVKCE-UHFFFAOYSA-N,
2797,ZCPTUDADVBGRTC-JWGURIENSA-N,
2798,NGFXXIKLZLDQGL-UHFFFAOYSA-N,
2799,QBJIHFVYMJWXAJ-KQQUZDAGSA-N,
2800,VQZVGQGBNDQNOQ-UHFFFAOYSA-N,
2801,VWIUSGYDNYMDAE-UHFFFAOYSA-N,
2802,FUMWKJXPNCMONN-UHFFFAOYSA-N,
2803,HPEWCQXSLZUOOT-UHFFFAOYSA-N,
2804,OVQJJJFQAYMWJD-UHFFFAOYSA-N,
2805,NCRGOLGHNCNTAN-UHFFFAOYSA-N,
2806,YMZNONSLTHPWMU-UHFFFAOYSA-N,
2807,GJILVDSQLDAILL-UHFFFAOYSA-N,
2808,MXXUCMQKWUJOBH-UHFFFAOYSA-N,
2809,ZGIHRAWLZJJCAI-UHFFFAOYSA-N,
2810,XMWWVRVZKYRJBA-UHFFFAOYSA-N,
2811,FJLUCDLUOUVXQC-SCFUHWHPSA-N,
2812,ZJJSZPPYZKBBKU-NVQRDWNXSA-N,
2813,ALFDESBFTBWMLX-WVSUBDOOSA-N,
2814,MXPWVQPKRMIYJL-SDBHATRESA-N,
2815,CPRRZYUTSOZMLR-UHFFFAOYSA-N,
2816,YUQQHTDRBVFZGY-UHFFFAOYSA-N,
2817,FQVUNRIBKFKHHC-UHFFFAOYSA-N,
2818,YXKHZYNSINIHQT-FZNWDQQTSA-N,
2819,AEXBDBARJCAQDQ-FZNWDQQTSA-N,
2820,MXUMAQRHHYSYEX-XLIONFOSSA-N,
2821,ILDMHYFHSBBUCU-MUVXKPORSA-N,
2822,VXOPEXHNHPAYSO-UHFFFAOYSA-N,
2823,OXAAIIHJNOSWLO-UHFFFAOYSA-N,
2824,DUUOWWKRYAYWCH-UHFFFAOYSA-N,
2825,UDQBKONFZICUMM-UHFFFAOYSA-N,
2826,HTXJHSGDEVQZBO-UHFFFAOYSA-N,
2827,VBWLSGUENACLCS-UHFFFAOYSA-N,
2828,HGDIETCJEPAMKS-UHFFFAOYSA-N,
2829,VRXSNDMOTKAISC-UHFFFAOYSA-N,
2830,YPTYSDQCHYUPBN-UHFFFAOYSA-N,
2831,BGMMZNMDIABGHL-UHFFFAOYSA-N,
2832,OXCQWZKAURRYEJ-UHFFFAOYSA-N,
2833,LFRSCQXGWPOWRL-UHFFFAOYSA-N,
2834,ASZBIAOWGVWIAB-UHFFFAOYSA-N,
2835,QYUITRDIQGXQHL-UHFFFAOYSA-N,
2836,ZXIFQZWHFZTHMV-UHFFFAOYSA-N,
2837,KXNOKGPRSRWYJP-UHFFFAOYSA-N,
2838,DPWBZBJMXKOKIL-IPNVECSYSA-N,
2839,JNLQWYSCOZUAEC-UHFFFAOYSA-N,
2840,HXMIZAHWHGHSRG-UHFFFAOYSA-N,
2841,JVMXDLBBIVRLRM-UHFFFAOYSA-N,
2842,VQQHBGXUYKOMPU-UHFFFAOYSA-N,
2843,NRFCEJJSDAYGRW-UHFFFAOYSA-N,
2844,BPZWGWWUOKMDLW-UHFFFAOYSA-N,
2845,PTDDBUURIQKJBG-UHFFFAOYSA-N,
2846,USZXIIRRMNGCGU-UHFFFAOYSA-N,
2847,SKOSBKVOTBTNAJ-UHFFFAOYSA-N,
2848,FZZDPJKTRXYMFZ-UHFFFAOYSA-N,
2849,OWORZGPKIQYFCP-UHFFFAOYSA-N,
2850,IODCCPRMSPBXQZ-UHFFFAOYSA-N,
2851,WBVMIQAMORKYIV-UHFFFAOYSA-N,
2852,MEBPGJFXXVRICE-OMAOVEBHSA-N,
2853,XEFSSJHISOYFRI-UHFFFAOYSA-N,
2854,BYLCCVYIRBOEGV-UHFFFAOYSA-N,
2855,WLYQLQVFJXFMJD-WLRTZDKTSA-N,
2856,CWQVVADUKLKYBU-UHFFFAOYSA-N,
2857,SNHQBKBOQQNXSL-UHFFFAOYSA-N,
2858,DCKORMMSJOGHPV-UHFFFAOYSA-N,
2859,VWFCONXDIHVJOK-UHFFFAOYSA-N,
2860,XJWCXJGANJAQFX-UHFFFAOYSA-N,
2861,GQAAMYYFJIPREV-UHFFFAOYSA-N,
2862,OPHROQCQNYRESS-UHFFFAOYSA-N,
2863,QRQNVSQURDEWOA-UHFFFAOYSA-N,
2864,WPSGSIGJHFRNKW-UHFFFAOYSA-N,
2865,TVPDKNJXDBOZBP-UHFFFAOYSA-N,
2866,JTPSCQDQJOPQRD-UHFFFAOYSA-N,
2867,IRKJDSRSACUILA-UHFFFAOYSA-N,
2868,IESRXEZTNSYEPR-UHFFFAOYSA-N,
2869,YAYCWUCJEMIMQS-UHFFFAOYSA-N,
2870,KRKOMEYCAXGDLM-UHFFFAOYSA-N,
2871,OJOGEPPGWATWDE-UHFFFAOYSA-N,
2872,HLDLJJIOVPEGIZ-UHFFFAOYSA-N,
2873,QWTQKDHRYOUCIT-UHFFFAOYSA-N,
2874,SZSJCKUDTJMTHS-UHFFFAOYSA-N,
2875,YRESKFMGHVGGOR-UHFFFAOYSA-N,
2876,VZBDGRADRMOFLD-UHFFFAOYSA-N,
2877,PMTDGYFTZYPQQK-UHFFFAOYSA-N,
2878,QSRGFTXRHKHQND-UHFFFAOYSA-N,
2879,XKHXYDAQZUWWOG-UHFFFAOYSA-N,
2880,VXPOMPQITCYLHY-UHFFFAOYSA-N,
2881,JAOPJYCLBDDRGC-UHFFFAOYSA-N,
2882,DMNJEWADQHHYNQ-UHFFFAOYSA-N,
2883,PODMEVXUBZWAFS-CXUHLZMHSA-N,
2884,FOOKZNTZWBBTFT-UHFFFAOYSA-N,
2885,JZIMWXZRQKRKKI-UHFFFAOYSA-N,
2886,IELWTRAJTNKBCZ-UHFFFAOYSA-N,
2887,MLAOJHVRNWODGF-WUXMJOGZSA-N,
2888,QNAATLGQMSSVEO-CJHSMMPESA-N,
2889,JZABGYOOVXFCCG-UHFFFAOYSA-N,
2890,DXTYOSQHSRZDRD-UHFFFAOYSA-N,
2891,MWEQHAGXLGTSKL-OPCQMSRDSA-N,
2892,SGZYRGVLHCDTKP-UHFFFAOYSA-N,
2893,WDQPAMHFFCXSNU-UHFFFAOYSA-N,
2894,FDCYBNLGBJCHKB-BJQRDSPESA-N,
2895,KUPQUUWZDBYIDQ-IQGLISFBSA-N,
2896,LHBHLMDZZPVEIF-QTQZEZTPSA-N,
2897,BFVLHNPSUDWVHE-QTQZEZTPSA-N,
2898,WPOKZXIPHLEWGC-WVSUBDOOSA-N,
2899,VOFDEZRMVMQROI-UHFFFAOYSA-N,
2900,SYTBLVLIYLABPS-CXUHLZMHSA-N,
2901,KSFGISBKYIAEAI-KPKJPENVSA-N,
2902,QDKWNRAXFCTRLA-UHFFFAOYSA-N,
2903,UTTQQQCROYGIOH-BQYQJAHWSA-N,
2904,PQIYBOGKAOTRJE-FPLPWBNLSA-N,
2905,ZTOXYMHOARYIDE-BQYQJAHWSA-N,
2906,FJRVLOIMKTVVGV-BCRBLDSWSA-N,
2907,GPXBTNAIIIXHOX-UHFFFAOYSA-N,http://coconutKG.aksw.org/data/molecule/10034
2908,DTUYTHZJRGIGKJ-DLBZAZTESA-N,
2909,KDYSXPHDKMPJDB-UHFFFAOYSA-N,
2910,AJVALXXXOAULDB-UHFFFAOYSA-N,
2911,DIYQFNVBYVJQKM-UHFFFAOYSA-N,
2912,PCKIYGZKFAREKV-HKUYNNGSSA-N,
2913,OBAAIOCCAHBLIY-MJGOQNOKSA-N,
2914,VHXPABFLOHTGIK-UHFFFAOYSA-N,
2915,MCTCPEGIVXCTFR-UHFFFAOYSA-N,
2916,SOEHHPRBZQVYRL-UHFFFAOYSA-N,
2917,YSPAYSATMKNVDU-UHFFFAOYSA-N,
2918,STTXDKYPMIFJCR-KRWDZBQOSA-N,
2919,XTBQCMUSYYFPFC-UHFFFAOYSA-N,
2920,NMBYSNURAOTDCI-UHFFFAOYSA-N,
2921,OFCNXPDARWKPPY-UHFFFAOYSA-N,
2922,HAKAQYXAPNGKBB-GXDHUFHOSA-N,
2923,BSCUSHIZKUNLBY-OQLLNIDSSA-N,
2924,HWCZTNMJKPEDDT-UKTHLTGXSA-N,
2925,YYQRLUZQOGECRI-XDJHFCHBSA-N,
2926,HXRQVYYDBRELKC-RCCKNPSSSA-N,
2927,GELPGYLEDCXRNR-UHFFFAOYSA-N,
2928,GRYYFGRZPFKPNH-UHFFFAOYSA-N,
2929,QLADCCGURIKZSH-UHFFFAOYSA-N,
2930,HMJIYCCIJYRONP-UHFFFAOYSA-N,
2931,LYUULGVBHWLUDS-UHFFFAOYSA-N,
2932,UCYMWXPEWAVMNX-UHFFFAOYSA-N,
2933,APDVWVAAGVJRBN-LRDDRELGSA-N,
2934,LUXVUYAODRTYQM-HOCLYGCPSA-N,
2935,OFXSRAUKNAAEAP-UHFFFAOYSA-N,
2936,FIDQLFLECMCOPH-RDJZCZTQSA-N,
2937,CRKAKYDURLBFEC-HOCLYGCPSA-N,
2938,GRFIZTMXCCXEBH-HOCLYGCPSA-N,
2939,BYZPJKRBPOLBMF-UHFFFAOYSA-N,
2940,AVSABPBQSMDOMO-UHFFFAOYSA-N,
2941,GVYZIIUWWXQVNG-UHFFFAOYSA-N,
2942,RLKGUNQJMYDNRM-UHFFFAOYSA-N,
2943,VWJAPQXRZIFGME-UHFFFAOYSA-N,
2944,YDJSJUZIPGAPDK-UHFFFAOYSA-N,
2945,YPWTXSUGKWOYGY-UHFFFAOYSA-N,
2946,YPEDWIVSWKXJPX-UHFFFAOYSA-N,
2947,NVHVFITXPIZHCV-UHFFFAOYSA-N,
2948,UJRRDDHEMZLWFI-UHFFFAOYSA-N,
2949,GXPJUECSGUAVGH-ZMOGYAJESA-N,
2950,SBBRWRRRYJXEQQ-UHFFFAOYSA-N,
2951,IXLNOSDUVKDOJW-UHFFFAOYSA-N,
2952,RIMBJMCCNIZHBQ-UHFFFAOYSA-N,
2953,VYXILGOKQQQIFU-UHFFFAOYSA-N,
2954,YHFXGBOUSIKGMZ-UHFFFAOYSA-N,
2955,UYSQUUZOVSTAMD-UHFFFAOYSA-N,
2956,YRHLXZXFOJGOFB-UHFFFAOYSA-N,
2957,BXGZWTIYTVZGOT-VHGMICAZSA-N,
2958,KCDLADJXPRKINX-VOIUYBSRSA-N,
2959,MFTBNMJNAWVDHW-WXTAPIANSA-N,
2960,ZIUQZJOFOWJQCN-SLGOVJDISA-N,
2961,HIWKTEJVBHQKEL-BQYQJAHWSA-N,
2962,KRKTYQUSRQFVQW-BQYQJAHWSA-N,
2963,YXMVENJLGGMMIL-UWVGGRQHSA-N,
2964,HKRMZRDSMHPIBO-MHWRWJLKSA-N,
2965,OKQWPAJCTGGGSH-UHFFFAOYSA-N,
2966,LGDLVARFVLVZIU-UHFFFAOYSA-N,
2967,FEPGYFDCQFPOHA-UHFFFAOYSA-N,
2968,OURJDSNLCDZIHT-UHFFFAOYSA-N,
2969,CLUXPBMRWJKQQN-UHFFFAOYSA-N,
2970,FHARNZGMCDUNFI-UHFFFAOYSA-N,
2971,IURGIPVDZKDLIX-UHFFFAOYSA-M,
2972,RLVXUXKFTQUTAC-UHFFFAOYSA-N,
2973,MXKJCNFTIDZGTH-OVCLIPMQSA-N,
2974,PLPYYVZBGMJQIJ-UHFFFAOYSA-N,
2975,XUGCQBKWZJRTAJ-UHFFFAOYSA-N,
2976,OKYUZNJXJWIHLG-UHFFFAOYSA-N,
2977,BGYUJFVEJSKLNH-OWOJBTEDSA-N,
2978,SCVMMQICKDRNMD-ABLWVSNPSA-N,
2979,ILJCZQVNOTYOMQ-UHFFFAOYSA-N,
2980,ZQHJXKYYELWEOK-ONCXSQPRSA-N,
2981,APCIXKSWFIRIKA-UHFFFAOYSA-N,
2982,WXJCIRAGCWQLAC-GHRIWEEISA-N,
2983,XEMPOAPXKVLKFN-UHFFFAOYSA-N,
2984,UGPUIBDBIZGLDW-UHFFFAOYSA-N,
2985,GHCITZLMAPABDB-UHFFFAOYSA-N,
2986,URCQAJSVONHCLU-UHFFFAOYSA-N,
2987,TZLAKAGGQHAQSM-UHFFFAOYSA-N,
2988,IPZSNWYYYAJHGL-UHFFFAOYSA-N,
2989,LYPPZYXXXNFNMF-RIYZIHGNSA-N,
2990,NEUAVBFDOFSYBO-FXNOXHGHSA-M,
2991,QNUFDBCOJMNDKS-WUXQVZJKSA-N,
2992,SYMWDCRVSWITBY-GPNQSEPASA-N,
2993,ALJUZFSIUYNTDZ-YUMQZZPRSA-N,
2994,SASMNYHOQIJNIJ-CBZHAUGTSA-N,
2995,MTUNCTKMDUEXIC-BEFAXECRSA-N,
2996,NXRGWQRQXPUQSX-UHFFFAOYSA-N,
2997,YPQOGTSGKDUVDA-UHFFFAOYSA-N,
2998,NPOMZDCVTKALII-UHFFFAOYSA-N,
2999,VDCLTZXJJLMWQH-UHFFFAOYSA-N,
3000,QETPKFBGMHZSJS-UHFFFAOYSA-N,
3001,APQLSOILUGXXKJ-UHFFFAOYSA-N,
3002,CQJPDHJTBKRUTN-UHFFFAOYSA-N,
3003,WISGTEZQTMAPQT-UHFFFAOYSA-N,
3004,HAWMHBRUYTWVQD-UHFFFAOYSA-N,
3005,VGLYOFIVLPBODU-UHFFFAOYSA-N,
3006,BITBXLJFGNXHIV-UHFFFAOYSA-N,
3007,UYYRGUHHPKHWTR-UHFFFAOYSA-N,
3008,IAZWNNACOSEBDJ-UHFFFAOYSA-N,
3009,BYHVZDRLSCCTND-UHFFFAOYSA-N,
3010,HYRFSKQQUOSNNL-UHFFFAOYSA-N,
3011,ZETNVTKXBHIGKK-XZVFWACVSA-N,
3012,HKMWEKLSRJPNST-JTQIXUMHSA-N,
3013,VNIUFERWGLZBES-JTQIXUMHSA-N,
3014,YEGASUTWFGZGAI-TURPLPBBSA-N,
3015,XFQGKXRPWGAZEF-BMBVXPEGSA-N,
3016,CXAUBPZXSSIFKM-HDQOQCMRSA-N,
3017,QZYXLRCKWOIWEE-UHFFFAOYSA-N,
3018,PFNLTZRVHPTCMC-UHFFFAOYSA-N,
3019,OUPIDEAYKWCYML-UHFFFAOYSA-N,
3020,VLGPSAVMEQDEHW-UHFFFAOYSA-N,
3021,JQOVNQIUKPLNJL-CQSZACIVSA-N,
3022,ZSFNPIOLOJRUSG-AWEZNQCLSA-N,
3023,ZSFNPIOLOJRUSG-CQSZACIVSA-N,
3024,WDKHTUZNROOQTF-UHFFFAOYSA-N,
3025,NTVIIPCUTBWNKY-UHFFFAOYSA-N,
3026,YMLMVYNPYPLNKX-UHFFFAOYSA-N,
3027,GPKJTRJOBQGKQK-UHFFFAOYSA-N,
3028,OPECBHGHSFBITB-UHFFFAOYSA-N,http://coconutKG.aksw.org/data/molecule/31625
3029,BZUAEDSCKGHVFY-XYOKQWHBSA-N,
3030,DXZWCRGXCIYTII-YRNVUSSQSA-N,
3031,RWGCHLNCPOOTPA-AWQFTUOYSA-N,
3032,KWKSFMHWUNFKNZ-UKTHLTGXSA-N,
3033,GCTYWXVGDSKRIJ-UHFFFAOYSA-N,
3034,FPEKJVLSBFDPEY-CYVLTUHYSA-N,
3035,FEUBHQALXBWJSW-PYCFMQQDSA-N,
3036,NPRPUQFQUVGHRP-NBVRZTHBSA-N,
3037,NEJZOICBAZUUDZ-UHFFFAOYSA-N,
3038,SQUWZOHKWJIPIY-UHFFFAOYSA-N,
3039,ZYGMVQDLXXIBEZ-UHFFFAOYSA-N,
3040,WQUQRTCYIZSLFZ-LJUMEUDFSA-N,
3041,DWHCZEJAJNXQKX-UHFFFAOYSA-N,
3042,VTLIIBYXHVAVLU-XMHGGMMESA-N,
3043,QMOIQIMDXMAPRU-VCHYOVAHSA-N,
3044,GCDAXSQCBCUETA-SNVBAGLBSA-N,
3045,UYEAVRLFLZMBSY-UHFFFAOYSA-N,
3046,VCKPUUFAIGNJHC-LURJTMIESA-N,
3047,IRXCGQNBHHXRTJ-UHFFFAOYSA-N,
3048,ORPBDLVVKYEJNL-UHFFFAOYSA-N,
3049,WQRUTHPPWJRWRB-UHFFFAOYSA-N,
3050,YYHBOUVNIMWRMK-UHFFFAOYSA-N,
3051,WCUJEGHLDNDLPJ-DHZHZOJOSA-N,
3052,JOJLHQJMMXWUOO-UHFFFAOYSA-N,
3053,BYHNJUGRWSJQSU-UHFFFAOYSA-N,
3054,HAQCGFVINUGJBS-UHFFFAOYSA-N,
3055,VHWLIENBFXTZEV-UHFFFAOYSA-N,
3056,XKVRQHTZNIMPPL-UHFFFAOYSA-N,
3057,DTYMHEQNMDNYFY-YKQZZPSBSA-N,
3058,PHNKXJVGPMJTLZ-UHFFFAOYSA-N,
3059,KTNFCSDRDDJUCN-UHFFFAOYSA-N,
3060,PXSSOBVHKUGFHL-UHFFFAOYSA-N,
3061,JNICPHYRPBDQGH-UHFFFAOYSA-N,
3062,XJUUSNKAQPBQAB-UHFFFAOYSA-N,
3063,PHFUIZJZVYGZEZ-BDPMCISCSA-N,
3064,GRHWYPPSXBNGFO-UHFFFAOYSA-N,
3065,MCHMPJWVRBHYOW-UHFFFAOYSA-N,
3066,KNLBYRQBNFKUFN-UHFFFAOYSA-N,
3067,QBFVUIJDVLDFEZ-UHFFFAOYSA-N,
3068,FXQCKYXUEWFTCS-UHFFFAOYSA-N,
3069,KPUZXKGSRTVVNK-UHFFFAOYSA-N,
3070,QFLXCKKJOZRUHQ-UHFFFAOYSA-N,
3071,ADNYXMUCYMCKQX-UHFFFAOYSA-N,
3072,HELJQBBBZWGIAU-UHFFFAOYSA-N,
3073,ZMZVUOKKEBUEBB-UHFFFAOYSA-N,
3074,KCMGZOGVSPYOCX-UHFFFAOYSA-N,
3075,FQWCTSFVJUCDMS-UHFFFAOYSA-N,
3076,UWCTXTOXYKRDTK-UHFFFAOYSA-N,
3077,WZMNDPAUUIZRMF-UHFFFAOYSA-N,
3078,RMJAWAALSOLFOS-UHFFFAOYSA-N,
3079,CVBWHSNORXXBME-UHFFFAOYSA-N,
3080,AUZCQLVUNHMYAJ-UHFFFAOYSA-N,
3081,XZGXLRPOTMAXIV-UHFFFAOYSA-N,
3082,QIAMDTATPYEOKA-UHFFFAOYSA-N,
3083,JFINCGOPNUYEGU-UHFFFAOYSA-N,
3084,IYUOYLLVOZNGKW-UHFFFAOYSA-N,
3085,GEZXJJJDBDXVKX-UHFFFAOYSA-N,
3086,CCTJHVLTAJTPBV-UHFFFAOYSA-N,http://coconutKG.aksw.org/data/molecule/508019
3087,DMSVAEFGRLMACV-UHFFFAOYSA-N,
3088,JCQLYHFGKNRPGE-FCVZTGTOSA-N,
3089,VXYZBLXGCYNIHP-UHFFFAOYSA-N,http://coconutKG.aksw.org/data/molecule/1000000
3090,XMMCTZLWMRYYDF-UHIDHRHJSA-N,
3091,BTQZWQBDFKXQEG-FMIVXFBMSA-N,
3092,OKCOKIHEAQSBKZ-UHFFFAOYSA-M,
3093,LAMJEQOREHMFAH-UHFFFAOYSA-M,
3094,RUOGGDLGLXCWJJ-UHFFFAOYSA-M,
3095,VADDKYKHKKVOOX-UHFFFAOYSA-N,
3096,OMJLZRYWGKNASZ-UHFFFAOYSA-N,
3097,JEFASLLGRFRSGF-UHFFFAOYSA-N,
3098,GUMMQPFWNKUVJE-UHFFFAOYSA-N,
3099,WLSGCGLYAOTUDD-VOTSOKGWSA-N,
3100,KQWFGEBYNFLLSS-DAFODLJHSA-N,
3101,YLFHFUONPXOJNB-FNORWQNLSA-N,
3102,GQTXZNBJAVOWHY-OWOJBTEDSA-N,
3103,QREFZWMDUFAUMO-SNAWJCMRSA-N,
3104,RJAJJUQKIYXKJT-UHFFFAOYSA-N,
3105,QKJAXHBFQSBDAR-OWOJBTEDSA-N,
3106,NLGYSAUDIBBAJL-QIFDKBNDSA-N,
3107,NLGYSAUDIBBAJL-JTGIGXABSA-N,
3108,NCFADVGMVIJELQ-XSRYCBBQSA-N,
3109,TWIMLFNHIWESPZ-NRRUETGQSA-N,
3110,YWKVMGDEOUPQGN-UHFFFAOYSA-N,
3111,KIQSHQOQPFUQOO-UHFFFAOYSA-N,
3112,CZOPPYRFYUBYDM-UHFFFAOYSA-N,
3113,XVNXKIXYFBYGNP-UHFFFAOYSA-N,
3114,WHMBRGWAMLKWOZ-OQLLNIDSSA-N,
3115,RTFHBXLCOFNPOR-XSFVSMFZSA-N,
3116,JWRAXWKXPSQXHH-GIDUJCDVSA-N,
3117,VMQCVUCTALUMAG-UHFFFAOYSA-N,
3118,CYJSQWVZIHVBQH-UHFFFAOYSA-N,
3119,BLYMEWHJKISCOO-UHFFFAOYSA-N,
3120,RKISERQJTKMQIN-UHFFFAOYSA-N,
3121,NPGOMSITGJCPQB-UHFFFAOYSA-N,
3122,FTJVXKSABFBLBJ-WMHGTNIHSA-N,
3123,FEZFATXEYHLKNH-UHFFFAOYSA-N,
3124,HMWNGSGLJVRMTB-UHFFFAOYSA-N,
3125,BDJMEBJDOGYIRK-UHFFFAOYSA-N,
3126,BCYPKSKKQVAIRY-UHFFFAOYSA-N,
3127,YPRUYVFDUSSJDN-UHFFFAOYSA-N,
3128,CMDMKRAPLCHJSU-OQKWZONESA-N,
3129,GPRFCNSERMDDAJ-HIXSDJFHSA-N,
3130,SISWHJDFGFBDGG-XMHGGMMESA-N,
3131,VPQIHWSUVDFBQZ-XDJHFCHBSA-N,
3132,ODFDEBYLDVUDTC-CAPFRKAQSA-N,
3133,GBMFBBOIMHAHSG-UHFFFAOYSA-N,
3134,AJQSICUOOXLSDK-UHFFFAOYSA-M,
3135,ZEXBQMSKDZLVKB-UHFFFAOYSA-M,
3136,QCRZSTZKADPSNE-UHFFFAOYSA-M,
3137,DXZFPKCHKKSGCK-UHFFFAOYSA-M,
3138,YSMRZDGMVBBZMX-UHFFFAOYSA-M,
3139,MADMOMUSQIBUCZ-GOSREXKOSA-N,
3140,APGJJHPYMFJPSY-UHFFFAOYSA-N,
3141,HZMOELQGYASCSI-UHFFFAOYSA-N,
3142,PMHAOOVKDXGPPL-UHFFFAOYSA-N,
3143,DKCGXHMQPJZCRB-UHFFFAOYSA-N,
3144,DOZKZQCLRZLRTF-UHFFFAOYSA-N,
3145,IOBYLOUUUJPZEO-UHFFFAOYSA-N,
3146,YJBFILOZJHIMBB-UHFFFAOYSA-N,
3147,NIZOXWFUPALJJG-UHFFFAOYSA-N,
3148,AOFUYHPCJRCVLO-UHFFFAOYSA-N,
3149,LGVDGZKYTVWTHZ-UHFFFAOYSA-N,
3150,OMSNXVICVHFIOB-UHFFFAOYSA-N,
3151,KXAXXRVPKSZJPD-UHFFFAOYSA-N,
3152,XOFUZPWNRGSEFK-UHFFFAOYSA-N,
3153,MYGNPMXGOVEGAS-UHFFFAOYSA-N,
3154,LOMOPPMYYOELGK-UHFFFAOYSA-N,
3155,OPMISVQVPLEXND-NSCUHMNNSA-N,
3156,KVXGBDYRDFOMRM-UHFFFAOYSA-N,
3157,JSLPYDFSHYUUKS-MPBGBICISA-N,
3158,YTJREAIKBAHROF-CRICUBBOSA-N,
3159,VESHTZNBTIBTKN-HJWRWDBZSA-N,
3160,KRDJMIGLRVHACC-OFYRFEPDSA-N,
3161,NTMAFGPMRMTODT-BIJDMMQYSA-N,
3162,HCPRPOLQJVHBTN-UHFFFAOYSA-N,
3163,JUNVMHBCFPPHTE-UHFFFAOYSA-N,
3164,XAKINQRSJBBLIE-SDNWHVSQSA-N,
3165,AEWFHOVKMDVDGV-UHFFFAOYSA-N,
3166,IOFDTQYPDXIGRN-UHFFFAOYSA-N,
3167,VAJBRJNIUMNPRW-UHFFFAOYSA-N,
3168,CCYDTOJTJCCEAH-UHFFFAOYSA-N,
3169,HRYYAHKXNSUDFH-UHFFFAOYSA-N,http://coconutKG.aksw.org/data/molecule/275895
3170,GPWIINYCHXCGQH-ZDUSSCGKSA-N,
3171,AYKXKCUKZDPGIS-UHFFFAOYSA-N,
3172,YESKBPAVQASFBV-UHFFFAOYSA-N,
3173,RIJPMZOJOOGDFC-PEVTXAFISA-N,
3174,FBSCVBCPHIPPEZ-RIYZIHGNSA-N,
3175,VRYRGQMQJYRHMK-UFWORHAWSA-N,
3176,WCAIREQEBZOZJI-UFWORHAWSA-N,
3177,WEAGGGHXTMXZQA-UHFFFAOYSA-N,
3178,WASSTDLFCYIBGD-YDZHTSKRSA-N,
3179,BWXCYKSCQVEMAK-UHFFFAOYSA-N,
3180,GIMUDARZPZMJOL-UHFFFAOYSA-N,
3181,MJZDMXYONYXLRW-UHFFFAOYSA-N,
3182,QHVMBAHLPVKGDR-UHFFFAOYSA-N,
3183,ZWSKQYINLNUCMK-UHFFFAOYSA-N,
3184,WHDJBYFGWJIHAD-UHFFFAOYSA-N,
3185,MQXULFFQOZPQLI-UHFFFAOYSA-N,
3186,ZNPHTPAFVAXNLM-UHFFFAOYSA-N,
3187,TYLAIYTXWCPBMX-UHFFFAOYSA-N,
3188,QIFRZLUUTXMNLF-KFFDWAPMSA-N,
3189,SSSQIHOVJSFMCJ-CJLVFECKSA-N,
3190,NSMPUJNEOWYDMU-UHFFFAOYSA-N,
3191,NSRZGCPBWVDDTC-UHFFFAOYSA-N,
3192,FSBXJBGXLSFBQW-UHFFFAOYSA-N,
3193,KZAKTKGYSAAFEH-UHFFFAOYSA-N,
3194,XQNMRFSPZVXIOH-RGEXLXHISA-N,
3195,GFCBKYQQLUJUSR-UKTHLTGXSA-N,
3196,XEORIUZUCHZWMP-UHFFFAOYSA-N,
3197,IXBTYWVCTCYLJR-UHFFFAOYSA-N,
3198,RLBUJFLNOYOSCZ-UHFFFAOYSA-N,
3199,JUGNXWRWILGXGJ-UHFFFAOYSA-N,
3200,MUFKSKNPYXEXIH-UHFFFAOYSA-N,
3201,WTPJNQTXBQJHME-UHFFFAOYSA-N,
3202,GZDLDWVJVNEBCR-UHFFFAOYSA-N,
3203,CMIZGSSOPDIYGI-UHFFFAOYSA-N,
3204,UJDZJYVKZCJXMI-UHFFFAOYSA-N,
3205,IFJHOIIAOXTFIS-UHFFFAOYSA-N,
3206,VYVKHNNGDFVQGA-UHFFFAOYSA-N,
3207,WKSAUQYGYAYLPV-UHFFFAOYSA-N,
3208,SAJOHMPTNBCJQU-UHFFFAOYSA-N,
3209,SSMOTYFKYJXQDZ-UHFFFAOYSA-N,
3210,AHOUBRCZNHFOSL-YOEHRIQHSA-N,
3211,VLPBXGCJQKKZGE-PWSUYJOCSA-N,
3212,CQMLCJKPIITMLS-UHFFFAOYSA-N,
3213,GLIVBFQFNSHUBO-UHFFFAOYSA-N,
3214,DLTPKYADHJQSSP-UHFFFAOYSA-N,
3215,JNLBPEFJUBUZMX-UHFFFAOYSA-N,
3216,PIFUHBCTWDDLGY-WEVVVXLNSA-N,
3217,AMBVMYANOKPCMK-UHFFFAOYSA-N,
3218,RSOJJHYTZOIXKW-UHFFFAOYSA-N,
3219,AULDFKBWFMZJAY-UHFFFAOYSA-N,
3220,GSNDHYGVBYYXIW-UHFFFAOYSA-N,
3221,LIFBRIOSJLAFSC-UHFFFAOYSA-N,
3222,OVKWYIHQMKFBGA-JKSUJKDBSA-N,
3223,BXNCGCUTPBSRIE-UHFFFAOYSA-N,
3224,MAZRVKBMUTUOFM-UHFFFAOYSA-N,
3225,LFIAVEOALIPIMK-UHFFFAOYSA-N,
3226,VHUNZPKALHFXEX-UHFFFAOYSA-N,
3227,UCJQERPCMJXITB-UHFFFAOYSA-N,
3228,FBCOVARLZYENPQ-UHFFFAOYSA-N,
3229,CUGWYAVRVHQTNG-UHFFFAOYSA-N,
3230,DAYPTSLIYRYYMM-VIZOYTHASA-N,
3231,YWVODASGGZCFRG-FOUJGPCXSA-N,
3232,CFPQNYHIHZHFQG-WWFACHMESA-N,
3233,LRBDMMDZQRGICB-UHFFFAOYSA-N,
3234,AJIIDHYCTIHNRI-UHFFFAOYSA-N,
3235,NOQULZZHIMZUKE-UHFFFAOYSA-N,
3236,CROQSVOXLBBIRG-UHFFFAOYSA-N,
3237,QRRCAZHMMBNMAA-UHFFFAOYSA-N,
3238,XZRSWUHSONALNJ-UHFFFAOYSA-N,
3239,OIGMSHNEWLKOIC-UHFFFAOYSA-N,
3240,NECSKTHREYMJLH-UHFFFAOYSA-N,
3241,RLJWOSLZBOWENU-UHFFFAOYSA-N,
3242,YFXORTLJBLXVQK-UHFFFAOYSA-N,
3243,MNVNYQWXPGCVPJ-UHFFFAOYSA-N,
3244,UJZYFRPGRQPWJE-UHFFFAOYSA-N,
3245,WVNRXPBPPCUYOA-UHFFFAOYSA-N,
3246,TYUWCWGBNRWSPV-UHFFFAOYSA-N,
3247,AKTIZEIVLVIZDA-UHFFFAOYSA-N,
3248,ILAYIAGXTHKHNT-UHFFFAOYSA-N,
3249,LWEMNZHOCOFTEQ-UHFFFAOYSA-N,
3250,NEXBWTLQWLIUMU-BHDDXSALSA-N,
3251,GCFWHSMZHLIODN-UHFFFAOYSA-N,
3252,GTBYOWOMKFWEIV-UHFFFAOYSA-N,
3253,SSAGIHNWCBFRMU-UHFFFAOYSA-N,
3254,NDNFOPPPDGCGDD-UAIGNFCESA-N,
3255,GCZKNHYCAVXPEC-UHFFFAOYSA-N,
3256,RMGUEIIJFQZATL-UHFFFAOYSA-N,
3257,TVVNQFCAXQKXRE-UHFFFAOYSA-N,
3258,RWTLMSVCKSEIFJ-UHFFFAOYSA-N,
3259,JCRRJXPOZYZPQO-UHFFFAOYSA-N,
3260,RFANYXRMRPGMIJ-UHFFFAOYSA-N,
3261,YMPGTUXMEYETOA-UHFFFAOYSA-N,
3262,JMOSVQOAEPCCNI-UHFFFAOYSA-N,
3263,ULEQEOZRFMIWNW-UHFFFAOYSA-N,
3264,GSEFSVZYKRVOEJ-UHFFFAOYSA-N,
3265,YPJONVYMEMOBLS-UHFFFAOYSA-N,
3266,ZZWJYEQFFCRFHJ-UHFFFAOYSA-N,
3267,SNBIGQYCRPLBAJ-UHFFFAOYSA-N,
3268,MMFQFGGJNHEHFF-UHFFFAOYSA-N,
3269,CQUVTRGORUXZOW-UHFFFAOYSA-N,
3270,ABHZQYNTECGSFE-UHFFFAOYSA-N,
3271,OJBNUNIITYUMIO-UHFFFAOYSA-N,
3272,DUSQBNKUDYDRHI-UHFFFAOYSA-L,
3273,TZFNEZZVLOCZCY-UHFFFAOYSA-N,
3274,UAAGVMFQCHEOSD-UHFFFAOYSA-N,
3275,BCVBAZKOQPOXCJ-UHFFFAOYSA-N,
3276,KJQXERBHJYXZPI-UHFFFAOYSA-N,
3277,WJKJXSZBTMHPGC-UHFFFAOYSA-N,
3278,OVWWPFDZGINFBK-UHFFFAOYSA-N,
3279,JGKCBPUOOVHIOC-UHFFFAOYSA-N,
3280,KIOKAQGTLUGJPD-UHFFFAOYSA-N,
3281,WZEBBUGGVPIWFE-KRXBUXKQSA-N,
3282,KCYWUWLKELTJGT-UHFFFAOYSA-N,
3283,YCLZRYHJGKMMHR-UHFFFAOYSA-N,
3284,CHDXMPOBTGDHKS-UHFFFAOYSA-N,
3285,FTBOUWHFVXNTSB-UHFFFAOYSA-N,
3286,CUHRJNIKOAMGLR-UHFFFAOYSA-N,
3287,KTIOXJOAXPXZHZ-UHFFFAOYSA-N,
3288,NJEGXNWAXCQLTJ-UHFFFAOYSA-N,
3289,MPPOHAUSNPTFAJ-UHFFFAOYSA-N,
3290,CKPCAYZTYMHQEX-UHFFFAOYSA-N,
3291,SAPGTCDSBGMXCD-UHFFFAOYSA-N,
3292,DYZQJGKMCSGRBF-UHFFFAOYSA-N,
3293,DXTYZXWHTGIBMD-DTQAZKPQSA-N,
3294,VRLLBFLONMTLAT-UHFFFAOYSA-N,
3295,NJFRFQDZNXHOCK-UHFFFAOYSA-N,
3296,MBEWLCPCLCBJRX-UHFFFAOYSA-N,
3297,QNCCCSANBBTMHZ-UHFFFAOYSA-N,
3298,CNCCUQRUHCVFQY-UHFFFAOYSA-N,
3299,XVPDBCXWMNGLBB-UHFFFAOYSA-N,
3300,TTZZDAVZZFOTIW-UHFFFAOYSA-N,
3301,JTSZUCKPWFMOCZ-UHFFFAOYSA-N,
3302,PSQZBUSVRQAYIV-UHFFFAOYSA-N,
3303,JRHVVWUVSZIVBH-UHFFFAOYSA-N,
3304,NFAKNAXKMFZHON-UHFFFAOYSA-N,
3305,FDCZUAWLCBAHKC-UHFFFAOYSA-N,
3306,HTVKAILFOKOKSX-LQKURTRISA-N,
3307,CUHPRPSWISMFMH-MDWZMJQESA-N,
3308,SDIARIIFYMYOSZ-UHFFFAOYSA-N,
3309,ARINKVDYBABITQ-VZUCSPMQSA-N,
3310,LNOWKAKOWCRFFS-UHFFFAOYSA-N,
3311,ZHNWMIKYJGIFQK-UHFFFAOYSA-N,
3312,VAMVZVSDMCANOI-UHFFFAOYSA-N,
3313,KSHWVRCRSZMJSE-HAVVHWLPSA-N,
3314,OTXFORIDNRCPAX-UHFFFAOYSA-N,
3315,GGXNMMRPIYNPFN-UHFFFAOYSA-N,
3316,LWQIOGZHWITKIY-UHFFFAOYSA-N,
3317,WXVTZFAQKBGMLT-MURFETPASA-N,
3318,VZYHNGKKGPIKPQ-UHFFFAOYSA-N,
3319,MMJSLCPZXWEDPP-UHFFFAOYSA-N,
3320,IFVHGKOHGAGVGG-UHFFFAOYSA-N,
3321,HNGHKLCZDXFQRV-UHFFFAOYSA-N,
3322,IDENMZZQOVIJOU-LSFURLLWSA-N,
3323,NYYJKMXNVNFOFQ-MHZLTWQESA-N,
3324,QCGFIJGOECVRBW-UHFFFAOYSA-N,
3325,RRDSJRQNQLZRDM-UHFFFAOYSA-N,
3326,CHAJFNNBCWQWJY-UHFFFAOYSA-N,
3327,SFJGXGNRDWINTR-UHFFFAOYSA-N,
3328,NDVFBWWXDABNKV-UHFFFAOYSA-N,
3329,YMRWIYHSQXNRHU-UHFFFAOYSA-N,
3330,YKFSGPSMOHAYEG-UHFFFAOYSA-N,
3331,SZYYBVWPURUFRR-UHFFFAOYSA-N,
3332,WLOMPZXHELTQJM-KPKJPENVSA-N,
3333,SRHWTZAMPFLHAX-IZZDOVSWSA-N,
3334,LSGRWJHZJXADIA-VZUCSPMQSA-N,
3335,TXVVTWOHIPHULN-MBXAUKRDSA-N,
3336,PIQCUQKVCKNFCL-IZZDOVSWSA-N,
3337,KDNWDIABXHFHBK-KPKJPENVSA-N,
3338,SZPSUMHEUQMXBA-UHFFFAOYSA-N,
3339,XRQTZHXBTJFUNY-VXGBXAGGSA-N,
3340,FBQZJDRCLCJVGD-UHFFFAOYSA-N,
3341,OAHBAWSKCANQCZ-KZUDCZAMSA-N,
3342,FXOAVOOTDYWSMR-UHFFFAOYSA-N,
3343,OSSDNPKFTOCDFE-UHFFFAOYSA-N,
3344,MQLFCIAPVUBEAY-UHFFFAOYSA-N,
3345,XSOYZFFUELEJKQ-UHFFFAOYSA-N,
3346,PHWWWAKTLYYQQF-UHFFFAOYSA-N,
3347,JATZPRAJAWVOQA-UHFFFAOYSA-N,
3348,JRWIJVJNIFCISL-UHFFFAOYSA-N,
3349,JUIICGOBLLBOTJ-UHFFFAOYSA-N,
3350,YHCATQSMTANJFQ-UHFFFAOYSA-N,
3351,LSJJADPASQVTDA-UHFFFAOYSA-N,
3352,ZZKWNLZUYAGVOT-UHFFFAOYSA-N,
3353,LLMOQBANSFDLEJ-UHFFFAOYSA-N,
3354,DONDWNNDTIOAET-UHFFFAOYSA-N,
3355,UMCOPEJXWZMXEM-UHFFFAOYSA-N,
3356,HZAWFBMWULVFBQ-UHFFFAOYSA-N,
3357,WUTNAIZHKYJDNK-UHFFFAOYSA-N,
3358,LBNQQNGIIJQAIF-UHFFFAOYSA-N,
3359,LQQGSKXPWIGKHT-UHFFFAOYSA-N,
3360,MRYJIEHYTJFOMZ-UHFFFAOYSA-N,
3361,DUWYIKDUIZWFBL-LOACHALJSA-N,
3362,JSNJUKIDLLBRQT-PGRDOPGGSA-N,
3363,BREQNUBZQXSUPD-UHFFFAOYSA-N,
3364,SLPFTEKVTOHYFF-UHFFFAOYSA-N,
3365,RXLUOFXICZSZIB-UHFFFAOYSA-N,
3366,RLYKRTXCPRRQST-UHFFFAOYSA-N,
3367,YXGMPUBVCPNDPL-UHFFFAOYSA-N,
3368,UEXLDWFUJGYMIM-UHFFFAOYSA-N,
3369,IHBJNCMWZJKKAQ-UFFVCSGVSA-N,
3370,PUUSSSIBPPTKTP-UHFFFAOYSA-N,
3371,FNPLDQVMNZFNEG-UHFFFAOYSA-N,
3372,PAFJOWOFKZORSY-OVCLIPMQSA-N,
3373,CNCXBTHLHZTMBY-CPNJWEJPSA-N,
3374,RGTJPNLLAQLTLC-UHFFFAOYSA-N,
3375,SFLLLDZLHFNZQX-UHFFFAOYSA-N,
3376,NRNNRHMORXKCDL-UHFFFAOYSA-N,
3377,AGAKKJUUZPTPRC-UHFFFAOYSA-N,
3378,ANEBWFXPVPTEET-UHFFFAOYSA-N,
3379,MHXCVMISCSILSO-UHFFFAOYSA-N,
3380,MBEVHAFKFYXBSP-UHFFFAOYSA-N,
3381,BMOATDVQGMEZPJ-UHFFFAOYSA-N,
3382,MIVCUDFEBOYZEM-UHFFFAOYSA-N,
3383,SUQWJVBVPBOQEV-UHFFFAOYSA-N,
3384,IIDJRNMFWXDHID-UHFFFAOYSA-N,
3385,UOKUTISKLHJRGG-UHFFFAOYSA-N,
3386,ZEQNCEOOAYAQEG-UHFFFAOYSA-N,
3387,OBNTVZHFJOSDTM-UHFFFAOYSA-N,
3388,OPEWPPYYFCOBKX-PGGKNCGUSA-N,
3389,NCDOUBLZNIHYFN-UHFFFAOYSA-N,
3390,KCRMLSFWSQXHGA-CSKARUKUSA-N,
3391,ILDMHYFHSBBUCU-ZRPHXERHSA-N,
3392,YPJBTZIMSODGOV-UHFFFAOYSA-N,
3393,UUBYFYHAUYKPFR-BJICUUOASA-N,
3394,XRJMCUNDFQPJJH-UHFFFAOYSA-N,
3395,MHMZXRYUBXMUFQ-UHFFFAOYSA-N,
3396,JCTCWKWHIQNKLQ-UHFFFAOYSA-N,
3397,AQJPNYGQYMXWQP-UHFFFAOYSA-N,
3398,LYAYZHXHERXZBO-UHFFFAOYSA-N,
3399,XQCHCSNWSFGELX-UHFFFAOYSA-N,
3400,NWOAKOHSNMYZJJ-UHFFFAOYSA-N,
3401,OMVGKAWQTXZISA-UUILKARUSA-N,
3402,NMASMBWBAZCNKJ-UHFFFAOYSA-N,
3403,DBMWJGNXJQSAFH-UHFFFAOYSA-N,
3404,WVQDCAUNYTWULI-UHFFFAOYSA-N,
3405,CCLAOBVTVUUPGH-FMIVXFBMSA-N,
3406,HRACJZOSAUAQQQ-UHFFFAOYSA-N,
3407,MOXDUFKMSKOCFC-UHFFFAOYSA-N,
3408,HKRINOXVCHQASS-UHFFFAOYSA-N,
3409,DIDMAXDCPLPGMV-UHFFFAOYSA-N,
3410,PRVGSBPYCLGAKU-UHFFFAOYSA-N,
3411,AXWMZHBBTHFMRN-UHFFFAOYSA-N,
3412,LIOCOTSQIFCUMR-YUMQZZPRSA-N,
3413,BIGZBYVPTZEYRU-DAGMQNCNSA-N,
3414,IPZWSAHLJQLDLK-UHFFFAOYSA-N,
3415,WXWZTJHZVPXAHK-UHFFFAOYSA-N,
3416,BJNWGTZVQIDYPT-AYKLPDECSA-N,
3417,BJGPXDMLZSYWLM-OZNQKUEASA-N,
3418,PAUGYTKINAJCMM-UHFFFAOYSA-N,
3419,WUUFQFAILWMLIC-UHFFFAOYSA-N,
3420,ZEAMHWQBWWEWSJ-KBKYJPHKSA-N,
3421,FPFLTLQIGFDCGR-UHFFFAOYSA-N,
3422,VORODINTVKJTQN-GOEBONIOSA-N,
3423,BMICZGNBUCUNFZ-OJXRJRMYSA-N,
3424,YBESHGJFPWHRBW-NNYUYHANSA-N,
3425,NJZPNJGGZJOJMO-MDWZMJQESA-N,
3426,BUDGVSJEMNOJIO-XYOKQWHBSA-N,
3427,WPGWCIJTACIVOW-UHFFFAOYSA-N,
3428,XVSMDSAKNJXYHC-UHFFFAOYSA-N,
3429,YMTSUBOLJPYZKU-UHFFFAOYSA-N,
3430,LHHPBMPFDVZMJX-UHFFFAOYSA-N,
3431,RQTVUXRXQFNLPE-UHFFFAOYSA-N,
3432,QEZFHIKLIWSFLL-UHFFFAOYSA-N,
3433,OYICDMPVYCAKEQ-UHFFFAOYSA-N,
3434,RNEMWVCHELWXHB-UHFFFAOYSA-N,
3435,KLBJYEMFCCIQOK-UHFFFAOYSA-N,
3436,DYLHVROOYZXDMN-UHFFFAOYSA-N,
3437,QJPPXVVTXDVWAF-UHFFFAOYSA-N,
3438,HJHVGCGDAJCGMZ-UHFFFAOYSA-N,
3439,CTDNSFYIPHJIFG-UHFFFAOYSA-N,
3440,FHCGJKYYSNANOR-UHFFFAOYSA-N,
3441,HFZSCCJTJGWTDZ-UHFFFAOYSA-N,
3442,QSAVOXWKUOLOAZ-JKSUJKDBSA-N,
3443,XRZOOBAREQKOOU-LDTJXHHCSA-N,
3444,PEMAKWBSJYVDFK-UHFFFAOYSA-N,
3445,LSUITYHXXLCUTJ-UHFFFAOYSA-N,
3446,YCPWFHZKNJOYKU-UHFFFAOYSA-N,
3447,JKEQMFGSRIDQKT-UHFFFAOYSA-N,
3448,NVZZLROISXYPTJ-UHFFFAOYSA-N,
3449,YZWJBHHLLMYKKH-UHFFFAOYSA-N,
3450,QGEPPZBNMJRWQU-UHFFFAOYSA-N,
3451,IAKLAFDRFJITAY-UHFFFAOYSA-N,
3452,OXDZSFYZLGDXBT-RCCKNPSSSA-N,
3453,FHYALCMLFMBYGH-ONNFQVAWSA-N,
3454,JEQCAINDXMXIOX-MPKFQDELSA-N,
3455,SDAYFGJSSMNUDG-MGMVUIRKSA-N,
3456,FGUWEAHZKFTJFH-MPKFQDELSA-N,
3457,MUZPLRRGJLPRHC-LPVXAABHSA-N,
3458,XKQWIMUCQCECDN-MDZDMXLPSA-N,
3459,FXXODVQDKRTWKN-UHFFFAOYSA-N,
3460,RBOFRKNORZWPPV-KPKJPENVSA-N,
3461,ZRWUDKWIDCJDLO-UHFFFAOYSA-N,
3462,XPYONBNHCBGSPY-UHFFFAOYSA-N,
3463,GQVZJNQBBQXBLM-UHFFFAOYSA-N,
3464,CGIAVWQACWXTJM-MNIDXLESSA-N,
3465,HLNCNWNWSSHOOA-AETRBLLXSA-N,
3466,MIHVNJKXSSFYCY-UHFFFAOYSA-N,
3467,ZBXIIAGQKSQLDR-UHFFFAOYSA-N,
3468,RZZRLYKUTGCRGA-PPFNPFNJSA-N,
3469,JIZBSLOZXTWCDC-UHFFFAOYSA-N,
3470,WHWIIZKEMZAMPJ-UHFFFAOYSA-N,
3471,VZLLAUXOTIJHHN-UHFFFAOYSA-N,
3472,NRPIVQWEMAFMCD-OKWAWBIYSA-N,
3473,DWIJEFQDVDRKED-UHFFFAOYSA-N,
3474,BVKQILXVRHBVAZ-UHFFFAOYSA-N,
3475,LIOYLGDLVNAZPJ-UHFFFAOYSA-N,
3476,QOUDNWKIMIIMNG-UHFFFAOYSA-N,
3477,PYGWRXRPSLWWLG-BCRBLDSWSA-N,
3478,OZTVXLIJIKFIFZ-VGOFMYFVSA-N,
3479,MDTGQDUFYSJJFP-MHWRWJLKSA-N,
3480,RHIIOHADCALXST-OSTQPHATSA-N,
3481,SXINBFXPADXIEY-UHFFFAOYSA-N,
3482,HDIVFVPKKNQJMH-KVVJQUGZSA-N,
3483,FCYCMSQHAXNBKV-VIHFRBSVSA-N,
3484,WHVAIBFZRRTVQW-YPWXQOIPSA-N,
3485,AAUONAJWYBPJMP-XHKVORTNSA-N,
3486,SNIWENUKPTWXPJ-PRQSBNOCSA-N,
3487,WHVAIBFZRRTVQW-ISLLTSAGSA-N,
3488,HNHWRICQFONUDJ-UHFFFAOYSA-N,
3489,YPFPOOSOVBEBSF-UHFFFAOYSA-N,
3490,OCYZFOMLYIWENI-UHFFFAOYSA-N,
3491,ZVQRRIPVZBFMPM-UHFFFAOYSA-N,
3492,NHOWDZOIZKMVAI-UHFFFAOYSA-N,
3493,HOPAEXGXDXUDED-OALUTQOASA-N,
3494,JBAGAKSCBHZIIC-UHFFFAOYSA-N,
3495,VBWDUFMYAFZXFX-UHFFFAOYSA-N,
3496,QCGVWURENBVVQG-UHFFFAOYSA-N,
3497,PYIOPAPWQWWKQU-UHFFFAOYSA-N,
3498,WZTHYPKDVIMHHT-UHFFFAOYSA-N,
3499,RLVAUZRACRMJHB-UHFFFAOYSA-N,
3500,WPALTCMYPARVNV-UHFFFAOYSA-N,
3501,UQOCJNOTNWYZQR-UHFFFAOYSA-N,
3502,WBCVJSUFNMLANH-UHFFFAOYSA-N,
3503,RIIHJPZVLFBVPJ-UHFFFAOYSA-N,
3504,LKLRSMBWGPFSED-UHFFFAOYSA-N,
3505,GCSVTRSBQGDCQC-UHFFFAOYSA-N,
3506,FVUOQOORKRXJBF-LKUDQCMESA-N,
3507,VIABCFZJCPIDMV-HPNDGRJYSA-N,
3508,BWWHYXXNJUWOKN-UHFFFAOYSA-N,
3509,SBEDMKGZHCUBMD-CVWGDGNMSA-N,
3510,QJYHEVLLGQDDSN-UHFFFAOYSA-N,
3511,JCDLLLXYAICSQV-UHFFFAOYSA-N,
3512,DZNVMKUCOYRHMW-YCRREMRBSA-N,
3513,ZPIIOTUVWVMGCD-RQZCQDPDSA-N,
3514,JMVNGIKKZXPWAY-UHFFFAOYSA-N,
3515,KUIFHYPNNRVEKZ-VIJRYAKMSA-N,
3516,DDWGQGZPYDSYEL-GJZGRUSLSA-N,
3517,AHMPBFIUKNVKOF-ZWKOTPCHSA-N,
3518,OUYOOXHSOCIAIB-UHFFFAOYSA-N,
3519,MGQAWKZUQXGAKE-JOQRYFIISA-N,
3520,WQEVPJZPPJUWKW-UHFFFAOYSA-N,
3521,MRHNDFVAKBYOTR-UHFFFAOYSA-N,
3522,VWRUWQZIUYOBDA-UHFFFAOYSA-N,
3523,JEFVXUNJJKIWFE-UHFFFAOYSA-N,
3524,ODZMJEPYWYKAKQ-UHFFFAOYSA-N,
3525,PMVORCFMNUAUTH-UHFFFAOYSA-N,
3526,SYRYMGXFRCAZGP-UHFFFAOYSA-N,
3527,GVLSXTZYHBZMOD-JLMCIHFGSA-N,
3528,GEZQBWZWZWILMT-UQJFVLDMSA-N,
3529,BBDOOZXNHIDNFF-UHFFFAOYSA-N,
3530,SFSDXYWNODMHCY-UHFFFAOYSA-N,
3531,DIBIKXIGRKHTTR-CAOOACKPSA-N,
3532,CXQVFWRWVNVYKS-UFFVCSGVSA-N,
3533,UNXZUBMEFHDKJT-LSHDLFTRSA-N,
3534,QHQJIJGXHBPHLD-SSDVNMTOSA-N,
3535,IZUNACIOCLEXJY-JFLMPSFJSA-N,
3536,RCLHBYKQDYYHSZ-OZJHUVQDSA-N,
3537,CYSDYFCAHQPOLS-UHFFFAOYSA-N,
3538,GFWJUFNTMYLQMF-UHFFFAOYSA-N,
3539,NDLFGRQKSVLYNH-UHFFFAOYSA-N,
3540,QBSPAEJMRDXZOA-UHFFFAOYSA-N,
3541,WEVMWWDPWOVNBT-HPNDGRJYSA-N,
3542,YDFIAVZWOHFZRY-UHFFFAOYSA-N,
3543,LJYHYAVULJUMRJ-UHFFFAOYSA-N,
3544,IGCVJFYJGRWQSI-UHFFFAOYSA-N,
3545,ARUFARLPAYCTLL-UHFFFAOYSA-N,
3546,VZWKCQAZRNUHRA-UHFFFAOYSA-N,
3547,QDWWGQRCRCDPEX-UHFFFAOYSA-N,
3548,WRKURGSTCUAGNB-UHFFFAOYSA-N,
3549,YOZNXSDNNPVVAI-UHFFFAOYSA-N,
3550,FQGJQWVJPVAXAB-UHFFFAOYSA-N,
3551,JSIPKZCJCLLEQD-UHFFFAOYSA-N,
3552,BYYVYEQMHRTWGH-UHFFFAOYSA-N,
3553,VSWZZFZZRICMFP-UHFFFAOYSA-N,
3554,KEWSOUQMIRVCFV-UHFFFAOYSA-N,
3555,NXCCMUDPNPXACY-UHFFFAOYSA-N,
3556,ZHPZYPVHGSULBH-UHFFFAOYSA-N,
3557,QNIRRDNRKGNBOG-UHFFFAOYSA-N,
3558,DXLLSNZJTDGBRA-VUOWKATKSA-N,
3559,RVTBBZNNLYWUCX-NTEUORMPSA-N,
3560,VIAODMCBGUXJDZ-LNKIKWGQSA-N,
3561,BPMHHYZEYHWDPT-UHFFFAOYSA-N,
3562,HTELDEYOMOTOBI-UHFFFAOYSA-N,http://coconutKG.aksw.org/data/molecule/92505
3563,JOZAOIYYIKINSB-BGDKIBOASA-N,
3564,XNZXBSSGLCCBPV-FEVFIROASA-N,
3565,XYRCPMXSIHHGSO-OOJAHBNDSA-N,
3566,BRVVGOBMRRGKCK-UHFFFAOYSA-N,http://coconutKG.aksw.org/data/molecule/47743
3567,XTMZDPMXSRLXCC-UHFFFAOYSA-N,
3568,IOWSGEGUOPGCBC-UHFFFAOYSA-N,
3569,JFUYIZNLPVPEME-AWNIVKPZSA-N,
3570,YRRYYAUYYOZCIP-WLRTZDKTSA-N,
3571,WZQSLJRGXSOPKC-CMDGGOBGSA-N,
3572,RTXMBDYANUQNRW-UHFFFAOYSA-N,
3573,XMKUGXAKXMFOJS-OJGLRQOPSA-N,
3574,XUGUBVAGWOTZPF-UHFFFAOYSA-N,
3575,CMCTZLKJOBOYFH-UHFFFAOYSA-N,
3576,UKPHUEPNEOQMFK-UHFFFAOYSA-N,
3577,UKWJZMKKLISEAT-UHFFFAOYSA-N,
3578,NFCZGIWCDQIVIA-UHFFFAOYSA-N,
3579,PAKBXHOEKOBBDP-BGOZWBLRSA-N,
3580,GQBYTANIBJFNGY-UHFFFAOYSA-N,
3581,CRKLFUQLHGESPS-UHFFFAOYSA-N,
3582,GMMGHWGXPLNESA-UHFFFAOYSA-N,
3583,RPYPXERDXVYEPV-UHFFFAOYSA-N,
3584,HLUDWWCXOBPDNU-GXDHUFHOSA-N,
3585,GFCVGBSACOXTFG-UHFFFAOYSA-N,
3586,PCYFFGXTILLTKC-UHFFFAOYSA-N,
3587,OZCMDPPWKRXLJQ-LOACHALJSA-N,
3588,BKIUEHLYJFLWPK-SHYZEUOFSA-N,
3589,NZXWQUCGACTHLK-POYBYMJQSA-N,
3590,YUZYXBQHGIBAPM-MWTRTKDXSA-N,
3591,OJCDYDWXXYVJRK-UHFFFAOYSA-N,
3592,SYHPXVAOJHTCRU-UHFFFAOYSA-N,
3593,KWLVNFUDSHZYPI-UHFFFAOYSA-N,
3594,ZYEONEYSNIUGRA-UHFFFAOYSA-O,
3595,JCXBGBYHJIAXJG-UHFFFAOYSA-N,
3596,FSQGOILRNITUMS-VKGNWJIDSA-N,
3597,OUZJTHPFWSWGQD-DHELDDLOSA-N,
3598,DVYYZYMGUZMCPN-KWKAUDIHSA-N,
3599,IAHXHLYRLYXISC-KWKAUDIHSA-N,
3600,UFALRPXASBDMJX-OENGIGCFSA-N,
3601,VTEHNTHZHXVAHV-HEMGCLFMSA-N,
3602,YDYIMBIBJGKUCE-UHFFFAOYSA-N,
3603,ZGEHZPOONRJVHB-UHFFFAOYSA-N,
3604,ANYCHFNVJOZGEJ-UHFFFAOYSA-N,
3605,WLKVZPLLEIWOJM-YNRZGOLGSA-N,
3606,GPCTYPSWRBUGFH-UHFFFAOYSA-N,
3607,JHQIKKOEJLQAHC-UHFFFAOYSA-N,
3608,BRNVYJSCDJWVGQ-CFSBILQPSA-N,
3609,YDVOGFUYRSLWDG-STQMWFEESA-N,
3610,NJIYVQYVEIOPKN-IXQOLWIPSA-N,
3611,CAKCSXIEQIYSIC-UHFFFAOYSA-N,
3612,VOVCCUAFERGMBD-UHFFFAOYSA-N,
3613,WHMJADPNRBXQGY-YBFXNURJSA-N,
3614,ARMAWDNITSNSID-UHFFFAOYSA-N,
3615,ILIGLITWSLPRMR-UHFFFAOYSA-N,
3616,BEYVKRJAQZLJOZ-CXUHLZMHSA-N,
3617,YGGASQPEKIGCKJ-DUXPYHPUSA-N,
3618,PUFVMDHUDUSDDO-UHFFFAOYSA-N,
3619,KPBORVAAVOOANN-STBIYBPSSA-N,
3620,OBJJDVZVLHYNCQ-UHFFFAOYSA-N,
3621,SCHNVWXZTRRBPP-UHFFFAOYSA-N,
3622,HLSXDUNLWJVJDD-JOCHJYFZSA-N,
3623,YFFJUBPLIKXHAO-UHFFFAOYSA-N,
3624,SXFOXGBHYDVQGY-UHFFFAOYSA-N,
3625,JVRKRFPWDJALRO-UHFFFAOYSA-N,
3626,BKCYGMJNLBJEHP-QULHXQEMSA-N,
3627,VXROMLOADDXQIC-MHWPDBCOSA-N,
3628,CDOSYWRALUUHGJ-QULHXQEMSA-N,
3629,JTPFBOKGRLIYEO-UHFFFAOYSA-N,
3630,SIUQVPAQCOGFFV-UHFFFAOYSA-N,
3631,MFHPSBRWDZUZHF-UHFFFAOYSA-N,http://coconutKG.aksw.org/data/molecule/699914
3632,HPAHLGHSCFGURF-QGZVFWFLSA-N,
3633,ULGDAHJBNSCKFG-UHFFFAOYSA-M,
3634,WVVSECICMVLAQO-XNTDXEJSSA-N,
3635,OXNJRYRKPZVELG-UHFFFAOYSA-N,
3636,SOLLZLYHDMCHDF-UHFFFAOYSA-N,
3637,URCDUIGRLYQTAC-UHFFFAOYSA-N,
3638,VIGIDYVIGKGRNR-UHFFFAOYSA-N,
3639,MOSZCGRZQAPLQB-NTUHNPAUSA-N,
3640,FUXMMBGEXQTCRJ-RIYZIHGNSA-N,
3641,IXYWLFYUXCLNLO-UHFFFAOYSA-N,
3642,YFJXNGUQXKFQAO-OWOJBTEDSA-N,
3643,GFHZEVBJLGUWPM-HFEYRCFBSA-N,
3644,MUEBZTOJMDYECK-UUILKARUSA-N,
3645,PTZFNLYNCDMJGP-GCWZZQGZSA-N,
3646,KWRBEJPHJGULMK-UHFFFAOYSA-N,
3647,RHZKLXGELFNYLI-UHFFFAOYSA-N,
3648,XMEIPUXYRADCPF-UHFFFAOYSA-N,
3649,VABYUUZNAVQNPG-FPLPWBNLSA-N,
3650,WGOSMPNXBCEKGK-UHFFFAOYSA-N,
3651,YJVXTVUXEBTTSP-UHFFFAOYSA-N,
3652,WLAWACJGWRQAIR-UHFFFAOYSA-N,
3653,HFAFCXRXHKUYRF-PIIWDFAUSA-N,
3654,JFASKZWZJGDOCG-UHFFFAOYSA-N,
3655,QACAURHEZMYCGU-UHFFFAOYSA-N,
3656,USIKCXQLXHGVDD-UHFFFAOYSA-N,
3657,HCEUKUYCMKEOMQ-OAHLLOKOSA-N,
3658,OEQPNCDIXNIHDC-UHFFFAOYSA-N,
3659,QEHFTDNMQHKVJK-UHFFFAOYSA-N,
3660,AZFUEMHWFBHLKW-UHFFFAOYSA-N,
3661,YQNQNVDNTFHQSW-UHFFFAOYSA-N,
3662,VVVCJCRUFSIVHI-UHFFFAOYSA-N,
3663,HYBITCVTQFPKTI-UHFFFAOYSA-N,
3664,JZEIBEBBMYJDIJ-FOWTUZBSSA-N,
3665,NCMMKNXQFZDDRI-UHFFFAOYSA-N,
3666,FKDAKXJRUICZJK-UHFFFAOYSA-N,
3667,ARNUDELAPAGENV-INIZCTEOSA-N,
3668,QMQNAOJIOKEVMR-UHFFFAOYSA-N,
3669,JEBLXDAQBLHAQP-UHFFFAOYSA-N,
3670,HASTUZYLWKPQLM-UHFFFAOYSA-N,
3671,ZBXQDKFPKPAZAR-UHFFFAOYSA-N,
3672,DQEWWOACCBNBKG-UHFFFAOYSA-N,
3673,RLMVFCPHJRJFAD-UHFFFAOYSA-N,
3674,DVQKUOFWGYBSAQ-UHFFFAOYSA-N,
3675,RCSZWLUCHXEBOW-UHFFFAOYSA-N,
3676,MBNJLJBABAOROR-IEBWSBKVSA-N,
3677,RZZJDOPYLCTQQT-NTEUORMPSA-N,
3678,OPRRURHGCKKNPY-LKCJXIOFSA-N,
3679,HZKGRCIKQBHSNA-KCQAQPDRSA-N,
3680,LOEZFQMZZKZHOO-UHFFFAOYSA-N,
3681,MFSCSVBDDLAACN-UHFFFAOYSA-N,
3682,QHFLIQGCDQFYAD-UHFFFAOYSA-N,
3683,IOAUEEKHUHNWTD-UHFFFAOYSA-N,
3684,XSHLSGLMCJGCNP-UHFFFAOYSA-N,
3685,JZMBHESGVWWBMW-UHFFFAOYSA-N,
3686,XGKHSHAGWITRCH-UHFFFAOYSA-N,
3687,QTJRLGKNYJCBEP-UHFFFAOYSA-N,
3688,JEFWNDREDMNYRY-UHFFFAOYSA-N,
3689,DFLVWXSODDWYLG-CXUHLZMHSA-N,
3690,LVBUVTHPOUAKGG-MHWRWJLKSA-N,
3691,XUARCIYIVXVTAE-ZAPOICBTSA-N,
3692,JYJGTUSFOKBNMA-OOOLTRJPSA-N,
3693,WSJAMZQTSCPJLY-VXLYETTFSA-N,
3694,QAIPRVGONGVQAS-DUXPYHPUSA-N,
3695,KSMIGZMIJYFJHP-UHFFFAOYSA-N,
3696,AJTJWBNJZLMSBB-UHFFFAOYSA-N,
3697,RSIVRPBUNKODPD-ZEQRLZLVSA-N,
3698,IBENKAFBRHHJPR-UHFFFAOYSA-N,
3699,VFSZKXSSCLAMNZ-UHFFFAOYSA-N,
3700,FNGKTILOSNGWLS-UHFFFAOYSA-N,
3701,LPMXVESGRSUGHW-HBYQJFLCSA-N,
3702,ZUEKQPJBVORAFH-UHFFFAOYSA-N,
3703,IWKRKOQJCPFXGL-UHFFFAOYSA-N,
3704,YLDUQUOZOMZQEQ-UHFFFAOYSA-N,
3705,MMXFJXGESXMLEC-UHFFFAOYSA-N,
3706,LLEYFYXOCVQUBI-MYKRZTLLSA-N,
3707,DFYWTFZZBLSUAW-SNVBAGLBSA-N,
3708,YYNFYWFIEQHCNZ-UHFFFAOYSA-M,
3709,HVEWQUCLXMDJOB-UHFFFAOYSA-M,
3710,UXVJVPPFDWOOTC-UHFFFAOYSA-M,
3711,LTNGZPSWCUHNHO-DHZHZOJOSA-N,
3712,UCWCZNCTNLWLNG-FMIVXFBMSA-N,
3713,KGFYDIZALLKOLQ-UHFFFAOYSA-N,
3714,OAHUDYBQKIUBMC-UHFFFAOYSA-N,
3715,DAIJGFFPMYLBBK-UHFFFAOYSA-N,
3716,NSBVOLBUJPCPFH-UHFFFAOYSA-N,
3717,PNOKFRCVUHGEFF-UHFFFAOYSA-N,
3718,ASKFMBPVRBLQOQ-UHFFFAOYSA-N,
3719,XWBCKKPYRUUVQU-UHFFFAOYSA-N,
3720,IOOTWDYHCUBPTO-UHFFFAOYSA-N,
3721,DVXXNAVZPFVCHP-UHFFFAOYSA-N,
3722,XZVGOIOCGWFOMX-UHFFFAOYSA-N,
3723,LJXMGMZOYDGWON-UHFFFAOYSA-N,
3724,GXFUZNHIKQMEJC-UHFFFAOYSA-N,
3725,KTSYTPMUPYCPFS-UHFFFAOYSA-N,
3726,GDDCYANZONIPGV-UHFFFAOYSA-N,
3727,OEWUWHGAYOMXDQ-GFCCVEGCSA-N,
3728,SOOARZNCZONXKL-VIFPVBQESA-N,
3729,IZDKLOCKHFWMCL-UHFFFAOYSA-N,
3730,CPQHEKDCGDNYSW-UHFFFAOYSA-N,
3731,JYJIMRDMHQZVOJ-UHFFFAOYSA-N,
3732,RSPZLWYKEZUQEF-UHFFFAOYSA-N,
3733,LYCUXBSMEHKLCL-GESZSZFKSA-N,
3734,OEUGDMOJQQLVAZ-UHFFFAOYSA-N,
3735,VAJCSPZKMVQIAP-UHFFFAOYSA-N,
3736,ZGMRKYTWUQBXFY-UHFFFAOYSA-N,
3737,LCOVEKMKYAKULE-QGMBQPNBSA-N,
3738,BJACXCOEPSGGGE-UHFFFAOYSA-N,
3739,MAPCYWNEYALWSN-UHFFFAOYSA-N,
3740,ZUDFUOAUMQBEHH-UHFFFAOYSA-N,
3741,WJHJRDPOGHCWRN-UHFFFAOYSA-N,
3742,IUXZOZQGTWREOB-UHFFFAOYSA-N,
3743,OYQAYBVQDUEIOW-UHFFFAOYSA-N,
3744,TXHBNVYFCZMCPB-UHFFFAOYSA-N,http://coconutKG.aksw.org/data/molecule/21147
3745,RRODTNZTFJNDOG-XSFVSMFZSA-N,
3746,LWMMVLISLWMIJU-UHFFFAOYSA-N,
3747,DIYSCNLXRVKMMK-BQYQJAHWSA-N,
3748,IRTMYXPQLGVUBO-AGVGLQIMSA-N,
3749,VUWPAFFNDUOCHC-UHFFFAOYSA-N,
3750,PTHYKFXPOOPKBK-UHFFFAOYSA-N,
3751,YNWYQQUQEXUBNN-UHFFFAOYSA-N,
3752,RCLPLKVCEYIXCZ-YKQZZPSBSA-N,
3753,YCAMORRJENSJAQ-MWLSYYOVSA-N,
3754,DRIYJKDJTHTSAT-UHFFFAOYSA-N,
3755,MBQACFCKWXHDJE-UHFFFAOYSA-N,
3756,SJZYPEHDIVSSAW-UHFFFAOYSA-N,
3757,ADZNRRGIEYUCAX-UHFFFAOYSA-N,
3758,KJNMBGYKPSXCFI-UHFFFAOYSA-N,
3759,OITRPUBKDSCOGW-UHFFFAOYSA-N,
3760,RTCKVRNMXULGCC-UHFFFAOYSA-N,
3761,BEQLAZCYIMTZCU-CTNGQTDRSA-N,
3762,QXKZLXTWVNQSOA-UHFFFAOYSA-N,
3763,COUDJHPISYHWET-UHFFFAOYSA-N,
3764,ZNFWQYGUCWDWJP-FSRHSHDFSA-N,
3765,DSHWTDZKLKYDTB-UHFFFAOYSA-N,
3766,FBEXLNYSAYRZOL-UHFFFAOYSA-N,
3767,ONLAANFCIRUHFH-UHFFFAOYSA-N,
3768,COOYMNWJIQKUSH-UHFFFAOYSA-N,
3769,BMGFPMOVVJSUPC-UHFFFAOYSA-N,
3770,IHJFUBOOWFHEMB-UHFFFAOYSA-N,
3771,QUCYAMSEIKKLOW-UHFFFAOYSA-N,
3772,LFTFAOYIUNPYFM-UHFFFAOYSA-N,
3773,FEXCFQIXJRILFX-UHFFFAOYSA-N,
3774,QGYJVHKRKCNRAS-UHFFFAOYSA-N,
3775,XDURHVLUXHGKBV-JXMROGBWSA-N,
3776,IZHJBMDCXJQPII-UHFFFAOYSA-N,
3777,HCHPSLAKVJZIDG-UHFFFAOYSA-N,
3778,AWGPLMXCCFJQKB-RQZCQDPDSA-N,
3779,ZEVCWNUAUMTSCC-GIJQJNRQSA-N,
3780,QJYBUDJACCWKFB-UHFFFAOYSA-N,
3781,CDHHXZRHQPWDQV-UHFFFAOYSA-N,
3782,ATEXWMNIEDEVTE-UHFFFAOYSA-N,
3783,MSAOCTXGBAGSRS-UHFFFAOYSA-N,
3784,KQRRAQBITKWGBZ-UHFFFAOYSA-N,
3785,KRCDHHDRQVGZNJ-UHFFFAOYSA-N,
3786,ODOYMNSITQNBIB-UHFFFAOYSA-N,
3787,UDPDFFDUHGFWJW-UHFFFAOYSA-N,
3788,LVDISCWTZIACNQ-UHFFFAOYSA-N,
3789,NEOXVVWHXSTNLW-UHFFFAOYSA-N,
3790,DTBXINDIVNSDJJ-UHFFFAOYSA-N,
3791,GXPHKUHSUJUWKP-UHFFFAOYSA-N,
3792,RUBSSEHODLIZFC-UHFFFAOYSA-N,
3793,WRDXZULBTBGELC-NFFAYCCRSA-N,
3794,IJBZOOZRAXHERC-DOFZRALJSA-N,
3795,QFOHBWFCKVYLES-UHFFFAOYSA-N,http://coconutKG.aksw.org/data/molecule/183905
3796,HHJJFJAKMCTJBJ-IBGZPJMESA-N,
3797,BWAPELNYIDHRSI-WOEVYDRPSA-N,
3798,OZTQFTVGZCIRCV-XHMYXGOJSA-N,
3799,XHMKTNVPHGASDC-FGWYMSHBSA-N,
3800,OTZGJYQROGVORB-DVKHPBKHSA-N,
3801,URGZQOIBTDTZPA-UHFFFAOYSA-N,
3802,PPDIXWCALDHDIS-UHFFFAOYSA-N,
3803,ZVNFRYCDXYEINX-UHFFFAOYSA-N,
3804,JLHOPDOPALILDJ-UHFFFAOYSA-N,
3805,YBOUYLAPXMRMOT-UHFFFAOYSA-N,
3806,CQJBXYSWHIUOHJ-UHFFFAOYSA-N,
3807,XWHRSSSYQQKBJU-VGOFMYFVSA-N,
3808,UIJJIRLXDILHPK-UHFFFAOYSA-N,
3809,YXHXUMYMIPFTJC-UHFFFAOYSA-N,
3810,OZTCYWBPMRQJHJ-UHFFFAOYSA-N,
3811,RGJQYZURHPLXBP-UHFFFAOYSA-N,
3812,SQOJCXVUEQUELU-UHFFFAOYSA-N,
3813,GSOYFTTZLGPUCD-UHFFFAOYSA-N,
3814,USPNAARDVZFFEG-UHFFFAOYSA-N,
3815,PPGAGAYKWZKFCB-UHFFFAOYSA-N,
3816,ZMZIXUJJBXGEFQ-UHFFFAOYSA-N,
3817,WNRARNRVPKLSLW-PXKWDJPTSA-N,
3818,FMGSKLZLMKYGDP-USOAJAOKSA-N,
3819,OSUPKPPFCXJYBI-YGIASRBBSA-N,
3820,KQEJJCDYCOPPSL-NMKLUNCLSA-N,
3821,QTTFTVPTSUAFOG-UHFFFAOYSA-N,
3822,UCKHKSBXKBGHKE-UHFFFAOYSA-N,
3823,YQCHGQGDXXQRSN-UHFFFAOYSA-N,
3824,IHZUQZWWKIYBME-UHFFFAOYSA-N,
3825,IOCQLNXDWXRFEC-UHFFFAOYSA-M,
3826,VAAWGGFHBMWNLC-UHFFFAOYSA-N,
3827,LQAOFMNANKHBPH-UHFFFAOYSA-N,
3828,UGBIIEXMKKUYJV-UHFFFAOYSA-N,
3829,FXGLZAJGRXHQRN-OCCSQVGLSA-N,
3830,OVMIAXKCNFYLEN-OCCSQVGLSA-N,
3831,HVONSTAUCAUOKZ-UHFFFAOYSA-N,
3832,VSWKLCAPVMMNPS-UHFFFAOYSA-N,
3833,VROFYOXPUCWSNZ-UHFFFAOYSA-N,
3834,BDBDLQIJTHDVGZ-UHFFFAOYSA-N,
3835,LRXGSEURMVYSAB-UHFFFAOYSA-N,
3836,FMBJODQYWAEYGJ-WUXMJOGZSA-N,
3837,IPEHJNRNYPOFII-AZUAARDMSA-N,
3838,ZYCZUKYVEJEKCW-UHFFFAOYSA-N,
3839,OACHIQATVCITPG-UHFFFAOYSA-N,
3840,WSTDQQDNFXEASU-UHFFFAOYSA-N,
3841,ICQOWTGQZXNWPT-UHFFFAOYSA-N,
3842,UUBSQUACIADEPK-UHFFFAOYSA-N,
3843,XOXPRTJSXLBUHV-UHFFFAOYSA-N,
3844,IWNNJNPYZHDHJJ-WUXMJOGZSA-N,
3845,YPLBAQBFMXPOOG-GZTJUZNOSA-N,
3846,BEMXXTPYKJVZSJ-UHFFFAOYSA-N,
3847,WXROOWUBLQLPCC-UHFFFAOYSA-N,
3848,MDLWLVWPYPTEPB-UHFFFAOYSA-N,
3849,CSTULOQRXMEYNA-UHFFFAOYSA-N,
3850,VESHTZNBTIBTKN-CMDGGOBGSA-N,
3851,SPRPDKXIOIYUQE-HJWRWDBZSA-N,
3852,MERFKSGYZCPLIE-UHFFFAOYSA-N,
3853,WGNXOJCVJWNCAB-UHFFFAOYSA-N,
3854,YBERNOOPTZBPHS-ZFNKBKEPSA-N,
3855,ZSRWYMLHMXVCET-UHFFFAOYSA-N,
3856,KDVPQLYANWWFCQ-UHFFFAOYSA-N,
3857,MFWZDNLSTGLUOH-UHFFFAOYSA-N,
3858,PECDOLSMZIVOLM-UHFFFAOYSA-N,
3859,CRJIHUMLKNUHAJ-UHFFFAOYSA-N,
3860,QZUQXGPUENGOAP-UHFFFAOYSA-N,
3861,DYEUWGMQMXFQOI-UHFFFAOYSA-N,
3862,WDRBJIGDKYBPMM-UHFFFAOYSA-N,
3863,PIRMLLGJKONQFA-UHFFFAOYSA-N,
3864,XQCFHDCUVOOGPX-UHFFFAOYSA-N,
3865,CDFSITIHQOZSIN-ZXRKZBAXSA-N,
3866,ORQOZZSYYGWBRL-NXZHAISVSA-N,
3867,QVNXHWCUVXBSNR-FIFLTTCUSA-N,
3868,UACFBTNFAATILJ-UHFFFAOYSA-N,
3869,HAIJOOHLJUJNNU-ZBPDXVSDSA-N,
3870,DFVUNDNSNDVVET-PZXKEIJGSA-N,
3871,GQMRLLQNWQUYAQ-UHFFFAOYSA-N,
3872,NXMNIEIGVVZHNL-GXDHUFHOSA-N,
3873,HPMJWZDWWICDBJ-AATRIKPKSA-N,
3874,USHUQOILBPLXDX-OWOJBTEDSA-N,
3875,WVTSDVWLEHGRAU-NDQIWNFKSA-N,
3876,FTIFNWWAOCMFPB-UHFFFAOYSA-N,
3877,YKOOGIBXHOWMGN-UHFFFAOYSA-N,
3878,GJNIPWYJQUGERM-UHFFFAOYSA-N,
3879,VCYBVWFTGAZHGH-UHFFFAOYSA-N,
3880,REGUOILOXLELQG-UHFFFAOYSA-N,
3881,NATNJBIIBHDYFJ-UHFFFAOYSA-N,
3882,CIRUGAWDKVOYRE-LURJTMIESA-N,
3883,BLUAFEHZUWYNDE-NNWCWBAJSA-N,
3884,OOMREJOXOCWRAS-UHFFFAOYSA-N,
3885,DTTCNGQDIDMUGG-UHFFFAOYSA-N,
3886,DXWOKPRJSAKPLA-KGVSQERTSA-N,
3887,JTIZXHQHSHVUDZ-KXBFYZLASA-N,
3888,DSXPQHIJBAUCRE-UHFFFAOYSA-N,
3889,GZHWABCBKGMLIE-UHFFFAOYSA-N,
3890,CPAYXJVEUGJZPY-VIZOYTHASA-N,
3891,ZYGSGRRNMIWNRP-KEBDBYFISA-N,
3892,JFBNFNDLCVVPAS-UHFFFAOYSA-N,
3893,KYWYCNZSGSTEBE-UHFFFAOYSA-N,
3894,QIBUPJYJYNFVEA-RVDMUPIBSA-N,
3895,GLKFRBLCHHSNLL-UHFFFAOYSA-N,
3896,KQPBRFALEYFWBN-UHFFFAOYSA-N,
3897,QVAOEMADHHLRIV-UHFFFAOYSA-N,
3898,CLKNYJFPUYFLRF-UHFFFAOYSA-N,
3899,WTGANCSJWKJEEN-ONPNUQNVSA-N,
3900,ACDGCUUIOSWTNL-LAQRTPSOSA-N,
3901,ZBTVNXLCHRNOQF-OMCISZLKSA-N,
3902,WCDCWOPXWWVJBQ-UHFFFAOYSA-N,
3903,INBPMTNLYMLYAC-UHFFFAOYSA-N,
3904,CTOCGJNJJGMVFB-UHFFFAOYSA-N,
3905,RXQJJBRAANNIDY-UHFFFAOYSA-N,
3906,MZVSIBXXRHWCLZ-UHFFFAOYSA-N,
3907,DXTQMJCEDQUJSJ-UHFFFAOYSA-N,
3908,UMEQDRXHICXZHW-UHFFFAOYSA-N,
3909,KYZUNOKYFLERCQ-UHFFFAOYSA-N,
3910,VTUAWRDAXCVMAI-UHFFFAOYSA-N,
3911,JMPPLYYUCNYFGS-UHFFFAOYSA-N,
3912,SNFGSUFKGZIGPH-UHFFFAOYSA-N,
3913,OVEJBZDPAJJUAC-PJQLUOCWSA-N,
3914,LKYWMNVTPOPFSX-OMCISZLKSA-N,
3915,HBEWWPHZXDWZLS-HJWRWDBZSA-N,
3916,GSTNPNQEANEZKC-UHFFFAOYSA-N,
3917,VAEAEUCYAQOGJN-FPLPWBNLSA-N,
3918,HXTRVGOLRZLXRO-HJWRWDBZSA-N,
3919,MFILCKDDGTZXBS-ZDUSSCGKSA-N,
3920,XMPAXMHSBKKACC-UHFFFAOYSA-N,
3921,OGVFVVIAIIBYCY-DTYUNEHFSA-N,
3922,QBUWRUWXNWNLLJ-CVWGDGNMSA-N,
3923,SWHKBLHMSHHREL-MHWPDBCOSA-N,
3924,FZYPRNPHXLXXFV-GIJQJNRQSA-N,
3925,UKBCXWZEOOKADG-ONNFQVAWSA-N,
3926,LDGJWESGRMFAAG-OQLLNIDSSA-N,
3927,ROCZIGTUBZCHSL-NTUHNPAUSA-N,
3928,QEFCIWGVIHLZNR-UHFFFAOYSA-N,
3929,XJJDWEDQSMGTCV-UHFFFAOYSA-N,
3930,YKJYYASDIHRSQI-UHFFFAOYSA-N,
3931,OVIALWVJQXNHPR-AATRIKPKSA-N,
3932,OGTRIKSHCZMDDQ-DHZHZOJOSA-N,
3933,QMMWRYRRTSIBHU-UHFFFAOYSA-N,
3934,BXFYVUPNIFSZIL-IRPOOZCJSA-N,
3935,MGFFZXVIGGPJOP-UHFFFAOYSA-N,
3936,SGAQUVXWXIVPKX-UHFFFAOYSA-N,
3937,IQQSAZZOLPEYMC-SOFGYWHQSA-N,
3938,UIBACKAHNXCNFW-UHFFFAOYSA-N,
3939,HRLJXDNIMDPPNN-UHFFFAOYSA-N,
3940,CROWHGLIUOMOOH-SYCQMTRVSA-N,
3941,KUSUAVVCHDPCQX-UHFFFAOYSA-N,
3942,LFRSWHOGIYSJHR-FNCQTZNRSA-N,
3943,MVSLZKUWMBAKSC-IROCBMIISA-N,
3944,JOGPSQQXPDOGQN-UHFFFAOYSA-N,
3945,WQGWRSNSOYEBEC-UHFFFAOYSA-N,
3946,BWTCWBLDADFKGN-UHFFFAOYSA-N,
3947,XKUKFJXRMIGFKU-QHUKCZFVSA-N,
3948,MTJKVMQTNDMNPA-UHFFFAOYSA-N,
3949,DVPSGKPANMOSPE-UHFFFAOYSA-N,
3950,CHRKAQCBQGWRLC-UHFFFAOYSA-N,
3951,WLLZLSXZYIMQQC-XGTFBJHHSA-N,
3952,GGTJYTBKZNEKOD-UHFFFAOYSA-N,
3953,JXGBJFSDLDNLFJ-UHFFFAOYSA-N,
3954,STCXDCJXIRPBMF-UHFFFAOYSA-N,
3955,PMCKHEMCFQLKRA-BDGMQGSNSA-N,
3956,OTVSEERUBPCURU-UHFFFAOYSA-N,
3957,SSMCTYOVGKWNNK-UHFFFAOYSA-N,
3958,KSWPRZZLHWNBRN-HXUWFJFHSA-N,
3959,YYVALCDXUXZCKJ-SFHVURJKSA-N,
3960,KSWPRZZLHWNBRN-FQEVSTJZSA-N,
3961,QMQZPXCHVOUFNH-UHFFFAOYSA-N,
3962,ZCUMFDMDQURMSL-VIZOYTHASA-N,
3963,RKAAQARTWYSEPM-CHDOQFEXSA-N,
3964,WDPOSAOOJNOAEP-OPGSIPJLSA-N,
3965,ZPUBFVHRQVAEGE-UHFFFAOYSA-N,
3966,JXUVLCCBJAXOHV-UHFFFAOYSA-N,
3967,AWDOYZRSDKSJCY-UHFFFAOYSA-N,
3968,RNPCDQNIIZVNNZ-WLRTZDKTSA-N,
3969,MRKIJNKNOOCNBP-UHFFFAOYSA-N,
3970,ACFOVCHSVMOGQU-OQLLNIDSSA-N,
3971,XKEFQMJZGQVSSZ-YCRREMRBSA-N,
3972,RZUUGPVNVWHKAQ-WPQXUMJZSA-N,
3973,OTYXXAFWZHSVEM-ZAUJTXRMSA-N,
3974,PWBORPXUUJFWAE-XYOKQWHBSA-N,
3975,MZITYLQERROWQN-MJGOQNOKSA-N,
3976,DGZYQLPXEIGMPW-UHFFFAOYSA-N,
3977,BMQRHRLSBFFVCO-UHFFFAOYSA-N,
3978,VZGPJZMPOYMGMB-UHFFFAOYSA-N,
3979,FNXGPSIXFKQUCR-XNTDXEJSSA-N,
3980,VAXCTUWFQHHDNN-UHFFFAOYSA-N,
3981,DJBYCSVLFZWETM-OMCISZLKSA-N,
3982,HNALXDKDABZCER-GIDUJCDVSA-N,
3983,WTBOJVLMXJUMCK-UHFFFAOYSA-N,
3984,MSROLPGCUFGMTG-UHFFFAOYSA-N,
3985,WTBYVSFHNKXXGR-UHFFFAOYSA-N,
3986,XYYZAVVVSRHGOF-UHFFFAOYSA-N,
3987,PTCCBAONVWTJTM-UHFFFAOYSA-N,
3988,IYGWXNGZSDQPFR-URORMMCBSA-N,
3989,JKIBJPQLGMADCS-WVSUBDOOSA-N,
3990,FFQAIVOLLRKKHP-NVQRDWNXSA-N,
3991,VXZGQLUDXDXVSX-UHFFFAOYSA-N,
3992,ZSFFENNYLLFMHS-UHFFFAOYSA-N,
3993,GRSRWFFYYXEFGY-UHFFFAOYSA-N,
3994,UMPDQDNSPPOTEE-UHFFFAOYSA-N,
3995,ZLDNAMAFOGTSSB-UHFFFAOYSA-N,
3996,FLMBWJXQGNLYGB-DMDPSCGWSA-N,
3997,JNQKIRIFEQQRFM-JBRSBNLGSA-N,
3998,GLGQHOYUPDIFQB-GKPGBGKQSA-N,
3999,QMEUMOLROUFAFX-GXACUTFZSA-N,
4000,BMICZGNBUCUNFZ-TZKYFUQOSA-N,
4001,HZDIYVHUKKBXTM-UHFFFAOYSA-N,
4002,NATQNEQRCGOPTM-UHFFFAOYSA-N,
4003,WIVAFFVLCJFLSJ-UHFFFAOYSA-N,
4004,FYSSQQRJZMCREW-UHFFFAOYSA-N,
4005,KOPPKQSIAARARN-UHFFFAOYSA-M,
4006,YSTWBFAHJRSZBO-UHFFFAOYSA-N,
4007,PMTFLAWFQMHLPS-DLBZAZTESA-N,
4008,GFHZEVBJLGUWPM-DZXSPZCNSA-N,
4009,HFKAJGBERMPCOS-UHFFFAOYSA-N,
4010,HVIKCINYHLGLMN-RUZDIDTESA-N,
4011,NDEOTZXSBKCQLS-RMTZWNOUSA-N,
4012,XLUNEESBSFDBSK-CABCVRRESA-N,
4013,ZLHZLMOSPGACSZ-LLVKDONJSA-N,
4014,RYBDWOGGWLUSCU-UHFFFAOYSA-N,
4015,BIKCBGYUTXAFGE-LAGAIYJSSA-N,
4016,RUPZRJCPTQGQRU-UHFFFAOYSA-N,
4017,WTEUBPBTJVSGPF-UHFFFAOYSA-N,
4018,MGLMAHCRDQDBOC-BZVUWSQFSA-N,
4019,LKPHLPFZSGKEJL-ABAIWWIYSA-N,
4020,SIKQKSUJPUEZJS-DYVFJYSZSA-N,
4021,HAZKPTBIJRSUDM-ZBFHGGJFSA-N,
4022,UFGAHZPQWLLNRR-NHYWBVRUSA-N,
4023,MOHAXXMLZOBXKE-LRDDRELGSA-N,
4024,VPALPIKIKYNETG-LRDDRELGSA-N,
4025,IDZHTXAQLXVBJW-UHFFFAOYSA-N,
4026,QUGJQHPXPDKQSU-UHFFFAOYSA-N,
4027,WINDBSWAPNXROW-UHFFFAOYSA-N,
4028,APQYPZPPQIAPOX-UHFFFAOYSA-N,
4029,BDYRRDHPUWBBID-UHFFFAOYSA-N,
4030,DRDHVXRGOATDOK-UHFFFAOYSA-N,
4031,JOLUAMCIRBKGCH-UHFFFAOYSA-N,
4032,PPCVKKAOUDXUDV-UHFFFAOYSA-N,
4033,QTEIGTBDDPBYAX-UHFFFAOYSA-N,
4034,RVXQCMYGMUMBRD-UHFFFAOYSA-N,
4035,NSTPZHLQOWSHMG-UHFFFAOYSA-N,
4036,TTWWUAQISBIHPB-UHFFFAOYSA-N,
4037,QUHZMMPTHITQNY-UHFFFAOYSA-N,
4038,PUVMMVZJPHBIGN-UHFFFAOYSA-N,
4039,ACUPXHVGTOVQAU-GIJQJNRQSA-N,
4040,PSMMYWDLFRFUJU-CAOOACKPSA-N,
4041,YRZTVAYXNMPEHK-UHFFFAOYSA-N,
4042,OIEYOABZIHTUHL-UHFFFAOYSA-N,
4043,MXDHQZJQOJFSPK-UHFFFAOYSA-N,
4044,HFNAVNFFYSRPCT-UHFFFAOYSA-N,
4045,KUIFDHZSLHEZLJ-UHFFFAOYSA-N,
4046,SNFSATIGEYSINO-UHFFFAOYSA-N,
4047,UEVRLCVBDJUNJX-UHFFFAOYSA-N,
4048,IMAYRYRXLABKQX-UHFFFAOYSA-N,
4049,SEXVQVXXIIQXET-UHFFFAOYSA-N,
4050,UQXAMEQEQWOBDC-UHFFFAOYSA-N,
4051,XWURIKSZFKORHS-UHFFFAOYSA-N,
4052,FSYSKWAPJXUBHD-UHFFFAOYSA-N,
4053,VJPMXKXALLLPNY-UHFFFAOYSA-N,
4054,VQBPSPLVIWZLNM-UHFFFAOYSA-N,
4055,XNZHCQXXXKENRB-UHFFFAOYSA-N,
4056,WHJWSLKITRRSGJ-UVTDQMKNSA-N,
4057,KCEHKMLWUJLJOR-UHFFFAOYSA-N,
4058,JJJNFNLUKYZAKI-BFLUCZKCSA-N,
4059,PISITRDAMPMNBZ-UHFFFAOYSA-N,
4060,XHPAXDNHQFGCEQ-UHFFFAOYSA-N,
4061,JIOBYDXYKHIQDT-UHFFFAOYSA-N,
4062,NJWYWODRRFGTNN-UHFFFAOYSA-N,
4063,JLGGPCQBWAXXES-UHFFFAOYSA-N,
4064,ICGQVXUXFWBBQK-UHFFFAOYSA-N,
4065,TZOVCAVEMDUPTE-UHFFFAOYSA-N,
4066,DHMOMMQWBRFRNG-UHFFFAOYSA-N,
4067,RHROOZPSXCFWQD-UHFFFAOYSA-N,
4068,ZBBKOQXLJPVUCY-UHFFFAOYSA-N,
4069,SGDZKLALQZAVOA-SFQUDFHCSA-N,
4070,PAKNJBOBQXTNKT-UHFFFAOYSA-N,
4071,CYMQHJTXFPRIMG-UHFFFAOYSA-N,
4072,OCQMBBAPDJJMDS-UHFFFAOYSA-N,
4073,WLNYBPMJTVBYMQ-UHFFFAOYSA-N,
4074,YMEMYWBKOWJUEV-UHFFFAOYSA-N,
4075,WPRYJPOKESMACK-UHFFFAOYSA-N,
4076,AHOIRQGPGBEGIH-UHFFFAOYSA-N,
4077,XPMIABRYYGRCIC-UHFFFAOYSA-N,
4078,KFOAIGAFTAGVGB-QRQIAZFYSA-N,
4079,WHXUZVUFWBLTLA-VEILYXNESA-N,
4080,RUCDWMJXGOHTDZ-OITHXNHYSA-N,
4081,RGORQPKQGHPAEQ-AABGKKOBSA-N,
4082,UPGRHVFYRMLKGO-JHEPNXLRSA-N,
4083,VVMBPLXQDSLDOO-UHFFFAOYSA-N,
4084,ASRBKZHDORPEHO-KYJIWOQOSA-N,
4085,XCOXVCPPLXSBCJ-UHFFFAOYSA-N,
4086,HBIOAXZYDGYQPR-UHFFFAOYSA-N,
4087,IJNQLPDTFDHADC-UHFFFAOYSA-N,
4088,LGDXSUYQCIADHB-FNCQTZNRSA-N,
4089,AMOKJBOFSXHJTR-FNCQTZNRSA-N,
4090,XBPLURLJIACOAL-GDNBJRDFSA-N,
4091,WUJOBELBJBFXHW-UHFFFAOYSA-N,
4092,LHJAWXZVURTZDJ-UHFFFAOYSA-N,
4093,HHMHJEPXWOEARK-UHFFFAOYSA-N,
4094,JNZAKZYZLCJVOS-ZMZMSIHFSA-N,
4095,QUNOVMVJDFPSOE-BTYIYWSLSA-N,
4096,AERYORJVUUQIFP-UHFFFAOYSA-M,
4097,MTZLJLVAMUHZGY-UHFFFAOYSA-M,
4098,IXFPJGBNCFXKPI-FSIHEZPISA-N,
4099,VRWGRLFEHAONPN-UHFFFAOYSA-N,
4100,FQIIAMSIGINTCM-UHFFFAOYSA-N,
4101,OFGDSVGBNRBVJT-UHFFFAOYSA-N,
4102,QZXJYXJXLXFTEK-UHFFFAOYSA-N,
4103,VNEJJZFEJZQSIV-UHFFFAOYSA-N,
4104,AIIFWEAZXJDTSZ-UHFFFAOYSA-N,
4105,UCFWNBABFJASNS-UHFFFAOYSA-N,
4106,DDCQRTOSCAYZJJ-UHFFFAOYSA-N,
4107,KSFAOWKOIKKPNR-UHFFFAOYSA-N,
4108,KBXDNLOLFOYINI-UHFFFAOYSA-N,
4109,LGLWLEOQBYIANQ-UHFFFAOYSA-N,
4110,RUWSMWMQFRGPQL-LZYBPNLTSA-N,
4111,BNZVIPLNSKRRGL-MFKUBSTISA-N,
4112,XOAMOIWHAXNEGT-BTOHDXCHSA-N,
4113,CZUQAXAWBOEBHN-UHFFFAOYSA-N,
4114,QNQHXGWBRGEDIL-UHFFFAOYSA-N,
4115,HNECLBVQVICJQX-UHFFFAOYSA-N,
4116,VRJJZESAMSRBTH-UHFFFAOYSA-N,
4117,RSMMDEAKBXDVSH-UHFFFAOYSA-N,
4118,SDEZNODBTRWJQZ-UHFFFAOYSA-N,
4119,LXLNSQPCJSVDOK-UHFFFAOYSA-N,
4120,VRVZOGKOKDCDDY-UHFFFAOYSA-N,
4121,NIFJAUFSLDXEQK-KRWDZBQOSA-N,
4122,UYTWBOUCMRZPFA-UHFFFAOYSA-N,
4123,YJEHPTKSEHMAKX-UHFFFAOYSA-N,
4124,MUFFADVTDULLBO-UHFFFAOYSA-N,
4125,ZAYMKGIDSJUBES-UHFFFAOYSA-N,
4126,SZCJPADZLMILRQ-UHFFFAOYSA-N,
4127,QGNPDOIWXXUTKE-UHFFFAOYSA-N,
4128,GTJHTQIZKZLTSL-UHFFFAOYSA-N,
4129,HZYJKXPAMDWJKF-UHFFFAOYSA-N,
4130,MRDZWDBRAZYGDD-UHFFFAOYSA-N,
4131,AFVACAZNAUREGB-OAHLLOKOSA-N,
4132,MYNYLQZVFTVBBU-UHFFFAOYSA-N,
4133,DGIYZLSIKDNRBQ-UHFFFAOYSA-N,
4134,XNWSKQIHTMCANU-UHFFFAOYSA-N,
4135,JSLLLCMIKJYBCQ-UHFFFAOYSA-N,
4136,LHTVMGXTDAWJKU-UHFFFAOYSA-N,
4137,VKWPILKTHLHRPZ-UHFFFAOYSA-N,
4138,RORSAPKLZAPKRJ-AFYYWNPRSA-N,
4139,DLQGLYNLWBCHDN-UHFFFAOYSA-N,
4140,MUMVFOADEKEQQH-UHFFFAOYSA-N,
4141,RFLWKIUUHREFSC-UHFFFAOYSA-N,
4142,PSCNHMTXDSYSOD-UHFFFAOYSA-N,
4143,DIWTWVAPZNCJHQ-LBPRGKRZSA-N,
4144,LWJGEOHTCIXALU-UHFFFAOYSA-N,
4145,ILEYXPCRQKRNIJ-UHFFFAOYSA-N,http://coconutKG.aksw.org/data/molecule/40675
4146,GFXRNZLIXAPNDA-DGEVVOEJSA-N,
4147,YAECFDVWFOYDQS-UHFFFAOYSA-N,
4148,XNGWVCGSWKMPGQ-UHFFFAOYSA-N,
4149,WIYGXCOAMOORCS-UHFFFAOYSA-N,
4150,UKUFPKKYCNUCGF-UHFFFAOYSA-N,
4151,ZDYOBDYRGGBVHQ-OCCSQVGLSA-N,
4152,KASHBTOPZJTDFP-UHFFFAOYSA-N,
4153,ICYNSVBEDPIFIU-UHFFFAOYSA-N,
4154,PDJZXGLGJUXHQW-UHFFFAOYSA-O,
4155,GYJMOIAZSFBVFH-UHFFFAOYSA-N,
4156,DXEUCCLZPQHDSZ-UHFFFAOYSA-N,
4157,ZDNCMNRXKKHIBI-UHFFFAOYSA-N,
4158,SXLAYQYSQVITSX-UHFFFAOYSA-N,
4159,KCFKLBQERJZLGQ-UHFFFAOYSA-N,
4160,SXKUKAOOBSUNFI-UHFFFAOYSA-N,
4161,HACURXHTVFMDCM-UHFFFAOYSA-N,
4162,MAEQYLYKCWECPE-UHFFFAOYSA-N,
4163,LODRMYCXHNLYFG-UHFFFAOYSA-N,
4164,ZNKXALZYEIMVPO-AWEZNQCLSA-N,
4165,XOPVNSIWOSCFSH-UHFFFAOYSA-N,
4166,IFXFEABDCLVMML-UHFFFAOYSA-N,
4167,NSTWVRAZUMGRGX-UHFFFAOYSA-N,
4168,SNGMAIJHCWVIEO-UHFFFAOYSA-N,
4169,MTCJZZBQNCXKAP-KSYZLYKTSA-N,
4170,ONKXTQWTNUGHTK-UHFFFAOYSA-N,
4171,ZJUQAWUKYWBQNI-UHFFFAOYSA-N,
4172,UGROQFKCZGEDOF-UHFFFAOYSA-N,
4173,KCAWVQLMBVVSSY-UHFFFAOYSA-N,
4174,GLNXVPBVHWXUSO-UHFFFAOYSA-N,
4175,FZJJLXIDEBYLBH-UHFFFAOYSA-N,
4176,VRSNUPZVDGNKSU-WTKIWQQCSA-N,
4177,DOYALRNFUWPBPD-UHFFFAOYSA-N,
4178,OBVMGYHNJVBJKS-UHFFFAOYSA-N,
4179,HKNNPGWJKJDXCN-UHFFFAOYSA-N,
4180,DBVHRKVRLJTZND-UHFFFAOYSA-N,
4181,FOQJAGNDQYWIRF-UHFFFAOYSA-N,
4182,XXIXVRIIZYQKQQ-UHFFFAOYSA-N,
4183,ULHUYFVJQMXTQV-GXDHUFHOSA-N,
4184,QIFXARBSCYEPAY-UHFFFAOYSA-N,
4185,JVFMMAIMHHHKEZ-UHFFFAOYSA-N,
4186,BOJAXOHWYZMMKZ-UHFFFAOYSA-N,
4187,UZMUDPKMXJNPEM-UHFFFAOYSA-N,
4188,VPVZJFQMADAAFG-UHFFFAOYSA-N,
4189,GOFKBYMLZNXKGI-UHFFFAOYSA-N,
4190,APMHAUXGTHQWRF-UHFFFAOYSA-N,
4191,QHYRELLXJDJBHO-UHFFFAOYSA-N,
4192,DYRXAXDGAQMJDP-UHFFFAOYSA-N,
4193,QVNAHIYRPRUQQY-UHFFFAOYSA-N,
4194,WEMYBWNTJLJXNO-AWEZNQCLSA-N,
4195,RAAOIOIVUWZXCV-UHFFFAOYSA-N,
4196,BSCOAHREYLAFNE-YXLIPSETSA-N,
4197,DUBBLMNGOSRYNB-UHFFFAOYSA-N,
4198,SBYRVULCUOUHQX-UHFFFAOYSA-N,
4199,XDBHYPAJMOHGIT-UHFFFAOYSA-N,
4200,DSHZPESISYHKDO-UHFFFAOYSA-N,
4201,HQCVVXLNNCYIIC-UHFFFAOYSA-N,
4202,JEQWEYOCILCYBN-UHFFFAOYSA-N,
4203,PXXQQUVCJWZTLN-UHFFFAOYSA-N,
4204,KKYSWXZDWQRQPD-IGTWKLTNSA-N,
4205,WDOWHJAIVJPRJL-UHFFFAOYSA-N,
4206,QDIGSCYRISSGAQ-UHFFFAOYSA-N,
4207,DNTYYKAZXNGNBX-UHFFFAOYSA-N,
4208,MTRUEOUDHKOHGQ-MZXMXVKLSA-N,
4209,MEBYBXDJFUMPSQ-KAQIVPQOSA-N,
4210,JUCCMEHWBGPJKS-UHFFFAOYSA-N,
4211,DXGBLRMRXHGUFX-UHFFFAOYSA-N,
4212,QXAKMHYJYUNFCR-UHFFFAOYSA-N,
4213,OASOGXTYMQCQFH-UHFFFAOYSA-N,
4214,ZEWQUBUPAILYHI-UHFFFAOYSA-N,http://coconutKG.aksw.org/data/molecule/78050
4215,MCQKEEJFGNLLGI-PGQIENJJSA-O,
4216,WLLZLSXZYIMQQC-IBPYFQLBSA-N,
4217,JNDSVJCTJRGPGE-UHFFFAOYSA-N,
4218,OXTVYOFHMVWDQQ-UHFFFAOYSA-N,
4219,DIBFAFWXUWEHTI-UHFFFAOYSA-N,
4220,VCXCVHQAXFKJIK-UHFFFAOYSA-N,
4221,KWJSYYRZFWZKCZ-UHFFFAOYSA-N,
4222,PKBLAZWRJBDVSC-UHFFFAOYSA-N,
4223,SVGRLSICKZQFGO-UHFFFAOYSA-N,
4224,HEWIBJBIHGCDPN-UHFFFAOYSA-N,
4225,TUDYTKGUDDASOW-DHDCSXOGSA-N,
4226,SMXAQFHHUSWQPE-XYOKQWHBSA-N,
4227,RTRKZYDPPSKMTQ-UHFFFAOYSA-N,
4228,DRRCXHVIQWSNOX-UHFFFAOYSA-N,
4229,PDEMRZMVJFKANU-UHFFFAOYSA-N,
4230,BPDRGUFGOFJXBL-NUGSKGIGSA-N,
4231,FOROQCYFEZPZMG-LSHDLFTRSA-N,
4232,FUTBLPBXQVFNCN-LSHDLFTRSA-N,
4233,LIQSWRDITGCYEM-UHFFFAOYSA-N,
4234,INOVTVXDRPCKHN-UHFFFAOYSA-N,
4235,VROWNXYUZHFLLW-FUHWJXTLSA-N,
4236,SSQFRXNURGOEJF-NWVWQQAFSA-N,
4237,BZJOJFSGDLPAFP-GLDPYIMESA-N,
4238,HDTZPKLRJBGXSO-RBUKOAKNSA-N,
4239,CTBAJXKZBDPSRU-UHFFFAOYSA-N,
4240,LUHSAUCMHFEERB-UHFFFAOYSA-N,
4241,XZDXDUUHNHBSSQ-UHFFFAOYSA-N,
4242,RZZFWIHWDOXEQF-UHFFFAOYSA-N,
4243,QSLIFFFRIOJZOC-UHFFFAOYSA-N,
4244,UGLKXFLOLGWOME-UHFFFAOYSA-N,
4245,QBIACYSJANSYDK-UHFFFAOYSA-N,
4246,UPNMVWJNFVTIOS-UHFFFAOYSA-N,
4247,FQJFDJIGUURRGW-UHFFFAOYSA-O,
4248,OCHCIFWASFRZQF-UHFFFAOYSA-N,
4249,LZBXHEDKFULWAX-UHFFFAOYSA-N,
4250,QEUAYXZPFJSYLQ-UHFFFAOYSA-N,
4251,SDHIMANKOJUSSS-UHFFFAOYSA-N,
4252,PGBZUPFQJPYTHS-UHFFFAOYSA-N,
4253,WKVVMIOVJGWZCT-UHFFFAOYSA-N,
4254,FWUVOZCEHNBDSR-UHFFFAOYSA-N,
4255,ZIMZZASIQVXNOR-UHFFFAOYSA-N,
4256,WTAIIOXYTJGHCY-UHFFFAOYSA-N,
4257,GDFHWMRKPNTHRO-UHFFFAOYSA-N,
4258,AJOZWZWFXDPZSP-UHFFFAOYSA-N,
4259,PHLQZEOBUCKWMV-UHFFFAOYSA-N,
4260,RCAAGWSOOOPZSU-UHFFFAOYSA-N,
4261,NQQBEMYJRUDKHA-UHFFFAOYSA-N,
4262,RSLCYOBICJGYCO-UHFFFAOYSA-N,
4263,XKRLLNQRFWBXOK-UHFFFAOYSA-N,
4264,STHQNQJHENIYGH-UHFFFAOYSA-N,
4265,BDBRMFFVFGIFRA-GJTLSTSKSA-N,
4266,CFVZECBCMWOGIW-HOCLYGCPSA-N,
4267,LKAAWWOAGZWRJD-UHFFFAOYSA-N,
4268,OSWWFLDIIGGSJV-UHFFFAOYSA-N,http://coconutKG.aksw.org/data/molecule/321652
4269,PBKKLBRNIVRGHL-LFIBNONCSA-N,
4270,TXHBNVYFCZMCPB-JOCHJYFZSA-N,
4271,JBPSIUJQSLGDHC-UHFFFAOYSA-N,
4272,INZMANTZZFBIJO-UKTHLTGXSA-N,
4273,UJDHMXWMBARJNY-UHFFFAOYSA-N,
4274,DBDXGSSJPKYVCO-UHFFFAOYSA-N,
4275,KKWWVKGXCSOSEJ-UHFFFAOYSA-N,
4276,SDDHFTLKENTEQJ-UHFFFAOYSA-N,
4277,YMWUQQJXONHYBM-UHFFFAOYSA-N,
4278,OIVWMUPVCLMKJG-IDOBQSHNSA-N,
4279,LJCCOBXADTZFDE-AYVOWEHUSA-N,
4280,RFPLRBCSNVBFMG-DBEMGKKOSA-N,
4281,RMWGVADBUYEUSO-UHFFFAOYSA-N,
4282,DIEFKJUFJHCQEE-HWKANZROSA-N,
4283,MDBAJHBQNURSRZ-KGENOOAVSA-N,
4284,KUTSOIMAOFABLX-UHFFFAOYSA-N,
4285,MHJRXQKSDSNUKD-HBKJEHTGSA-N,
4286,OXIWSGTZUCVQPH-XOBNHNQQSA-N,
4287,NCHAALDGNRJQFO-YXLFCKQPSA-N,
4288,STPNBQOTKFPYEG-UNZYHPAISA-N,
4289,ALHOBEXVYHMRCJ-SNVBAGLBSA-N,
4290,ZLHQYVFKLRJFQE-UHFFFAOYSA-N,
4291,ZBBHBTPTTSWHBA-UHFFFAOYSA-N,
4292,PVHUJELLJLJGLN-UHFFFAOYSA-N,
4293,XFSLBAGCWXKTAX-REZHQCRGSA-N,
4294,JMUFHCWGWYACID-FASLHUNRSA-N,
4295,GJLCBUACDUOGPT-UHFFFAOYSA-N,
4296,XWDDVCNYKCVQNS-UHFFFAOYSA-N,
4297,XXGCSAYAFWRPDV-UHFFFAOYSA-N,
4298,YCQPCBFJPLNTKD-UHFFFAOYSA-N,
4299,BUPJJLJDEXSOND-UHFFFAOYSA-N,
4300,QHGHFQLLDDOCGU-UHFFFAOYSA-N,
4301,VDVMUVYCFYHRJP-UHFFFAOYSA-N,
4302,WHNRKEGQQWVYRC-UHFFFAOYSA-N,
4303,GOBJAIHOZSCPMN-UHFFFAOYSA-N,
4304,LQGNGAISJJTDRZ-UHFFFAOYSA-N,
4305,YAWUKDHKDLAMEH-UHFFFAOYSA-N,
4306,FPBNSQACIXISSP-UHFFFAOYSA-N,
4307,NEPGJTULIZNBTR-UHFFFAOYSA-N,
4308,WOMIMWDMMAJNPN-UHFFFAOYSA-N,
4309,ASFKQTYVMRFZIM-UHFFFAOYSA-N,
4310,FOQIAMHLCXUKND-UHFFFAOYSA-N,
4311,FPESOSKYXCUWOM-UHFFFAOYSA-N,
4312,ISDDYLQQZJPIMF-UHFFFAOYSA-N,
4313,ZGOBARMXVAVOQL-UHFFFAOYSA-N,
4314,XEFQLINVKFYRCS-UHFFFAOYSA-N,http://coconutKG.aksw.org/data/molecule/84662
4315,QNBJIASHZPZHJE-UHFFFAOYSA-N,
4316,OPXHZJHXWFYQPT-UHFFFAOYSA-N,
4317,HUHMJJXREIPQCF-UHFFFAOYSA-N,
4318,KFUSANSHCADHNJ-UHFFFAOYSA-N,http://coconutKG.aksw.org/data/molecule/765019
4319,VNXBTMDXSKKCLJ-XNTDXEJSSA-N,
4320,JXVGNNBDZQLCNB-MXZHIVQLSA-N,
4321,IKXKPKRBUBTOBD-WUXMJOGZSA-N,
4322,RZJSIRBRDNFWKZ-LHHOIKMPSA-N,
4323,XKVWXIULPWMZQP-ARBPTSGCSA-N,
4324,GDIMOASDCOFPTD-LHHJGKSTSA-N,
4325,ROSDLQLPWAMVOT-WUXMJOGZSA-N,
4326,BDIKQVHAOKDOSV-MDWZMJQESA-N,
4327,IYIKLHRQXLHMJQ-UHFFFAOYSA-N,
4328,SEZIMHHYQYKNFZ-KZUDCZAMSA-N,
4329,HVRHMPNTUFPRBF-KIYNQFGBSA-N,
4330,LDORTGYOGYGAPI-UKTHLTGXSA-N,
4331,PQULINFZSFBYFP-UHFFFAOYSA-N,
4332,KDUHURJOFQCYGZ-UHFFFAOYSA-N,
4333,VOLVFWYZOODQEN-UECQYTEQSA-N,
4334,RRMCRHDDIIWUHE-RVDMUPIBSA-N,
4335,MAZZRZYOVBSDFO-YBRGTMTKSA-N,
4336,YKSZHRNCWHWDGN-USHAHLKOSA-N,
4337,IMTIJVSUXSYPRE-OAMSZMPYSA-N,
4338,KYZFVJVVYWBTSG-KUOFOABLSA-N,
4339,WXAHTPRHWBPDPW-OCMBVBNHSA-N,
4340,BLIKSRYRXVGXSV-UHFFFAOYSA-N,
4341,YDOFNDJAWQPHGB-UHFFFAOYSA-N,
4342,IPCVEOIOJGVJOY-UHFFFAOYSA-N,
4343,ZOXQYFLPDQGMDX-UHFFFAOYSA-N,
4344,DYUKCRHQNWNTFU-UHFFFAOYSA-N,
4345,NTAOUIIDZHRJHI-UHFFFAOYSA-N,
4346,LZKCOXGGXWVNRY-UHFFFAOYSA-N,
4347,NLMPBMBYQOMKEE-UHFFFAOYSA-N,
4348,YZLLYHOJEAVBAA-UHFFFAOYSA-N,
4349,LRNLOGSXEFGDGG-UHFFFAOYSA-N,
4350,NPXUYMOVOGEPAF-UHFFFAOYSA-N,
4351,BXMGJDHZRZCFDP-UHFFFAOYSA-N,
4352,NGQUOKUCKDGULI-UHFFFAOYSA-N,
4353,CPRVTZYGYPQCGM-UHFFFAOYSA-N,
4354,OZGBYIKQANYAOR-UHFFFAOYSA-M,
4355,WPXNANUCGLDPBY-UHFFFAOYSA-N,
4356,FEYZJWZBCXVECM-UHFFFAOYSA-N,
4357,MCCACAIVAXEFAL-UHFFFAOYSA-N,
4358,RJXFBXNLLZLXGV-UHFFFAOYSA-N,
4359,XJLFYFMAIJHEIH-IXWMQOLASA-N,
4360,VLIWNUDATCDSSS-UHFFFAOYSA-N,
4361,LEQCLUFJRGKLOA-AZJHMOOBSA-N,
4362,XPBOSVHDPKPTRS-KINXCBNHSA-N,
4363,YEMYUZHZOZMLBB-IYTRMAQQSA-N,
4364,YDBJWAPWFWLWPM-UHFFFAOYSA-N,
4365,MAKDUUAQIUTFMR-CRICUBBOSA-N,
4366,GYKRKHFXZJTENP-MLCYQJTMSA-N,
4367,JCTQQOMBIBQXIN-JLCFBVMHSA-N,
4368,KYTKOCVFNCZSSC-PSLIWGKLSA-N,
4369,LNWOKEZJIRLIDO-FCFWMCEOSA-N,
4370,LTKNPCBWFPJZHN-UHFFFAOYSA-N,
4371,NPNUFJAVOOONJE-GFUGXAQUSA-N,
4372,OBTIKAOBUGEQKB-UHFFFAOYSA-N,
4373,FVIXUPFAKHRCDJ-SNVBAGLBSA-N,
4374,JQXKFGBOUMZTHL-NTEUORMPSA-N,
4375,VDQWILGPYMYQDK-UHFFFAOYSA-N,
4376,CQWUAFIQKBZOAW-IDUWFGFVSA-N,
4377,WDWPULBPXBZDDC-UHFFFAOYSA-N,
4378,UQFJBOVEOZHVIP-UHFFFAOYSA-N,
4379,YZQWECMAHIKEMU-OUCADQQQSA-N,
4380,ULBHLEQBYZRBTN-UHFFFAOYSA-N,
4381,KIKBEQTUAIDKPB-UHFFFAOYSA-N,
4382,BUGLIFVJYAWQBD-CIAFOILYSA-N,
4383,SKHSDXFQRUQZAG-UHFFFAOYSA-N,
4384,JCGJNLJSSSNROM-UQNWOCKMSA-N,
4385,VSTCTLPTEFNPSS-CVKSISIWSA-N,
4386,MKIGMPSDMNXEHJ-UHFFFAOYSA-N,
4387,QKAQPMIIFZVJKK-UHFFFAOYSA-N,
4388,RPOKISRPDRUXOJ-LQKURTRISA-N,
4389,ANWCCOIQPJIQLQ-UHFFFAOYSA-N,
4390,ZTUYFLUTMVSKRJ-UHFFFAOYSA-N,
4391,GVLSXTZYHBZMOD-MNNMKWMVSA-N,
4392,GEZQBWZWZWILMT-FQECFTEESA-N,
4393,ZMHZTWVVIRYIQX-UHFFFAOYSA-N,
4394,YFCLBTGNURKPPX-UHFFFAOYSA-N,
4395,HHFAKCCLPZMGAB-UHFFFAOYSA-N,
4396,VKRKHDCMNQLYKM-UHFFFAOYSA-N,
4397,KZWBNNXTWZPPPP-UHFFFAOYSA-N,
4398,IJLZJMXSMXMVHL-UHFFFAOYSA-N,
4399,JECPBZVCLNAIGU-UHFFFAOYSA-N,
4400,CKTUXSRWQPNFGY-UHFFFAOYSA-N,
4401,BXPYOYPELRFWRG-UHFFFAOYSA-L,
4402,ILROKGAXBGPFAI-UHFFFAOYSA-N,
4403,XHVMCCOBBYQUFX-UHFFFAOYSA-N,
4404,RFCQIYCQPYAQKC-UHFFFAOYSA-N,
4405,NMPLXCYYTOIGAX-PWNYCUMCSA-N,
4406,CVTWKAFNEUIIKL-UHFFFAOYSA-N,
4407,RBCJMCPHOJDFNX-UHFFFAOYSA-N,
4408,GGYNYNBCTXCNRF-UHFFFAOYSA-N,
4409,SZCLLZGURKFTOL-BJQRDSPESA-N,
4410,MYLGMEPQXTZARC-OQLLNIDSSA-N,
4411,POEXTYGXQORBDL-UHFFFAOYSA-N,
4412,TUVCEGXZUUIOHJ-LFYBBSHMSA-N,
4413,RPHSROADDIXXRI-OVCLIPMQSA-N,
4414,NUFCTNHLXAVXGC-UHFFFAOYSA-N,
4415,LBJLSCITQUDAQD-UHFFFAOYSA-N,
4416,KNVRSNGORYIZSS-UHFFFAOYSA-N,
4417,IXKIZPGJCKVQGU-UHFFFAOYSA-N,
4418,MXRJKOAJWJXQEG-UHFFFAOYSA-N,
4419,KGRSOFLMAIQTBG-YPMHNXCESA-N,
4420,JXYOTCLICONIGY-UHFFFAOYSA-N,
4421,LQLSZSURMCEKFF-HZJYTTRNSA-N,
4422,RHLLIMOKINBHSE-UHFFFAOYSA-N,
4423,MGBJKHBGFRGRRT-MHUJIAIDSA-N,
4424,AUCUDCOHUCYOGR-UHFFFAOYSA-N,
4425,KNSJNBBBFRZCID-QAHSZDQVSA-N,
4426,WARATFRGJFZRRO-MDWZMJQESA-N,
4427,WZSPYFWIIPMABV-GZTJUZNOSA-N,
4428,OYSQRHBBGFUUOF-AOLDMILESA-N,
4429,VVZFGPAKYIHETJ-LZYBPNLTSA-N,
4430,NMXGMBBAZJBMNZ-RIYZIHGNSA-N,
4431,RVRGSYPWIMYFEN-MDWZMJQESA-N,
4432,ZALKUFOOXWBXGO-UHFFFAOYSA-N,
4433,BJDCWCLMFKKGEE-ISOSDAIHSA-N,
4434,CIWNUMRVLNMGCJ-UHFFFAOYSA-N,
4435,CQKHFRBCZXHKDU-UHFFFAOYSA-O,
4436,AWFKWSSQKRKAER-UHFFFAOYSA-N,
4437,DNWGOVCPCLJUDO-UHFFFAOYSA-N,
4438,TXTHGEBIRWTCGO-UHFFFAOYSA-N,
4439,WTZMWVYGTPUZFA-IRXDYDNUSA-N,
4440,UJLPKHADLWCDAC-UHFFFAOYSA-N,
4441,FADRXFGVHRRFFH-UHFFFAOYSA-N,http://coconutKG.aksw.org/data/molecule/1000000
4442,XPQHNZUKEYTJNB-LLVKDONJSA-N,
4443,DOUKSEJSZOXDNX-WLRTZDKTSA-N,
4444,HXADYWMTXOVLGI-VIZOYTHASA-N,
4445,LXRQLYFWHPDMEA-VGOFMYFVSA-N,
4446,UOZNVAAVDGJTLI-UHFFFAOYSA-N,
4447,QNDNREMYVZXMDV-UHFFFAOYSA-N,
4448,XNYOPDWPJFUYRV-UHFFFAOYSA-N,
4449,RNVMJWXSJBTWTP-UHFFFAOYSA-N,
4450,OQOJAQHPPFUCRM-SVOBVALRSA-N,
4451,UWPJSEOQLMGKAS-JAMVSGQDSA-N,
4452,GNPNDTBHQUBMFL-XZVFWACVSA-N,
4453,ULJISGNQAXNPOC-UHFFFAOYSA-N,
4454,WMBANUHURZVMMK-UHFFFAOYSA-N,
4455,RVAXLDKPGZSWRK-UHFFFAOYSA-N,
4456,SJJVAXMSZLVBMY-UHFFFAOYSA-N,
4457,JUFIXQDRZJXSFE-UHFFFAOYSA-M,
4458,SSWWVBAIMFYRSI-UHFFFAOYSA-N,
4459,QYUQRGXIYNUYLQ-UHFFFAOYSA-N,
4460,LGSFGFSFIHSWAC-UHFFFAOYSA-N,
4461,LDFWEYVSIXIDAD-UHFFFAOYSA-N,
4462,ODFXNYIMNBBYHF-UHFFFAOYSA-N,
4463,GCMHBHBSRRNKRX-UHFFFAOYSA-N,
4464,GIQLSYUQGQPQSU-UHFFFAOYSA-N,
4465,YJNZTAMBTNJWKY-UHFFFAOYSA-N,
4466,NZSSKHOCGBXKMF-LOACHALJSA-N,
4467,BPHIDTJWFZXDFM-UHFFFAOYSA-N,
4468,NWQIHPVYNJCIGW-UHFFFAOYSA-N,
4469,SFQXJJTXVFIICC-UHFFFAOYSA-N,
4470,RWSFRGXZTWPLMD-UHFFFAOYSA-N,
4471,HHAMPHZRNKWHGW-UHFFFAOYSA-N,
4472,LCLMVMCRIVQPLS-UHFFFAOYSA-N,
4473,RYIPYCXXJUGSDC-UHFFFAOYSA-N,
4474,ULJWSSHLAKGIKW-UHFFFAOYSA-N,
4475,GNJOOPJLVRSFOR-UHFFFAOYSA-N,
4476,GHOAAQNTMSUFIF-ZVBGSRNCSA-N,
4477,LJJAHAHAFNQWBY-MTJSOVHGSA-N,
4478,WQFZXPBMLGMQBO-UHFFFAOYSA-N,
4479,YYOIHQLDXPSXBS-WYMPLXKRSA-N,
4480,OENCOMCAKZMENU-WYMPLXKRSA-N,
4481,VYWAQJDQRSPIFL-UFFVCSGVSA-N,
4482,JNWKAKTVAACCHF-UVHMKAGCSA-N,
4483,MUXXUJRWIFQDOZ-RUINGEJQSA-N,
4484,SCWBAEJPJWWUBB-UHFFFAOYSA-N,
4485,SFLADFRNFUBXOL-UHFFFAOYSA-N,
4486,FDIRGEKGHSJYDA-UHFFFAOYSA-N,
4487,BQLXZNLDFWFSKJ-REZTVBANSA-N,
4488,XNOSHWKNNVMTIA-JKDDQTOVSA-N,
4489,HOIDASLWXXTAIP-UHFFFAOYSA-N,
4490,NIUTVBDATQFASJ-UHFFFAOYSA-N,
4491,GRCYUZFKNZGSHX-UHFFFAOYSA-N,
4492,JKWOWWLZRJZDLN-UHFFFAOYSA-N,
4493,ZCVKSSVHTLGOKT-UHFFFAOYSA-N,
4494,OSVWOMBSJDRKOJ-UHFFFAOYSA-N,
4495,IIZMOZQQOYEMMW-UHFFFAOYSA-N,
4496,KRQQFATWNLFZDV-UHFFFAOYSA-N,
4497,OOTOAIYSZNCDHJ-UHFFFAOYSA-N,
4498,UMIYDJABOQOTHY-UHFFFAOYSA-N,
4499,YZPPFMNTCZRJLG-UHFFFAOYSA-N,
4500,UTYCTJCCQWISPS-UHFFFAOYSA-N,
4501,UEXVWOCLJNJJIW-UHFFFAOYSA-N,
4502,HQXJMCAVWITYKO-UHFFFAOYSA-N,
4503,HINMXWWJEWHULN-UHFFFAOYSA-N,
4504,VNYOIFPMYZMFHI-UHFFFAOYSA-N,
4505,CHBHNYVRFILVPE-UHFFFAOYSA-N,
4506,NUTHUWJMSUATNV-UHFFFAOYSA-N,
4507,YICLURATBJNSEL-LPVXAABHSA-N,
4508,SIZQPPLCBWCCBP-MGMVUIRKSA-N,
4509,ITGSDEJPZHATSC-QURUNPFMSA-N,
4510,WCWAGVNAYQDLJO-UHFFFAOYSA-N,
4511,VXWVAKZIXDDEAA-UHFFFAOYSA-N,
4512,FGEHBYDXJNEKTR-UHFFFAOYSA-N,
4513,AROMOXSCAOFSNH-UHFFFAOYSA-N,
4514,SATRHBOTXDYRHX-UHFFFAOYSA-N,
4515,CYFVZMRZYLRIRG-UHFFFAOYSA-N,
4516,PSTZAAKKPZCWKU-UHFFFAOYSA-N,
4517,IHSULLIOIVLTAX-UHFFFAOYSA-N,
4518,JBMGTRUHKILUNG-UHFFFAOYSA-N,
4519,RSLOEWWFMIZYMA-UHFFFAOYSA-N,
4520,PFXGUQXZQCMMHB-UHFFFAOYSA-N,
4521,ACSVFUACEODJDN-VJQVOXFUSA-N,
4522,XVTXAVHPDMQBOS-LZJCXSABSA-N,
4523,NLDQNXPJJNOIIK-PNRGXICFSA-N,
4524,DGDJROQLWLBOSE-BCQCSXDESA-N,
4525,ACSVFUACEODJDN-BRUQSJHLSA-N,
4526,XRQZLWJZJPCXTO-CYBMUJFWSA-N,
4527,FEUQGOSXYWMIGR-UHFFFAOYSA-N,
4528,WQFXHCSMLAKBQJ-LZJCXSABSA-N,
4529,CGPZSHRBVVYZOD-ZDUSSCGKSA-N,
4530,VMQAPKFFGREECG-SNVBAGLBSA-N,
4531,IZKCCLQXCMYZBL-LLVKDONJSA-N,
4532,QZOXWSKLFOUEKD-UHFFFAOYSA-N,
4533,HSMDOSKNXLVXIP-QVEMZERUSA-N,
4534,CYLQSTSNYGCAPF-UHFFFAOYSA-N,
4535,XSTXGIIZMXYPDJ-UHFFFAOYSA-N,
4536,HSHRKZOPSVBFPT-UHFFFAOYSA-N,
4537,FTPCUGHCFKLABN-UHFFFAOYSA-N,
4538,HAUXWSFNSJPJBM-UHFFFAOYSA-N,
4539,DRQPQGJCMCMGNE-UHFFFAOYSA-N,
4540,BQXPLSLDXAOCDJ-UHFFFAOYSA-N,
4541,HVPXCCMCQGTMRU-UHFFFAOYSA-N,
4542,KACPFNVXZVUZTK-UHFFFAOYSA-N,
4543,PRWWUYQDFKJMBM-UHFFFAOYSA-N,
4544,GRQYACUHSSQQDO-UPHRSURJSA-N,
4545,FBQHOOCDPPHKDD-IHWYPQMZSA-N,
4546,HOQNWFMZYTUIDP-HWKANZROSA-N,
4547,SPKVWJQJYZKXFV-LICLKQGHSA-N,
4548,RQRHDHANFJUBCZ-UHFFFAOYSA-N,
4549,SHUQFXIRXYXNOZ-HCFISPQYSA-N,
4550,YWRLUOURIMRHED-ASSNKEHSSA-N,
4551,KSSLPAARWLJEOL-UHFFFAOYSA-N,
4552,TYUKEPCDTUBRMJ-UHFFFAOYSA-N,
4553,MNQIVQDBRKXHEM-UHFFFAOYSA-N,
4554,IQPNAANSBPBGFQ-UHFFFAOYSA-N,
4555,MPENUCBKXGZRPD-UHFFFAOYSA-N,
4556,UMWAFTCCAGNLMN-BYHVZLFPSA-N,
4557,XYCDBTJKGMFINX-UHFFFAOYSA-N,
4558,VJLBMVYQNGKUEX-UHFFFAOYSA-N,
4559,OMNHETUTXPCQKF-UHFFFAOYSA-N,
4560,HYQGHTGCEQUGBT-UHFFFAOYSA-N,
4561,HSENTBBQIALNPX-WUXMJOGZSA-N,
4562,FIJYOQYJGIYCIK-XMHGGMMESA-N,
4563,BQKAOWGHBULYNT-UHFFFAOYSA-N,
4564,FWHSFLYUUHBTEC-VQFVYSGASA-N,
4565,VQEWDVVMGSEDMV-UDWIEESQSA-N,
4566,QIEBXAOFFZLTDB-UFWORHAWSA-N,
4567,CIJSLPMGMKJPRE-UHFFFAOYSA-N,
4568,JQAPWEXPNOVVJX-UHFFFAOYSA-N,
4569,IQCPNXMXSYXVQJ-XDHOZWIPSA-N,
4570,IWNUQKTYIYGTEN-UHFFFAOYSA-N,
4571,GONAJKZPOUIDTD-UHFFFAOYSA-N,
4572,XQSLXKHTFKSYQW-UHFFFAOYSA-N,
4573,HFCPYXNJURXIQP-UHFFFAOYSA-N,
4574,UICHFTGMXUMBLQ-UHFFFAOYSA-N,
4575,SNAZFULXPXUFDR-UHFFFAOYSA-N,
4576,DUHVRJKHZBXJPK-UHFFFAOYSA-N,
4577,OFMIIQLTLSPRQI-UHFFFAOYSA-N,
4578,GPOIPVRAQNIIHX-TYABSZSSSA-N,
4579,RNFJQYKAPVQRKP-UHFFFAOYSA-N,
4580,UTXQMWRYJYCXFN-UHFFFAOYSA-N,
4581,UNWJGSHBRQINMG-UHFFFAOYSA-N,
4582,QKEBTUDWORBKMM-BDQAORGHSA-N,
4583,XTUNAMMVUMOWCF-UHFFFAOYSA-N,
4584,DILXUERTWFODOY-UHFFFAOYSA-N,
4585,BOWRXIFGBGVJEP-UHFFFAOYSA-N,
4586,HJGUAHXOVVOFMZ-UHFFFAOYSA-N,
4587,NXGHEDHQXXXTTP-UHFFFAOYSA-N,
4588,FQQVGYUCQVVSAE-DHZHZOJOSA-N,
4589,FGINLUYCGMNEEW-UHFFFAOYSA-N,
4590,ZSRJLXBXSROVAR-UHFFFAOYSA-N,
4591,XCIGYDSRMPHJCR-UHFFFAOYSA-N,
4592,MOCPXOHLIRGAAR-UHFFFAOYSA-N,
4593,XDWITQCMZJNWMM-UHFFFAOYSA-N,
4594,LVHBEPQFMJQKST-UHFFFAOYSA-N,
4595,PBGRWOYGHSSVKH-UHFFFAOYSA-N,
4596,HXXLHGLOHDFIOP-UHFFFAOYSA-N,
4597,VCYQOAWUFUFQHO-UHFFFAOYSA-N,
4598,RXGIPBROYAAXME-UHFFFAOYSA-N,
4599,WOGNYOHGZLVUOP-UHFFFAOYSA-N,
4600,AHHAUSDPPBUIGC-UHFFFAOYSA-N,
4601,WETSGMIERGWCKF-UHFFFAOYSA-N,
4602,HFFATKVIGWEGTP-NRQQLHKUSA-N,
4603,ZHQPICIVUGVQMO-HFEXRDJISA-N,
4604,XZIRYNXKJWFUHW-UHFFFAOYSA-N,
4605,QYURSXWPJQJRQJ-UHFFFAOYSA-N,
4606,YTJBEFHIUNRVAA-UHFFFAOYSA-N,
4607,ZEUHFMMYXOUNTP-UHFFFAOYSA-N,
4608,PLZJJSMEUIORLI-FYJGNVAPSA-N,
4609,UKSIHIRVWOBGEW-FNEGYYEFSA-N,
4610,OLYQHGIQYQKEEW-UHFFFAOYSA-N,
4611,VJIWWQYBJJTYSK-UHFFFAOYSA-N,
4612,QFVDKARCPMTZCS-UHFFFAOYSA-N,
4613,GNNLGOQVCVIUDI-UHFFFAOYSA-N,
4614,MCPYFZZYCDSJLZ-UHFFFAOYSA-N,
4615,TUMIGHLOHBQEQM-JOCHJYFZSA-N,
4616,LTCSZLMEYDBYJW-UHFFFAOYSA-N,
4617,GGAMCBQGVKOIRI-UHFFFAOYSA-N,
4618,ALKVWNUCKPFXOV-UHFFFAOYSA-N,
4619,GMJCQWVIXYTWNV-UHFFFAOYSA-N,
4620,MMFGAGMYSSLOEL-UHFFFAOYSA-N,
4621,DHGBHGKSBRNXGH-UHFFFAOYSA-N,
4622,LXNAXGDAPNEWHW-UHFFFAOYSA-N,
4623,HJWGKIGUMZLSQD-SRZZPIQSSA-N,
4624,BURSBQLPMYQBJO-RGVLZGJSSA-N,
4625,MHOCMGDGHLUDRV-OEAKJJBVSA-N,
4626,CAHMVTNCQXNXSV-VCHYOVAHSA-N,
4627,NESOUKKWAFURKG-FZSIALSZSA-N,
4628,MIJRAEYKZPLMFD-UHFFFAOYSA-N,
4629,HXSGXRQLKHRBGT-UHFFFAOYSA-N,
4630,RMDZZEOZPZSBMK-UHFFFAOYSA-N,
4631,MGBRBAHJNITKCV-UHFFFAOYSA-N,
4632,AAJDYILIETUGCI-UHFFFAOYSA-N,
4633,CQZLNPXEFGITEZ-UHFFFAOYSA-N,
4634,PKBYRHZDTRKVSY-UHFFFAOYSA-N,
4635,HINNHOVESZQNMS-UHFFFAOYSA-N,
4636,ZMPYYOWITQIYDF-UHFFFAOYSA-N,
4637,IZXRHZMYVQOHFS-UHFFFAOYSA-N,
4638,UUSQVTZBPLYRHV-UHFFFAOYSA-N,
4639,SDILXMMGAIISCW-WQWAHSDSSA-N,
4640,TTWWLORBXMIEAJ-CMDGGOBGSA-N,
4641,HLVCZACFRHNBEH-VOTSOKGWSA-N,
4642,DTAUOISYROFHCI-ZHACJKMWSA-N,
4643,MTHCJDQBQMRBND-MDZDMXLPSA-N,
4644,HAIRUBAWLBUWML-HWKANZROSA-N,
4645,CHRYCFWKKSYWFB-GUYCJALGSA-N,
4646,NWZWEGAUPAOXBG-UHFFFAOYSA-N,
4647,WJCRNEJVPVXHJG-NHYWBVRUSA-N,
4648,MXLRQASISRRBSG-CQSZACIVSA-N,
4649,RXZIPZHLSWWUFL-UHFFFAOYSA-N,
4650,VBAUETWQGFXKIE-REZHQCRGSA-N,
4651,ZKTQNVXLUVNDFA-UHFFFAOYSA-N,
4652,SMHFGWYBNDQVBK-UHFFFAOYSA-N,
4653,CDHJYZMCVWPQJA-UHFFFAOYSA-N,
4654,HADABSARLVHTKW-UHFFFAOYSA-N,
4655,ZOOMOAJHSVDRKI-UHFFFAOYSA-N,
4656,HUAPLYIQENEPKT-UHFFFAOYSA-N,
4657,UUYIWDOHTITXDP-UHFFFAOYSA-N,
4658,IRYQVDIRGXDMSE-UHFFFAOYSA-N,
4659,TYJJQFVQFCQFAM-UHFFFAOYSA-N,
4660,ADHZHNMEVNJOQS-UHFFFAOYSA-N,
4661,UEQQSUPEYPUIBA-UHFFFAOYSA-N,
4662,QNQWTNLIDGLDJL-UHFFFAOYSA-N,
4663,WNOTZTPYZAXBLY-UHFFFAOYSA-N,
4664,DKMQJBJEDYVQCF-UHFFFAOYSA-N,
4665,WZTUBPNJZVZKMC-UHFFFAOYSA-N,
4666,LMZHAKUXAHOCST-VNTMZGSJSA-N,
4667,GJOKKESJYZRCJM-UHFFFAOYSA-N,
4668,QFDADQYQJPKKPR-UHFFFAOYSA-N,
4669,IWORGYSVDFCXQY-UHFFFAOYSA-N,
4670,NYNQCFFBRTVGNL-UHFFFAOYSA-N,
4671,WVEMPEQBPCVFMD-JIZJOQGFSA-N,
4672,XBWCGRKBAOPCHO-QYVSTXNMSA-N,
4673,OIARJOLWLNTRJC-UHFFFAOYSA-N,
4674,JRFCJBAMIBGKTB-WYCPQIHASA-N,
4675,SNVOOIIBCXIPDV-UHFFFAOYSA-N,
4676,MKDPAVZTRCBPMW-CQSZACIVSA-N,
4677,VBUJBHNTSHKXFE-UHFFFAOYSA-N,
4678,ZLHZLMOSPGACSZ-NSHDSACASA-N,
4679,PLDUPXSUYLZYBN-UHFFFAOYSA-N,http://coconutKG.aksw.org/data/molecule/659812
4680,CJAVTWRYCDNHSM-AWEZNQCLSA-N,
4681,IMPMCRSDRGBRGQ-UHFFFAOYSA-N,
4682,HGRUNRAUYWALHI-XICUHNIJSA-N,
4683,ZVEZZFAGMRKHKJ-UHFFFAOYSA-N,
4684,AWUISKCGNWXBNU-UHFFFAOYSA-N,
4685,QZLYHTFNTNXSMR-UHFFFAOYSA-N,
4686,OTCYDUKCGTVZRM-UHFFFAOYSA-N,
4687,LQKTWPNYZAXPQJ-UHFFFAOYSA-N,
4688,HKRRSAXEEWJIKZ-YGUAJHQJSA-N,
4689,IKUOCKBIBSPZEC-JHBFVCEBSA-N,
4690,LZNRCFGKYWYFOB-UHFFFAOYSA-N,
4691,TWKDYRAXHAXGQF-UHFFFAOYSA-N,
4692,LDGSMNCEJSUROL-UHFFFAOYSA-N,
4693,VKYFTQOTVNKSCU-ZVBGSRNCSA-N,
4694,URCMBOKONLZSQR-UHFFFAOYSA-N,
4695,SRXLFXBSEYAIKD-NHYWBVRUSA-N,
4696,NSQSWONNQXCNMU-UHFFFAOYSA-N,
4697,YWCUUZWIODXZPK-UHFFFAOYSA-N,
4698,VSZUAPYSZPDEHJ-UHFFFAOYSA-N,
4699,VSWYGCPHPQYBIQ-VWLOTQADSA-N,
4700,ZXBRNAPMEIGHRB-UHFFFAOYSA-N,
4701,QWRQOWZKPOKHNN-UHFFFAOYSA-N,
4702,RSNQVABHABAKEZ-UHFFFAOYSA-N,
4703,YBOMNVKTGXETTH-UHFFFAOYSA-N,
4704,SFUFIFJAOSZDRG-UHFFFAOYSA-N,
4705,IOMAKMYJEOTXKE-UHFFFAOYSA-N,
4706,ORPAUPVDESUDBT-UHFFFAOYSA-N,
4707,OGMHGCMXNIAXJX-UHFFFAOYSA-N,
4708,JFPBGQOUSGIFEJ-UHFFFAOYSA-N,
4709,LSGGLAYFGMRQAW-UHFFFAOYSA-N,
4710,UOBHHEOOWMXMFQ-UHFFFAOYSA-N,
4711,IALGNXAGTHSBME-UHFFFAOYSA-N,
4712,CWPQKHFRGPKZCE-UHFFFAOYSA-N,
4713,LXDTUHONISOONK-UHFFFAOYSA-N,
4714,FZERQSKAOOUXRG-UHFFFAOYSA-N,
4715,NAUNGXOLCAXCQZ-UHFFFAOYSA-N,
4716,FXAACWMPVQEXMR-UHFFFAOYSA-N,
4717,KDEBGIMNCASXLM-UHFFFAOYSA-N,
4718,PDSVCVIYQCAHPK-UHFFFAOYSA-N,
4719,RRQWNGSEMNJXDW-UHFFFAOYSA-N,
4720,DTIIIBSMXCOVDS-UHFFFAOYSA-N,
4721,DLOKIPLRZLLUNJ-UHFFFAOYSA-N,
4722,SZQXHLKSXDMJKW-UHFFFAOYSA-N,
4723,RHZLKBRFIAZMTN-UHFFFAOYSA-N,
4724,OZYJOQMLIVLHOG-UHFFFAOYSA-N,
4725,UEYKQFKCXMRWNW-UHFFFAOYSA-N,
4726,WNUCKYJPYJTWOD-UHFFFAOYSA-N,
4727,WIVFVYUMESTSJC-UHFFFAOYSA-N,
4728,RPSRHRCHOHZXED-UHFFFAOYSA-N,
4729,NJZLTVVJBFTKAW-UHFFFAOYSA-N,
4730,KOEIWNUJWJSLHO-UHFFFAOYSA-N,
4731,YEZKDQMRCWMZNO-UHFFFAOYSA-N,
4732,GONCPXNUBXWDEU-UHFFFAOYSA-N,
4733,YDVUTDAMJFFBOB-UHFFFAOYSA-N,
4734,FGIPLRYRJRASLL-UHFFFAOYSA-N,
4735,QRNNOWVUVIEQSM-ZDUSSCGKSA-N,
4736,GITZZMVIOAVVDW-HKUYNNGSSA-N,
4737,WHQWOVILMFZHPY-ICSRJNTNSA-N,
4738,RHWAMSPMTXWVKJ-HKUYNNGSSA-N,
4739,SMLKJOQELLRQGH-PKNBQFBNSA-N,
4740,LLTCKWTZVWYLGV-DHZHZOJOSA-N,
4741,VZTRPZCBMVDRHL-UHFFFAOYSA-N,
4742,VHEJVXZRZQHPKF-UHFFFAOYSA-N,
4743,MZHCENGPTKEIGP-UHFFFAOYSA-N,http://coconutKG.aksw.org/data/molecule/368237
4744,LKVCDDMCMDFKKR-UHFFFAOYSA-N,
4745,DJGUBJNSDYCHOS-UHFFFAOYSA-N,
4746,RPYYNECGOSGRFR-HUUCEWRRSA-N,
4747,YPIZAMROBPRJQL-UHFFFAOYSA-N,
4748,PUQOVBCOAMTZQJ-UHFFFAOYSA-N,
4749,VMEAWLAPCVPRBS-AGRJPVHOSA-N,
4750,RNAFPFQMSSGFMW-UHFFFAOYSA-N,
4751,CECNWADVJVMWKM-UHFFFAOYSA-N,
4752,SPKOOQROFBNILJ-OMCISZLKSA-N,
4753,HRNOJIAOMBFMSE-UHFFFAOYSA-N,
4754,YCDRNIZCGKVAJS-UHFFFAOYSA-N,
4755,MQRZCWJGUPUBOJ-UHFFFAOYSA-N,
4756,TUIHEKVHXMMGJQ-UHFFFAOYSA-N,
4757,NXPQVRRSOADWCG-CXUHLZMHSA-N,
4758,XNGOUIPJXIJUFF-FAQOQTRHSA-N,
4759,UDKZRDDWEZHCGR-UHFFFAOYSA-N,
4760,HKAJCXYLYWWFDI-UHFFFAOYSA-N,
4761,LEHCWPXGSDLCRO-YWTUFOKMSA-N,
4762,KUFXOFXRZHCCHT-DHZHZOJOSA-N,
4763,UGANJNHPQXNFEA-DHZHZOJOSA-N,
4764,RLHXKIXREZYQDN-UHFFFAOYSA-N,
4765,QLZGCBZCSBIMKD-UHFFFAOYSA-N,
4766,MDUOJAFGSWUYND-UHFFFAOYSA-N,
4767,QAKDFKKVHYQOIO-UHFFFAOYSA-N,
4768,KKTLJQWKKXJXNF-UHFFFAOYSA-N,
4769,OEECGNGFPFSXNO-UHFFFAOYSA-N,
4770,XOIDMWQXTDILIQ-UHFFFAOYSA-N,
4771,MCSNAXPUEZZHNA-UHFFFAOYSA-N,
4772,KAQJUWJAQURDRA-GIJQJNRQSA-N,
4773,YFBITJKCQQDXFG-YBFXNURJSA-N,
4774,REDMNGDGDYFZRE-WKWISIMFSA-N,
4775,DQXNAJKGKNBTFV-UHFFFAOYSA-N,
4776,OHBPKJQZWMADQO-UHFFFAOYSA-N,
4777,MGLNOCWTGSDLAE-UHFFFAOYSA-N,
4778,AZDFJNOPFXRRSS-UHFFFAOYSA-N,
4779,WBIFHXUFSDBVBW-UHFFFAOYSA-N,
4780,FOOUKAWFWPYWCE-CRICUBBOSA-N,
4781,KZSYKOLWVMHZHD-UHFFFAOYSA-N,
4782,BCKZFDGLHGVYKH-UHFFFAOYSA-N,
4783,BCDKOTJGMDLFRB-UHFFFAOYSA-N,
4784,UHEBJIDHFIIKKT-MLPAPPSSSA-N,
4785,FRZSLHWYVJOSPM-UHFFFAOYSA-N,
4786,XNOYHJHAGGFXKU-SSDOTTSWSA-N,
4787,VVTXECFDYGXGOR-UHFFFAOYSA-N,
4788,ANMVQJHGOQOZLG-UHFFFAOYSA-N,
4789,LFYGUJGWDAXFFQ-JCRWAUQASA-N,
4790,INSBQXWPOAUXGT-VIZOYTHASA-N,
4791,VCLARZUCPJASDL-NTUHNPAUSA-N,
4792,JMULZUQMMLAALR-YRNVUSSQSA-N,
4793,FWRWLRSWPAAQJB-PGRDOPGGSA-N,
4794,QTDJPJGJRUOBGQ-IBGZPJMESA-N,
4795,GLEHKFBMQZCQEX-SFHVURJKSA-N,
4796,ZTZRJOPYKUQYQA-UHFFFAOYSA-N,
4797,UNTZCWFSOYOHII-IBGZPJMESA-N,
4798,HCMAAULZWYRQPP-CHWGNKNJSA-O,
4799,DYZLVRVQIBQAGT-OOAYCMARSA-O,
4800,XPLPIICHCYAVDM-UHFFFAOYSA-N,
4801,PGBYPKLHDHZTSP-UHFFFAOYSA-N,
4802,MBLCWUIGZTUZML-UHFFFAOYSA-N,
4803,VNOVWWBFLYHVMB-UHFFFAOYSA-N,
4804,RJWYCGMUGFYMNR-UHFFFAOYSA-N,
4805,AIOKORCUJNJGMS-UHFFFAOYSA-N,
4806,XENDMSVMBTUJQG-PDGXAJGZSA-N,
4807,KZFIHNHQLJKYGZ-UHFFFAOYSA-N,
4808,HYIMSNHJOBLJNT-UHFFFAOYSA-N,http://coconutKG.aksw.org/data/molecule/29472
4809,YGWCOBJZJJNANM-UHFFFAOYSA-N,
4810,ZTMVYLUFEZSLEU-AQASXUMVSA-N,
4811,MPRVNXNAQWTTEN-UHFFFAOYSA-N,
4812,BAORVJMPOKICFI-YDXFDXBWSA-N,
4813,RANXBKQGNYWKHN-XGTFBJHHSA-N,
4814,GAKKCYPAXCBGGH-UHFFFAOYSA-N,
4815,UKLLCDRXZJNDSI-UHFFFAOYSA-N,
4816,FLASTNKOHXAOAT-UHFFFAOYSA-N,
4817,LAIVEHOJTKGNIZ-UHFFFAOYSA-N,
4818,AZPKJAVLNLXYSC-UHFFFAOYSA-N,
4819,KFDNVAHJNZRUET-XSFVSMFZSA-N,
4820,IGMVWRILYKDKTP-UHFFFAOYSA-N,
4821,ZABYRPJDECIZCI-UHFFFAOYSA-N,
4822,HPHGMOYDIRLTCA-UHFFFAOYSA-N,
4823,JFOXLIAAMVDQHQ-UHFFFAOYSA-N,
4824,XXAIETNIVVDOTG-UHFFFAOYSA-N,
4825,CJTOMCXWECZEIE-UHFFFAOYSA-N,
4826,BUVPFVMNPXPPBN-ICIUVLAYSA-N,
4827,YWJLKDQTPVQHHC-RFVPFORTSA-N,
4828,TWZYCBPLFFITRZ-INIZCTEOSA-N,
4829,PYGWGZALEOIKDF-UHFFFAOYSA-N,
4830,QMAHVAFURJBOFV-UHFFFAOYSA-N,
4831,NLVNWKWBXDAKIC-GHNQEIAISA-N,
4832,RLLRRSUYDAFEAO-UHFFFAOYSA-N,
4833,JYKDEDMACOKPEM-UHFFFAOYSA-N,
4834,SFCCNSBWOYQGSJ-MDZDMXLPSA-N,
4835,XWOSNQDOEDQYOA-UHFFFAOYSA-N,
4836,ZRBUGCYDIVWFQV-JFLMPSFJSA-N,
4837,ZLHZLMOSPGACSZ-UHFFFAOYSA-N,
4838,QPJZKEZONHRCEY-UHFFFAOYSA-N,
4839,AQAJBBFTMFOPRA-CYBMUJFWSA-N,
4840,YCGXOOIDVMCISN-OAHLLOKOSA-N,
4841,QPDHPOAQHQWYCL-OAHLLOKOSA-N,
4842,GDZCJCWXBKCUGH-UHFFFAOYSA-N,
4843,KKZDZTJFDLFERF-UHFFFAOYSA-N,
4844,GVQWKADEEQMGQO-UHFFFAOYSA-N,
4845,NIQCRSHOBPZURY-UHFFFAOYSA-N,
4846,VVZXRGGHERJSFG-ZANVPECISA-N,
4847,UWIHILLUGAWUQF-UHFFFAOYSA-N,
4848,DGMCJLTWFVDVMD-UHFFFAOYSA-N,
4849,WQWBZRVAFAMASC-UHFFFAOYSA-N,
4850,OQDQGSSUGQXEKZ-POYPGSECSA-N,
4851,FSMFTHPDNIOSTO-GHZUAHJPSA-N,
4852,RVYSPOZBHNBUPF-UHFFFAOYSA-N,
4853,FKBOZSKVVKDBIX-UHFFFAOYSA-N,
4854,UIOMASJJPMJQPR-UHFFFAOYSA-N,
4855,VPNSCKHKROQVJB-CDLLBFHKSA-N,
4856,NBPYWGOQCFTMOX-PDTIZXBLSA-N,
4857,YTLSTADDHMJUMW-UHFFFAOYSA-N,http://coconutKG.aksw.org/data/molecule/266536
4858,ROWWBOLHDKNKOW-ILWCCQFWSA-N,
4859,YIZAHWLJQASGTK-LOLOATOISA-N,
4860,NCMIHZULIWOPEH-XXBNENTESA-N,
4861,GOPRMCBDOSYWOP-UHFFFAOYSA-N,
4862,AHKBIMIYSCFROE-UHFFFAOYSA-N,
4863,WXOALCTWATWZFQ-UHFFFAOYSA-N,
4864,YXSZYKQOZQIHET-UHFFFAOYSA-N,
4865,BMTUHUKCAWQLSE-UHFFFAOYSA-O,
4866,FVWLXEMGTPBQRK-UHFFFAOYSA-N,
4867,HQDAVJVZYNPBNT-UHFFFAOYSA-N,
4868,IDKXIEXJYYCQBJ-UHFFFAOYSA-N,
4869,QYGWEAJOMSTHBA-UHFFFAOYSA-N,
4870,KRZPAENRFLPNRU-UHFFFAOYSA-N,
4871,JKSRTOOKBIYYAA-UHFFFAOYSA-N,
4872,HXQMNSQWUMHREA-LKCJXIOFSA-N,
4873,CLJWLZOKIOKORQ-UHFFFAOYSA-N,
4874,VNMWKWVDDVPSBF-UHFFFAOYSA-N,
4875,GFDLOQVUVBBATG-UHFFFAOYSA-N,
4876,YLZFUORCIVHHHD-UHFFFAOYSA-N,
4877,VKKYZYNAWYQWQN-UHFFFAOYSA-N,
4878,UJJWLXPPJYJCBA-UHFFFAOYSA-N,
4879,JFOMKVIXUGVKOM-UHFFFAOYSA-N,
4880,XHHRMHSZKAKSDV-UHFFFAOYSA-N,
4881,MPEZJSYGXVVBLY-UHFFFAOYSA-N,
4882,YUNBRHOGRKHXNG-UHFFFAOYSA-N,
4883,PPNYCLRMTDRLPD-UHFFFAOYSA-N,
4884,XHOIKBBJEDKHDQ-UHFFFAOYSA-N,
4885,RGXXAMTXVCJIHY-UHFFFAOYSA-N,
4886,JDIGPHCBSICQLW-UHFFFAOYSA-N,
4887,IYLHACLYXXXIOJ-UHFFFAOYSA-N,
4888,TZGKWYPKVUZODV-UHFFFAOYSA-N,
4889,OWDSNDZARSGGNT-UHFFFAOYSA-N,
4890,LQBJIJLRWSEEFN-UHFFFAOYSA-N,
4891,AZKSRCSNOOYLKR-UHFFFAOYSA-N,
4892,ACSVFUACEODJDN-CAHKVJEUSA-N,
4893,FUFXQBNEYSALQK-RXFWQSSRSA-N,
4894,ZHTFQYLZBGGPST-BCQCSXDESA-N,
4895,QYCOHMYDSOZCQD-GWEOMKHGSA-N,
4896,SPVOVDWIJLVLIE-UHFFFAOYSA-N,
4897,IATPYCGIQSQCHE-UHFFFAOYSA-N,
4898,AXPNCGCWMWUPSD-UHFFFAOYSA-N,
4899,FIXOLFJVCQWTRN-UHFFFAOYSA-N,
4900,IQXCPELUXWSHGU-UHFFFAOYSA-N,
4901,PYYQRZYUJWWEQF-UHFFFAOYSA-N,
4902,HPQKNJHVWUWAOR-QBSBYYDBSA-N,
4903,DFJHZEDSRLMURN-UHFFFAOYSA-N,
4904,UPNSJJXRKDXDKO-UHFFFAOYSA-N,
4905,XDEYQBFYSKSUPD-UHFFFAOYSA-N,
4906,FJQBCEDWCKWTBL-UHFFFAOYSA-N,
4907,PAYUNELULSPXRL-UHFFFAOYSA-N,
4908,CYKBGUTVHPHJBR-UHFFFAOYSA-N,
4909,MAJQJKCVIFFRSO-UHFFFAOYSA-N,
4910,NEJIHSOYOUJINI-PFXDLPHZSA-N,
4911,VSLWNSSUMFSGFF-DKOLRWHASA-N,
4912,WWJVSOYKRSDSDN-PIRRJUBYSA-N,
4913,WZDXEXPZTFDSDG-HHHXNRCGSA-N,
4914,NGLKZLMYVLMJIP-UHFFFAOYSA-N,
4915,KISYYIILFHZTFF-UHFFFAOYSA-N,
4916,QTCYXLKKMRJOGS-VIZOYTHASA-N,
4917,KKIFMPFVPVZXSI-OMCISZLKSA-N,
4918,HGEUXTMGQBPXFH-FZSIALSZSA-N,
4919,DZYBTFMBDIDEQW-AUEPDCJTSA-N,
4920,MKCHCBNKIKQUQS-UHFFFAOYSA-N,
4921,AJIDJHOAJAYJBE-CPNJWEJPSA-N,
4922,HHWCSSUMRGPJBL-XYKDRVBHSA-N,
4923,LSIBWRLXUWMYEY-YAPJOUOUSA-N,
4924,XVIGUDIVAZTWHC-UHFFFAOYSA-N,
4925,DSNDKLDWEUPORK-UHFFFAOYSA-N,
4926,JMWTVBSPYSWKQI-UHFFFAOYSA-N,
4927,MTPPFJHJMUUPNF-UHFFFAOYSA-M,
4928,FOUDFBGIMTWDEF-WUXMJOGZSA-N,
4929,FGMRZDQBCCTFNZ-UHFFFAOYSA-N,
4930,XQXMTACMRPGPGY-UHFFFAOYSA-N,
4931,BPXPVJOELQTTBT-UHFFFAOYSA-N,
4932,MDMWGCPGXIVTEX-UHFFFAOYSA-N,
4933,WZXQKXFFMSHNGT-UHFFFAOYSA-N,
4934,MBKJQRQUDDBWRW-UHFFFAOYSA-N,
4935,HNNDKAOLAIPQNN-UHFFFAOYSA-L,
4936,RKPYSYRMIXRZJT-UHFFFAOYSA-N,
4937,PBVCQDJIGCYBDI-UHFFFAOYSA-N,
4938,WXDFFMICIXUJCR-WLRTZDKTSA-N,
4939,GKPZDDDFBLZPIF-UHFFFAOYSA-N,
4940,ZOXGLMZRERXNKB-UHFFFAOYSA-N,
4941,GKFMYDYALVUXPQ-MDRPGRNPSA-N,
4942,CXYJDGFUTODYNR-UBFNLWAXSA-N,
4943,WWNQZTCXLXQLRW-LOVVWNRFSA-N,
4944,ILXXSTUBIQGAIO-JLZSVDHQSA-N,
4945,ZZLLDZOITVGADV-UHFFFAOYSA-N,
4946,UCTWSKPOBKSLHG-UHFFFAOYSA-N,
4947,WDAAPIMOAAPJDZ-UHFFFAOYSA-N,
4948,ITVYQBYYHVORIX-UHFFFAOYSA-N,
4949,ZRMKIXVMEJWMDA-UHFFFAOYSA-N,
4950,FGLLEAKHILTZBN-UHFFFAOYSA-N,
4951,GHHJKGHZKBLENT-UHFFFAOYSA-N,
4952,OTRYZUUTWGLODK-UHFFFAOYSA-N,
4953,PDWKVIUQMFGOPE-HSZRJFAPSA-N,
4954,UTBASKFWISCGRG-UHFFFAOYSA-N,
4955,JKNBNGPSUSYQNJ-UHFFFAOYSA-N,
4956,ZGXGKYPLFKJVSY-UHFFFAOYSA-N,
4957,IGTTVTBVOXMHBX-UHFFFAOYSA-N,
4958,AKDYLJQOVXIUNO-UHFFFAOYSA-N,
4959,HAELQGQVVUKSQY-UHFFFAOYSA-N,
4960,ZMCXGJDKSOQALT-UHFFFAOYSA-N,
4961,LKMDHUQJLAYUMB-UHFFFAOYSA-N,
4962,ZWWJQDYHGWJNKT-UHFFFAOYSA-N,
4963,SBIMVQIAZOICDO-UHFFFAOYSA-N,
4964,NBNVTMJQBLRACN-UHFFFAOYSA-N,
4965,QIFTWZQKUPEKIJ-UHFFFAOYSA-N,
4966,ZRYWVKVXIDTJOI-UHFFFAOYSA-N,
4967,NCYCAORENZYUHI-UHFFFAOYSA-N,
4968,YQOXIVHPSZTPIW-UHFFFAOYSA-N,
4969,HTRHEHYMVXCUNT-UHFFFAOYSA-N,
4970,GZBUQSAUJLJQKM-UHFFFAOYSA-N,
4971,UNIFPOREDOQZMZ-UHFFFAOYSA-N,
4972,HGTQTGFHVUOXBW-UHFFFAOYSA-N,
4973,KWAJVDZIZNYOSN-UHFFFAOYSA-N,
4974,IIHKKWJQDOFNTA-UHFFFAOYSA-N,
4975,KTTZGPKODWVFKY-UHFFFAOYSA-N,
4976,OXPFSXZPEOILRC-UHFFFAOYSA-N,
4977,GOEOSMJZWFPGJM-UHFFFAOYSA-N,
4978,IGNYRNDMRNGLJE-UHFFFAOYSA-N,
4979,PQCPJVRAIZRTDD-UHFFFAOYSA-N,
4980,AMEKQAFGQBKLKX-UHFFFAOYSA-N,
4981,FJTLSLROWYUKAH-UHFFFAOYSA-N,
4982,BUHULRAITXLXJH-UHFFFAOYSA-N,
4983,ZWAYJLQYDULZLY-INIZCTEOSA-N,
4984,PNYXJCTWAFKLMT-UHFFFAOYSA-N,
4985,FAPSBXICUQDGNZ-UHFFFAOYSA-N,
4986,ZCNRGRXTOHBZMR-UHFFFAOYSA-N,
4987,BMXGYLGWQNUFMB-UHFFFAOYSA-N,
4988,TWNBIFROENXQMY-UHFFFAOYSA-N,
4989,IIVANZCIAKPPPH-UHFFFAOYSA-N,
4990,HBGBRPOKVKQCON-UHFFFAOYSA-N,
4991,JENVTVUUKICYBH-UHFFFAOYSA-N,
4992,JZICUKPOZUKZLL-UHFFFAOYSA-N,http://coconutKG.aksw.org/data/molecule/514627
4993,STMZTBFQFXDHQE-UHFFFAOYSA-N,
4994,CNGFNNCQXVJZDZ-GZBFAFLISA-N,
4995,VIAMJEXUIHSSEA-UHFFFAOYSA-N,
4996,WZNYAHKZOSGZHM-UHFFFAOYSA-N,
4997,BUXGHJMQZJDKQH-UHFFFAOYSA-N,
4998,VPCYMUXBYLZXEB-UHFFFAOYSA-N,
4999,LNSIIDDYOVTXHK-WVDLQDBSSA-N,
5000,UKLZHMGBGBIUNC-UHFFFAOYSA-N,
5001,YWSYGJGUZGAYSR-UHFFFAOYSA-N,
5002,GAXGLTYOIYYPMV-CMDGGOBGSA-N,
5003,DUUTYQKTGIWGHL-ZHACJKMWSA-N,
5004,HWDNOTQPANWLQD-DHZHZOJOSA-N,
5005,QMDDMCVXYCYGRO-IBGZPJMESA-N,
5006,QCFDFCKHHJAUCE-UHFFFAOYSA-N,
5007,HDNZKYFDDJRSQX-UHFFFAOYSA-N,
5008,DNXOQBKROOMVDB-UHFFFAOYSA-N,
5009,WLRZYYWLJMQHDM-UHFFFAOYSA-N,
5010,XXNASZAYANFLID-UHFFFAOYSA-N,
5011,MDWDMDCECAPTNF-UHFFFAOYSA-N,
5012,VOKMGBFTXWFEQZ-UHFFFAOYSA-N,
5013,IKGXIBQEEMLURG-NVPNHPEKSA-N,
5014,HIXDQWDOVZUNNA-UHFFFAOYSA-N,
5015,VABYUUZNAVQNPG-BQYQJAHWSA-N,
5016,RYBHZNMPMHOBAR-MFRWKCHVSA-N,
5017,BMVJFNLJSZHNNS-ZXRHVTAXSA-N,
5018,HGPHPLYBYLFRRG-CYVLTUHYSA-N,
5019,QCCJCNKQMDSUNX-SRZZPIQSSA-N,
5020,LESJQAOHZOVAQY-JMERFSKESA-N,
5021,YXWALFWDXOZXLM-UHFFFAOYSA-N,
5022,UOHVERHTRSLFEH-UHFFFAOYSA-N,
5023,JBRJUILDTSYJCQ-UHFFFAOYSA-N,
5024,SAQHCMSUQDTMSF-UHFFFAOYSA-N,
5025,LMYVFVBKLTXBPX-UHFFFAOYSA-N,
5026,MSMKPBLXBIUDRN-QREMSCSFSA-N,
5027,NLIQQGMSNJBFNG-UHFFFAOYSA-N,
5028,WEXZIDVFAATCEH-UHFFFAOYSA-N,
5029,QGUUOGCVGZQFNW-UHFFFAOYSA-N,
5030,UMPMNIJNVBZMOD-UHFFFAOYSA-N,
5031,XJQANOXEXMZCLB-UHFFFAOYSA-N,
5032,DDNAODWPWQKSAW-IJNKXORISA-N,
5033,SHPLADCLSRWYLI-ZOFYMTOZSA-N,
5034,XADDLPMJZRDBEQ-UHFFFAOYSA-N,
5035,DTXXCBNIEMHLFQ-UHFFFAOYSA-N,
5036,XBCVHCKFMPQDSV-FHPBCDNASA-N,
5037,PSFZJORHXRNDIL-ZOFVCDQTSA-N,
5038,CGPRWXYKYMIONH-UHFFFAOYSA-N,
5039,BEUUFEHYIXAHOU-UHFFFAOYSA-N,
5040,RMSYDZVXQHLKJU-CXUHLZMHSA-N,
5041,XDPHRZGPXHHHCG-UHFFFAOYSA-N,
5042,YRWIYJODTMGUFQ-UHFFFAOYSA-N,
5043,LGNTZQIHXXXLLH-UHFFFAOYSA-N,
5044,IENYQAIEIIEHTE-UHFFFAOYSA-N,
5045,DWIRVJIYXZLKBW-UHFFFAOYSA-N,
5046,BKZKADMBAHDGRH-UHFFFAOYSA-N,
5047,QYDVLRAVLYMEEV-UHFFFAOYSA-N,
5048,BFLBDFBTHQVGNL-UHFFFAOYSA-N,
5049,QQKYJRSDJMOTSI-UHFFFAOYSA-N,
5050,AWTRJSJHAUPRTB-UHFFFAOYSA-N,
5051,MUKSVQBNGOHYBC-YMZPMMFKSA-N,
5052,SFPGJACKHKXGBH-UHFFFAOYSA-N,
5053,FSYACRSSFSSUBU-RMOVSUMHSA-N,
5054,YZWSNRVLZSNSPQ-UHFFFAOYSA-N,
5055,VMGRDSCIXPOFON-UHFFFAOYSA-N,
5056,MOQNWJSCPYWTQR-UHFFFAOYSA-N,
5057,JVJPNYGWKLOKTR-UHFFFAOYSA-N,
5058,YVFMXQOVHCJUFX-UHFFFAOYSA-N,
5059,IXXFUMUBUIACJY-UHFFFAOYSA-N,
5060,WJNJQDQWGRQWCD-UHFFFAOYSA-N,
5061,YGUJXWRSBKIISC-UHFFFAOYSA-N,
5062,WYEUQKAJSMQNMO-UHFFFAOYSA-N,
5063,QQNUVMRXVVLAAU-UHFFFAOYSA-N,
5064,DHRLFEJASBKCIX-UHFFFAOYSA-N,
5065,PPSIRBXGBCWYRP-ZVHZXABRSA-N,
5066,WMKBBWXQNFSSNO-UHFFFAOYSA-N,
5067,CJWOGMBSFBTXGE-UHFFFAOYSA-N,
5068,DWFVAFCEKXXUSR-RGVLZGJSSA-N,
5069,ZMFZQYAMPBNHEX-UHFFFAOYSA-N,
5070,YQHUFFAPJBBIOG-UHFFFAOYSA-N,
5071,MNXLLNLCSCPREL-UHFFFAOYSA-N,
5072,LGIINPCCICWAHF-UHFFFAOYSA-N,
5073,OELDOOUGHFOMEZ-UHFFFAOYSA-N,
5074,KZJWDPNRJALLNS-LWINXXIXSA-N,
5075,VSFQLRVXYCWZAH-UHFFFAOYSA-N,
5076,IKMDFBPHZNJCSN-UHFFFAOYSA-N,http://coconutKG.aksw.org/data/molecule/4528
5077,UBBLKFCVKXJBRH-GFCCVEGCSA-N,
5078,ULJNCNVUHJSLMF-UHFFFAOYSA-N,
5079,SCXSXROUAUFWSV-UHFFFAOYSA-N,
5080,CCIKOSWCPNPZHF-UHFFFAOYSA-N,
5081,SBGAHYUOJSRTHY-UHFFFAOYSA-N,
5082,XSEMVOCUQUIOJC-SECBINFHSA-N,
5083,JTNDNIZVPRVAJH-CQSZACIVSA-N,
5084,BVARUCMUZAWQLP-UHFFFAOYSA-N,
5085,XGJMHBHRVKZMEX-UHFFFAOYSA-N,
5086,CGAOFGCVDRGRSC-VABKMULXSA-N,
5087,JNRFQDUMCHRUFL-MYKRZTLLSA-N,
5088,CQXXSUOIWVGPIZ-CJLVFECKSA-N,
5089,XNVZBNCNRIXPPY-UHFFFAOYSA-N,
5090,HBUDYOSKHDWTOS-VQTJNVASSA-N,
5091,SJWGGIJOUKBIPF-AWEZNQCLSA-N,
5092,CNHFKGYWIXILJC-UHFFFAOYSA-N,
5093,OSINQNFUFPGLGB-UHFFFAOYSA-N,
5094,HVCQMOJYUXVKJI-OAHLLOKOSA-N,
5095,YHCUCERITCFWSK-UHFFFAOYSA-N,
5096,ADVBYVIGGIGVIF-UHFFFAOYSA-N,
5097,NWGUAWJRTBYMNS-UHFFFAOYSA-N,
5098,CCTAXCDYRZFLMW-UHFFFAOYSA-N,
5099,XCMQALJSZGPWDH-UHFFFAOYSA-N,
5100,FMRMUFKVIAGNEG-UHFFFAOYSA-N,
5101,VPFDQYFKCCJHRQ-UHFFFAOYSA-N,
5102,ZMEPKGMRAHAEBH-QNBNUIMASA-N,
5103,DFBXSDPQWBQIAF-UHFFFAOYSA-N,
5104,PYULNPZPFJBOBJ-LTGZKZEYSA-N,
5105,AGWABNQAXNOSME-RGEXLXHISA-N,
5106,SHATZMLRJAGZOC-UHFFFAOYSA-N,
5107,USEXTQQYAGYNSQ-ZHPHXZAZSA-N,
5108,DEDQDHRGTFPFFT-WOEVYDRPSA-N,
5109,VHVPQPYKVGDNFY-ZPGVKDDISA-N,
5110,GHOSNRCGJFBJIB-UHFFFAOYSA-N,
5111,FBSMERQALIEGJT-UHFFFAOYSA-N,
5112,QAGYKUNXZHXKMR-HKWSIXNMSA-N,
5113,UHNFMINKFGBNHQ-WJDWOHSUSA-N,http://coconutKG.aksw.org/data/molecule/1000000
5114,WWZYKAXPZYSUSP-JFNKQFOPSA-N,
5115,RGLBFUOWQWOEDK-UHFFFAOYSA-N,
5116,FXCKKLUGQMWBDD-UHFFFAOYSA-N,
5117,MZTYHTIOAPBYFN-UHFFFAOYSA-N,
5118,RINXMBCUWUKMEA-UHFFFAOYSA-N,
5119,VFKROSWJOQFOCO-GZLBTCILSA-N,
5120,KSAQOGHOAQCHGP-UHFFFAOYSA-N,
5121,ZBYWMDACAUMCLK-RUWBGJHDSA-N,
5122,IGMPIFIREUDSPR-JDCCHMEXSA-N,
5123,BYCSTMIHRAHFHA-UHFFFAOYSA-N,
5124,FSPFZNBGFJRYRL-UHFFFAOYSA-N,
5125,RGKFOSOARCKXQY-UHFFFAOYSA-N,
5126,MPODRRWNTWVZPI-UHFFFAOYSA-N,
5127,WVIQCGOXMYDDMD-UHFFFAOYSA-N,
5128,BTUHGHDRVVGWIE-UHFFFAOYSA-N,
5129,YPBCMSPIVOLFHK-UHFFFAOYSA-N,
5130,PUOVZWHGCKZBNN-UHFFFAOYSA-N,
5131,XWWWEEIJMDSJOB-UHFFFAOYSA-N,
5132,QAILDFJGVAOWMW-UHFFFAOYSA-N,
5133,OVXBPNNTLIOMHS-UHFFFAOYSA-N,
5134,UFCLZKMFXSILNL-RVXRWRFUSA-N,
5135,AZSDILCNTZUTHM-UHFFFAOYSA-N,
5136,IPEHBUMCGVEMRF-UHFFFAOYSA-N,http://coconutKG.aksw.org/data/molecule/1003778
5137,NNXWGBRKIMLHHS-UHFFFAOYSA-N,
5138,UDVPISVSJFGNII-YPMHNXCESA-N,
5139,AXDXNAJDIXDGGR-KXBFYZLASA-N,
5140,KUDYATBIEOTCGT-UHFFFAOYSA-N,
5141,GIRLHAVOTXUICM-ZBFHGGJFSA-N,
5142,IUCLQTSZROFQRT-LRDDRELGSA-N,
5143,UDRJLOXZZHKSFX-UHFFFAOYSA-N,
5144,ZFXZKZFUVXCQAG-UHFFFAOYSA-N,
5145,AHMXZHIYDRJXEX-UHFFFAOYSA-N,
5146,ACSVFUACEODJDN-NCLPYWGKSA-N,
5147,ACSVFUACEODJDN-NPPPIGHJSA-N,
5148,WDCZXRVTMMJKRP-CUVVAGTFSA-N,
5149,QVKPHTUDZUXENO-NOMHHCBYSA-N,
5150,SLJSOZWQVGRWDV-CUVVAGTFSA-N,
5151,CLJYWDIOKICDKF-UHFFFAOYSA-N,
5152,KUOYLJCVVIDGBZ-UHFFFAOYSA-N,
5153,FUIAQFLBIKSDIA-UHFFFAOYSA-N,
5154,XSHYHGPIMCKDFK-HNNXBMFYSA-N,
5155,MBTZIEKTNFQQHP-UHFFFAOYSA-N,
5156,CWSHQIYLOHFEFL-UHFFFAOYSA-N,
5157,UUIIKHIWTNZYFC-UHFFFAOYSA-N,
5158,LWCFKSYPGFIKDC-UHFFFAOYSA-N,
5159,GFFLRDQKKMJSEU-UHFFFAOYSA-N,
5160,BKHBXVPFKGTFDX-UHFFFAOYSA-N,
5161,KGDQSDVZOFHJRD-UHFFFAOYSA-N,
5162,NODVHZVVPSRKDN-UHFFFAOYSA-N,
5163,LKJVQVMEOMGYGK-UHFFFAOYSA-N,
5164,MDGLBILIYIVOHI-UHFFFAOYSA-N,
5165,XBDASFGJHWAFFE-UHFFFAOYSA-N,
5166,PDOMUHSYNSMZNQ-UHFFFAOYSA-N,
5167,CTGSARFRPRXMNM-UHFFFAOYSA-N,
5168,KJIWOEUDNCLMEY-UHFFFAOYSA-N,
5169,GXGTZVWKVFYSFS-UKTHLTGXSA-N,
5170,NBLARXWEORGJIG-XYOKQWHBSA-N,
5171,PABOXSDDWFGULW-UHFFFAOYSA-N,
5172,PEIYKAKASKDMQX-UNZYHPAISA-N,
5173,BVHGDLUTTJLVQI-DEGBXGGYSA-N,
5174,QLOHWWSWUAXAGS-UNZYHPAISA-N,
5175,FSKXKUGPSKOGHB-GONBZBRSSA-N,
5176,HXRSOYCNABLYMF-UNZYHPAISA-N,
5177,CTKKGXDAWIAYSA-JSAVKQRWSA-N,
5178,YHHASLPGKBJZTI-UHFFFAOYSA-N,
5179,RTBQGLFEIJJNQM-UHFFFAOYSA-N,
5180,FPLMIPQZHHQWHN-UHFFFAOYSA-N,
5181,KHKKFPPNNILVAG-QIFDKBNDSA-N,
5182,JOCVODMEOYQUNA-UHFFFAOYSA-N,
5183,YTMMOSNRPIJSCB-UHFFFAOYSA-N,
5184,ZMZVKSDGNKDYJR-UHFFFAOYSA-N,
5185,WPPWBPLDPXINDN-UHFFFAOYSA-N,
5186,RAJBPHPBEDTSIG-UHFFFAOYSA-N,
5187,UCTIAVHYLKOPAF-UHFFFAOYSA-N,
5188,MNUBQWQLHDHILB-UHFFFAOYSA-N,
5189,QWMJKMZWDSYHEK-UHFFFAOYSA-N,
5190,BTKFYMOPOLNABV-UHFFFAOYSA-N,
5191,YMTNDNUTHQVFCG-UHFFFAOYSA-N,
5192,UNGUIPJLKBKHJJ-UHFFFAOYSA-N,
5193,KSKNAJBVTZCOGI-GFCCVEGCSA-N,
5194,LSRGUBINGREAAD-SSDOTTSWSA-N,
5195,BFGKIVVTPDSBJF-JTQLQIEISA-N,
5196,QGHGJODMFTZBAC-GFCCVEGCSA-N,
5197,OJRFSQGFMITKIW-UHFFFAOYSA-N,
5198,OEANHBHXHMJYQV-UHFFFAOYSA-N,
5199,SMIUVUVGXOZUFW-UHFFFAOYSA-N,
5200,BNNJBWCWRGXSKG-UHFFFAOYSA-N,
5201,GMYQFWCCTIYLPJ-UHFFFAOYSA-N,
5202,LVLBFQCRZJVCBK-UHFFFAOYSA-N,
5203,FBKSAOVRFLIOTH-UHFFFAOYSA-N,
5204,IVXSKBCTDLWJOU-UHFFFAOYSA-N,
5205,DIXHCYQSXOUXLR-UHFFFAOYSA-N,
5206,BOYZKJDOHUCNOO-UHFFFAOYSA-N,
5207,BNGNVHGQPRZEII-UHFFFAOYSA-N,
5208,ZIARYWRGLMALGM-UHFFFAOYSA-N,
5209,NBNINSNSAQTSPL-UHFFFAOYSA-N,
5210,NMSLTXAQVOMQNX-UHFFFAOYSA-N,
5211,SYUQZKYJTZIMRS-UHFFFAOYSA-N,
5212,AHWCTRSEVMPMMY-UHFFFAOYSA-N,
5213,JSYLGLAOMHVTRT-UHFFFAOYSA-N,
5214,YOMHVSVKOIYDPL-UHFFFAOYSA-N,
5215,TWFFCCWENAYHDM-UHFFFAOYSA-N,
5216,OHOPSXLBICSACD-KEBDBYFISA-N,
5217,KTIBTQAECPZEKI-UHFFFAOYSA-N,
5218,ALJAKGHAIYRXKP-SFHVURJKSA-N,
5219,BHIGRCPUJMMBOE-UHFFFAOYSA-N,
5220,OMJRBHJGWUHLPW-UHFFFAOYSA-N,
5221,KMCATZSTDZKZGX-UHFFFAOYSA-N,
5222,LHICSMSRMHKBMH-RQZCQDPDSA-N,
5223,JFYXPMOSASMFOH-VQHVLOKHSA-N,
5224,WGVMKTKFVXONCI-GNBJWYJBSA-N,
5225,SKIHJAAPCWIBJZ-UHFFFAOYSA-N,
5226,XMMCTZLWMRYYDF-FXSINEHXSA-N,
5227,SAZGAGBMXJUBJM-FOWTUZBSSA-N,
5228,SAZGAGBMXJUBJM-VBKFSLOCSA-N,
5229,RPCNHOFRPNYGQT-WQLSENKSSA-N,
5230,UFPHDQSIYIESMO-UHFFFAOYSA-N,
5231,AMDZXSOAYLNZSB-UHFFFAOYSA-N,
5232,FOXJRCHYSMXELS-LYKKTTPLSA-N,
5233,MGJUBFNMMRKDFP-UHFFFAOYSA-N,
5234,MPXDLKZXTLQOEJ-UHFFFAOYSA-N,
5235,HVNWUDKJXGSUJK-UHFFFAOYSA-N,
5236,OFFDABWSQNAUDL-UHFFFAOYSA-N,
5237,CJZXHRANGXJQKP-UHFFFAOYSA-N,
5238,LPIGVEKMIXCXBK-UHFFFAOYSA-N,
5239,USIKCXQLXHGVDD-HNNXBMFYSA-N,
5240,HCEUKUYCMKEOMQ-HNNXBMFYSA-N,
5241,GUTOYIDAOHRPIJ-UHFFFAOYSA-N,
5242,MCUMBKAFZZGSAU-UHFFFAOYSA-N,
5243,XUJGVOYFXMHRHC-UHFFFAOYSA-N,
5244,QKJHTDPOTJRZOH-DGDFFNOKSA-N,
5245,IYRMWMYZSQPJKC-UHFFFAOYSA-N,http://coconutKG.aksw.org/data/molecule/244110
5246,PMOWTIHVNWZYFI-AATRIKPKSA-N,
5247,PQIYBOGKAOTRJE-BQYQJAHWSA-N,
5248,YWVFULGTHCQCNK-KRXBUXKQSA-N,
5249,OFPXNFWRTGJVGT-HJWRWDBZSA-N,
5250,JCDQIFZYGBRUER-UHFFFAOYSA-N,
5251,YXTSXRAOMZGEAR-UHFFFAOYSA-N,
5252,BKAGEDZBILNZHR-UHFFFAOYSA-N,
5253,JPWMRQZYTCWJHW-SAPLOEGBSA-N,
5254,HMIMFARHABPIQA-UHFFFAOYSA-N,
5255,NMSWZBMSNSJGMU-UHFFFAOYSA-N,
5256,RXZMYLDMFYNEIM-UHFFFAOYSA-N,
5257,XFSYGJBPBTWLFR-UHFFFAOYSA-N,
5258,WEUCDJCFJHYFRL-UHFFFAOYSA-N,
5259,SYGGSEFCGGPAOU-UHFFFAOYSA-N,
5260,MDPWPJTXUKMLPS-UHFFFAOYSA-N,
5261,BMPMKPZXDLRRRE-WTHIONNESA-N,
5262,FUWNTQDEXKKARW-BMCDEEFISA-N,
5263,GWILOLFSRJJVCU-UHFFFAOYSA-N,
5264,JPPJHGFUKBIOIU-CAOOACKPSA-N,
5265,UJVTZFKTQKBJAV-XVNCSPBISA-N,
5266,ZREZFCUYENPRNN-UHFFFAOYSA-N,
5267,NOUGRYXCTYMVAY-UHFFFAOYSA-N,
5268,SGMOYOWQEDTEKP-UHFFFAOYSA-N,
5269,GSOYKOOBWAVEGP-UHFFFAOYSA-N,
5270,GHWXGIMICMXCPZ-UHFFFAOYSA-N,
5271,HIDBFCAYHFMHLE-UHFFFAOYSA-N,
5272,ZXCVEHRYSFGRQC-UHFFFAOYSA-N,
5273,FESDUEKQTJDMIO-UHFFFAOYSA-N,
5274,WBVWFZSLXCNIPF-UHFFFAOYSA-N,
5275,NFGQENMSXXKFRK-UHFFFAOYSA-N,
5276,MCSHOSNZFFLYOV-UHFFFAOYSA-N,
5277,LLEMLWPKQLKPMB-UHFFFAOYSA-N,
5278,JGTDDIFYKLEQAT-UHFFFAOYSA-N,
5279,IXUWKDINJWESQG-UHFFFAOYSA-N,
5280,KPIBIWBYXMUZLO-UHFFFAOYSA-N,
5281,NIFJAUFSLDXEQK-UHFFFAOYSA-N,
5282,YJJSGDCDWLLRQO-CQSZACIVSA-N,
5283,CAOKUKJHHBJUPD-OAHLLOKOSA-N,
5284,HYOIVGVCBYUOML-OAHLLOKOSA-N,
5285,XTAPWFPFCADWTR-MRXNPFEDSA-N,
5286,GNRFCPSZXMOCIV-CYBMUJFWSA-N,
5287,IVKZYCCYHBNVHH-OAHLLOKOSA-N,
5288,ODANWMOQWMHGCY-UHFFFAOYSA-N,
5289,WFHLXOBAUMFTBL-UHFFFAOYSA-N,
5290,XFFRWDCNRXQMFT-GIJQJNRQSA-N,
5291,PQFALYYWIDGKOI-IBGZPJMESA-N,
5292,KUWINLNPZYKQDK-UHFFFAOYSA-N,
5293,ZABMJUFOWYWDJT-HFGPDCRMSA-N,
5294,CSBAXPXMCAOVNJ-SXWLGAASSA-N,
5295,SLBCXQBDHJOUMB-UHFFFAOYSA-N,
5296,NYJBTJMNTNCTCP-UHFFFAOYSA-N,
5297,ZIVZUVKIMJEUFS-UHFFFAOYSA-N,
5298,SYWVVOVITPAKPU-UHFFFAOYSA-N,
5299,WCJVICQJLSYOTE-BYHVZLFPSA-N,
5300,QLKSLIJLKIAWJY-UHFFFAOYSA-N,
5301,ONQKSKDLYYDFLL-UHFFFAOYSA-N,http://coconutKG.aksw.org/data/molecule/829489
5302,WOCXQMCIOTUMJV-UHFFFAOYSA-N,
5303,ILFDNNIRTMBPKD-UHFFFAOYSA-N,
5304,VGCCVVITVVTEGF-CPNJWEJPSA-N,
5305,XBTQJVHMBFVQGV-XJIJWBGUSA-N,
5306,JPJOZVOMEOKJGH-BQYQJAHWSA-N,
5307,IAZGQPDIYDSMNH-NTEUORMPSA-N,
5308,FMGWULABPNJNIC-CBLIMTQZSA-N,
5309,POXJBZZKCVHQAW-WOXYBUCVSA-N,
5310,MNWPAKFIQYOFGM-ALZOZDESSA-N,
5311,YNPDCRSCSRUBQT-XDHOZWIPSA-N,
5312,GXBCCUBTQFNGFA-BJMVGYQFSA-N,
5313,WTCPLOBIXHZWKM-BJMVGYQFSA-N,
5314,LCHNKWHULBYWPP-AWNIVKPZSA-N,
5315,FKNQUDXYHMKGIO-UHFFFAOYSA-N,
5316,JTWWGOJGERXGGR-UHFFFAOYSA-N,
5317,KDWFBJPGXAUWPV-UHFFFAOYSA-N,
5318,KFJFZYKLMBZLLG-UHFFFAOYSA-N,
5319,YZLRYEXQPAXUDX-WRECJYPKSA-N,
5320,SCNCCXLDYSNLIJ-UHFFFAOYSA-N,
5321,LUKAYYUAJJXCCI-UHFFFAOYSA-N,
5322,SQCYGVGSFMDQJD-UHFFFAOYSA-N,
5323,JIYYQZFSXJBCAE-UHFFFAOYSA-N,
5324,DWVNKZJYXAUGJZ-LXKWBGADSA-N,
5325,KVSUAUJOEOLSOZ-UHFFFAOYSA-N,
5326,RNMDYGUAEZHRML-UHFFFAOYSA-N,
5327,OSJCWPANCTYEQS-UHFFFAOYSA-N,
5328,ZGANUFZIVOUJTQ-UHFFFAOYSA-N,
5329,YMTINGFKWWXKFG-UHFFFAOYSA-N,
5330,KUILGVAQGOBXDL-UHFFFAOYSA-N,
5331,WKIYAQHBUASEEQ-UHFFFAOYSA-N,
5332,GPWRFCMBQARQFA-UHFFFAOYSA-N,
5333,OPFUGESPRDZFKR-UHFFFAOYSA-N,
5334,PKNYLIKZEGFYRC-UHFFFAOYSA-N,http://coconutKG.aksw.org/data/molecule/57032
5335,SNFBDAOPCBBJJN-UHFFFAOYSA-N,
5336,AUWFNRLZSDSEDU-UHFFFAOYSA-N,
5337,HYYZMQMAFHNIDW-UHFFFAOYSA-N,
5338,MKXOTOYVMSEYHA-UHFFFAOYSA-N,
5339,HWVUSVQRMTZJTO-UHFFFAOYSA-N,
5340,PDPQBBACYCZKJH-UHFFFAOYSA-N,
5341,LZYZEXVZUFXUKL-UHFFFAOYSA-N,
5342,KHKKFPPNNILVAG-JTGIGXABSA-N,
5343,OFNRRJIDWMSULE-YVZMLIKISA-N,
5344,MDVVVQXRYFFKIA-UHFFFAOYSA-N,
5345,AYQKIBOBFAZBCX-UHFFFAOYSA-N,
5346,WNZRVIBSBSVTIR-UHFFFAOYSA-N,
5347,JKZIHTVDOWOJTC-UHFFFAOYSA-N,
5348,KRUGZMIVPLKZRZ-UHFFFAOYSA-N,
5349,UTQRIOBWBSBXPN-UHFFFAOYSA-N,
5350,ZWACZQHGJUMQPG-UHFFFAOYSA-N,
5351,SCEVFJUWLLRELN-UHFFFAOYSA-N,
5352,UZLRNDHSQJVNMP-UHFFFAOYSA-N,
5353,MMLWEUPERJVWNQ-UHFFFAOYSA-N,
5354,DXXQUQXHIHRQBC-UHFFFAOYSA-N,
5355,ZGMMVVYGDFQTBB-UHFFFAOYSA-N,
5356,LOQNUBSFUPCIAL-UHFFFAOYSA-N,
5357,BWDAURZJDFZQQM-UHFFFAOYSA-N,
5358,WHBIGIKBNXZKFE-UHFFFAOYSA-N,
5359,IPKPBBJJLUBSAV-VZUCSPMQSA-N,
5360,CFNQVWVJAHWCBD-UHFFFAOYSA-N,
5361,GHQSUOWSLXXMGU-UHFFFAOYSA-N,
5362,PASRFKUBAKATBD-UHFFFAOYSA-N,
5363,TTXITRHFZYWBGL-UHFFFAOYSA-N,
5364,MLYRUIMTZMFMBU-UHFFFAOYSA-N,
5365,JCXIGXAORCJRAX-UHFFFAOYSA-N,
5366,UJDLDERLIKFXPP-UHFFFAOYSA-N,
5367,GMMZWHFJXLGZOX-UHFFFAOYSA-N,
5368,JJMSNKADXPXKPC-UHFFFAOYSA-N,
5369,KPTJEYSNGRAZCX-UHFFFAOYSA-N,
5370,FMKQOYJXTPVJHF-UHFFFAOYSA-N,
5371,OPJHARQLCYGQOE-UHFFFAOYSA-N,
5372,AKLZVNSHWYYYBS-ZMSDIMECSA-N,
5373,WRWKSQOHVLVURZ-UHFFFAOYSA-N,
5374,YGMGFLWDXAOUOY-GSDHBNRESA-N,
5375,JLGKXWXRUONCJT-UHFFFAOYSA-N,
5376,ZYHVDZDSBJAPHS-UHFFFAOYSA-N,
5377,BIOQGEUGORUFNX-UHFFFAOYSA-N,
5378,DBYRWJPYMMEUKE-UHFFFAOYSA-N,
5379,LTVHWAIWRAWOBD-UHFFFAOYSA-N,
5380,UCYDPBRUQDHQIG-UHFFFAOYSA-N,
5381,AECPKRTWJIYTIZ-LBPRGKRZSA-N,
5382,SPRIJBKIYWTZNZ-KRWDZBQOSA-N,
5383,JRNUVWINPQSBAB-KRWDZBQOSA-N,
5384,AVDLYDOEXZUBAY-UHFFFAOYSA-N,
5385,IQWUUGDBBKOCKF-UHFFFAOYSA-N,
5386,JUEOGJZVDUNJFJ-UHFFFAOYSA-N,
5387,OCQHZCQSUAFJOW-UHFFFAOYSA-N,
5388,HIBFZJPVOCCOBJ-UHFFFAOYSA-N,
5389,UHYSCWJJGZKOJX-UHFFFAOYSA-N,
5390,FXLTVQXEEAMFPN-UHFFFAOYSA-N,
5391,YYVDFEGFUUHVTR-UHFFFAOYSA-N,
5392,TZXHXDACDJMYGT-ZHACJKMWSA-N,
5393,DNRCXULLPXOXGG-UHFFFAOYSA-N,
5394,MLZSDDSLONMHBU-AWQFTUOYSA-N,
5395,OQRJQUGOWFLCKW-UFWORHAWSA-N,
5396,YIMRSKJXEYLJCZ-UHFFFAOYSA-N,
5397,QRKYUGRPEUVTIQ-UHFFFAOYSA-N,
5398,HADLIXNLLVDQAA-UHFFFAOYSA-N,
5399,HWXAUDFIIRMZCP-YLYRKCBPSA-N,
5400,YZFHEFHJDTVWEN-HBKJEHTGSA-N,
5401,OLCJJPNQNVFAOX-MXWIWYRXSA-N,
5402,VLDAIYQABMWVIL-UHFFFAOYSA-N,
5403,LDNFVXOBUYWBRQ-UHFFFAOYSA-N,
5404,XEXXEXFDBLRHOC-OAHLLOKOSA-N,
5405,JEAZVBFFBRWIJD-UHFFFAOYSA-N,
5406,ZHPSCWJFYANYDL-UHFFFAOYSA-N,
5407,BHQSLBSLQVVRLF-UHFFFAOYSA-N,
5408,GDQYAJLFJPYUPT-UHFFFAOYSA-N,
5409,ROSQBCLWTZWMGU-DHZHZOJOSA-N,
5410,ULDWASCYNZEGGY-MXZHIVQLSA-N,
5411,HATSAIPBKRRCME-RIJFORKLSA-N,
5412,AVICYKJOWYFOJJ-ZOYWYXQUSA-N,
5413,XBYRFGUQCXVNRW-CUVVAGTFSA-N,
5414,LADKETVLMMDBRO-UHFFFAOYSA-N,
5415,XYUAMEZVOKWBMU-UHFFFAOYSA-N,
5416,BHRLMLNRFLZUCM-UHFFFAOYSA-N,
5417,ULPRPHUWJUFLKB-UHFFFAOYSA-N,
5418,FYPGQNKWIBIMRT-UHFFFAOYSA-N,
5419,QMCXFUHTRPERKN-UHFFFAOYSA-N,
5420,DJUKKTLAOTXVJG-UHFFFAOYSA-N,
5421,CYGLATVAIHIMBA-UHFFFAOYSA-N,
5422,FPAVKRMDROTKNM-UHFFFAOYSA-N,
5423,QMYUDFLFQTYLBH-UHFFFAOYSA-N,
5424,QARRMQOZHARSSZ-UHFFFAOYSA-N,
5425,RBNZEPGKSFBWRU-CXUHLZMHSA-N,
5426,YNMLODMDZGUOPD-CXUHLZMHSA-N,
5427,LUOJPAYZEHWIGH-VCHYOVAHSA-N,
5428,UEQSTADAVQNNDM-UHFFFAOYSA-N,
5429,HVQXHEFQDVJJID-UHFFFAOYSA-N,
5430,WOMGTHUKGHDAHG-UHFFFAOYSA-N,
5431,BXRXMCQKIQWNOU-UHFFFAOYSA-N,
5432,ZIGIWEQTIQZFBN-UHFFFAOYSA-N,
5433,NNXXNQBMJZSBPH-UHFFFAOYSA-N,
5434,FGLJTRFNCUWYNO-UHFFFAOYSA-N,
5435,QRBOMDOFHIYOCJ-UHFFFAOYSA-N,
5436,PYSXUGNHYXHULH-UHFFFAOYSA-N,
5437,GKYSCNJXZZVJAP-UHFFFAOYSA-N,
5438,PNAFTTSJFVDRGF-UHFFFAOYSA-N,
5439,FUVCYUDJCKXKAA-UHFFFAOYSA-N,
5440,ZLCNVABCHDTALS-UHFFFAOYSA-N,
5441,PYEQXZOIQJWYAH-UHFFFAOYSA-N,
5442,IJYOGHCYMILPRK-UHFFFAOYSA-N,
5443,XMBLWLPWKSRCBS-LSSSNMCYSA-N,
5444,AHUAWJXTZOUXRM-AWQFTUOYSA-N,
5445,ZRQMXSMCFZGUCF-UHFFFAOYSA-N,
5446,ODDIVGXHPNIKDR-SLNZODJKSA-N,
5447,HWVNPMGPQVXXSC-QGOAFFKASA-N,
5448,IQJFYFAKNUOHAE-UHFFFAOYSA-N,
5449,MCPRPFWJSZDYBF-UHFFFAOYSA-N,
5450,GEKXAMXLNDTMGG-UHFFFAOYSA-N,
5451,GQEZVYKTQWMCCO-UHFFFAOYSA-N,
5452,BEPRIHUSWRXPPZ-UHFFFAOYSA-N,
5453,PJPHCDLWIASIHX-UHFFFAOYSA-N,
5454,RCUJHSDDIRIWGO-UHFFFAOYSA-N,
5455,IVYBGOAKRJZJOL-UHFFFAOYSA-N,
5456,GQHYXLJFBDJPFJ-UHFFFAOYSA-N,
5457,GAWINHYAXWOVIU-UHFFFAOYSA-N,
5458,YVCYAMALVNJBNE-UHFFFAOYSA-N,
5459,BBRQBZHJTAVYAO-UHFFFAOYSA-N,
5460,OAMYEXGXNOTRKR-UHFFFAOYSA-N,
5461,ZEAHEWHKQPPKQE-UHFFFAOYSA-N,
5462,UGMIJMMYZNHHSO-UHFFFAOYSA-N,
5463,DOCRZTZPMVOAGN-UHFFFAOYSA-N,
5464,VNPWQZPLOBAPPO-UHFFFAOYSA-N,
5465,DRVFIGNLVZILDH-CMDGGOBGSA-N,
5466,PNCRPIOHNRGYCE-UHFFFAOYSA-N,
5467,LHKYTRQCPBSEJO-RFOXMBCKSA-N,
5468,IBSWNYUEVDLHHN-UHFFFAOYSA-N,
5469,IYTUWYOBMXKSBS-UHFFFAOYSA-N,
5470,NLYAJWBXKKMDFW-UHFFFAOYSA-N,
5471,PKLFKSABAIAQBR-UHFFFAOYSA-N,
5472,FRTMXXHOLKYEJU-YBEGLDIGSA-N,
5473,NXTWPMJRYFQGCF-SDJHRYBYSA-O,http://coconutKG.aksw.org/data/molecule/1000000
5474,NMSGXLTVXZXDIA-UHFFFAOYSA-N,
5475,WHTVZRBIWZFKQO-UHFFFAOYSA-N,
5476,FHYGFHQBXJYJHC-UHFFFAOYSA-N,
5477,RWGXNTUFMXASQV-UHFFFAOYSA-N,
5478,PFWCFGYPSQCXHM-UHFFFAOYSA-N,
5479,YIXLTPMJQGWREY-UHFFFAOYSA-N,
5480,PCLRDOQYAXKQHN-UHFFFAOYSA-N,
5481,RGWOYVCJPZGHCY-UHFFFAOYSA-N,
5482,XKQYVDZNXRMQNJ-UHFFFAOYSA-N,
5483,PKXZBMJKMYELTI-UHFFFAOYSA-N,
5484,HIYFVUVAYQAIHS-UHFFFAOYSA-N,
5485,DEAFEEMWPWVLTJ-UHFFFAOYSA-N,
5486,BFOXLQWBMPVYPH-UHFFFAOYSA-N,
5487,YVSDMZMKZZKBMX-UHFFFAOYSA-N,
5488,ZXMMFXLTPVVJOU-UHFFFAOYSA-N,
5489,AICSYLICMPMSRW-UHFFFAOYSA-N,
5490,FJIFVBMVPQXFJU-UHFFFAOYSA-M,
5491,UEWVLUMZKXSRPS-UHFFFAOYSA-N,
5492,VXWORSGAIFVSON-HMMYKYKNSA-N,
5493,LEJZVWKPAYYUCZ-UHFFFAOYSA-N,
5494,REEHNWBVMQMHCR-UHFFFAOYSA-N,
5495,VZVZSYKIWZHYQN-UHFFFAOYSA-N,
5496,HGHQOEUVKUMVFT-KRWDZBQOSA-N,
5497,LFLQZYHNBHYRKF-UHFFFAOYSA-N,
5498,OOBLFXAIBBLOKO-UHFFFAOYSA-N,
5499,DFOQWCGMBXUJKJ-UHFFFAOYSA-N,
5500,DAEPSCKFIWDJAQ-UHFFFAOYSA-N,
5501,OBJNNBMWUAKVOJ-UHFFFAOYSA-N,
5502,BCFBJGOOAHACFI-UHFFFAOYSA-N,
5503,ZTVOCRZCGDOIQC-UHFFFAOYSA-N,
5504,DFAPSRVPHLAGPM-UHFFFAOYSA-N,
5505,QLBHRFZAHMGRHU-UHFFFAOYSA-N,
5506,RFTGCCNSOIXDRC-UHFFFAOYSA-N,
5507,NWDJYAXDXGNJBH-UHFFFAOYSA-N,
5508,VMUGXQGHCWYMHK-UHFFFAOYSA-N,
5509,UVUCEFFMTRFLDP-UHFFFAOYSA-N,
5510,DSQFFQFYQVGMPS-UHFFFAOYSA-N,
5511,HTDPFLVCGDAHLB-IXPUNYJSSA-O,
5512,VWMQIKZKYHCUIE-UHFFFAOYSA-N,
5513,HEVZLOUCBOLMSK-UHFFFAOYSA-N,
5514,KUNXNVKYHPMPCU-UHFFFAOYSA-M,
5515,XGDPKUKRQHHZTH-UHFFFAOYSA-N,http://coconutKG.aksw.org/data/molecule/706063
5516,DVOOAPIDOUTYBL-DJKXOVBDSA-N,
5517,DBLNUPBFCRDFDO-UHFFFAOYSA-N,
5518,NWVOCGYRUYPEEN-UHFFFAOYSA-N,
5519,JFQBNOIJWROZGE-HPMXROJMSA-N,
5520,HLYAOMIKAARAHQ-PWSUYJOCSA-N,
5521,JELLMEKGFSJWSD-PWSUYJOCSA-N,
5522,RTMKRSUKWZTVEI-UHFFFAOYSA-N,
5523,LNKHQLPBGUKSOR-UHFFFAOYSA-N,
5524,KXYSAUJQFJDVNN-UHFFFAOYSA-N,
5525,BYBLEWFAAKGYCD-UHFFFAOYSA-N,http://coconutKG.aksw.org/data/molecule/4586
5526,HJYYPODYNSCCOU-ODRIEIDWSA-N,
5527,MQJKPEGWNLWLTK-UHFFFAOYSA-N,http://coconutKG.aksw.org/data/molecule/4252
5528,NCDNCNXCDXHOMX-XGKFQTDJSA-N,
5529,KPQZUUQMTUIKBP-UHFFFAOYSA-N,
5530,KWBXGZLAVCHNQR-LOYHVIPDSA-N,
5531,GWNMKDSFGVSLFZ-UHFFFAOYSA-N,
5532,QCSZGPZFMOSUBE-MZNJEOGPSA-N,
5533,DCTUVBWTDIKCOW-BJQRDSPESA-N,
5534,CFXJNXLZSORNOH-XFEAKLGESA-N,
5535,MRJZSGGRCJXIHH-UHFFFAOYSA-N,
5536,UUNZPAGOFVIYGW-UHFFFAOYSA-N,
5537,RGILWVBTKSMNFE-UHFFFAOYSA-N,
5538,VYZWUGABJSKLHG-UHFFFAOYSA-N,
5539,MBPZDGDWUVJCQK-UHFFFAOYSA-N,
5540,HHCVNVJXLOBCLV-UHFFFAOYSA-N,
5541,UCODIGAGCMUVIQ-UHFFFAOYSA-N,
5542,HDEFXTSJRHDXCG-UHFFFAOYSA-N,
5543,FCRWADQLVIZBND-UHFFFAOYSA-N,
5544,WBDKFVSPHNULCE-UHFFFAOYSA-N,
5545,MVYQEGXYWTWLEQ-MHUJIAIDSA-N,
5546,DITBHDFXZUXJCA-UHFFFAOYSA-N,
5547,RUTDCPKKUDNAQN-PIGACANQSA-N,
5548,IVHHRDPFRDJTKS-UHFFFAOYSA-N,
5549,PACOFCVKAIWBRF-CJYIROQFSA-N,
5550,QHPGSYCXTVJENR-CDFMXLMJSA-N,
5551,SGFQAWNZPQJWLM-UHFFFAOYSA-N,
5552,UOMDOGTUIAXXHO-UHFFFAOYSA-N,
5553,LOZDMAJKYSAPMD-UHFFFAOYSA-N,
5554,SOHHPWKMMBEFNR-UHFFFAOYSA-N,
5555,XZQXULYXVCQKSC-UHFFFAOYSA-N,
5556,DLRBXZGGFGMISO-UHFFFAOYSA-N,
5557,UVRYQXVGHZOOQP-UHFFFAOYSA-N,
5558,XUSNPFGLKGCWGN-UHFFFAOYSA-N,
5559,VXYLSWLLDXCJPQ-HZMBPMFUSA-N,
5560,UFCBJFWVUJHBPA-UHFFFAOYSA-N,
5561,GYTDNAPSBMETBY-UHFFFAOYSA-N,
5562,JTWGBLUSCLZLSX-UHFFFAOYSA-N,
5563,PUMMAVTYCCMVRH-UHFFFAOYSA-N,
5564,NTKIYDPPTOXAHC-UHFFFAOYSA-N,
5565,MKMYQHZJDJYTSA-UHFFFAOYSA-N,
5566,VZZTXVUJUPVXMJ-UHFFFAOYSA-N,
5567,IVAIFHXUCZFXDR-UHFFFAOYSA-N,
5568,UVMDTZKLBQSJGV-BMIVQLKMSA-N,
5569,REAYFAMTWKXWBD-FNEGYYEFSA-N,
5570,JVENTXIHHVBLNX-DEDYPNTBSA-N,
5571,WWBXAHYRXSLRDB-UHFFFAOYSA-N,
5572,YXNHQCHFNKNFBR-UHFFFAOYSA-N,
5573,KPZRGYPPMJOGSH-DHZHZOJOSA-N,
5574,RKNPUSFPDZCFJT-UHFFFAOYSA-N,
5575,QBQGHUWKYXMVED-SJHCENCUSA-N,
5576,GQBJBCNAEKUCKM-ISJBWFOZSA-N,
5577,MTRRBPSBJVZLNG-VXLYETTFSA-N,
5578,BZZDMEOSFALTOH-UHFFFAOYSA-N,
5579,XOVXVZDTUATFHL-UHFFFAOYSA-N,
5580,GYKAMUMYGDTJMY-UHFFFAOYSA-N,
5581,KDCVUNDBGCYIPA-UHFFFAOYSA-N,
5582,QSYRDCRYYKJTBY-UHFFFAOYSA-N,
5583,RSUWLJIANWBTGS-UHFFFAOYSA-N,
5584,XTXYJSGSFORJKH-UHFFFAOYSA-N,
5585,AJJHOQJRVMHWLL-UHFFFAOYSA-N,
5586,ZGOBOELGRBUBPZ-ILJQZKEFSA-N,
5587,YYVXCMVFYOLKQG-UHFFFAOYSA-N,
5588,KLUUOMBAHLAWDD-UHFFFAOYSA-N,
5589,DKBRVRXAPWANPM-UHFFFAOYSA-N,
5590,RZPZCCGJVLLCBH-MRXNPFEDSA-N,
5591,SEHQHBMPOCYLSB-CQSZACIVSA-N,
5592,WIUAQBGBICXBTC-MRXNPFEDSA-N,
5593,GMOWZTGIUWXBSA-UHFFFAOYSA-N,
5594,RMRCIUGTXUYGNZ-UHFFFAOYSA-N,
5595,DVVAMMKTYAWPGW-HOTGVXAUSA-N,
5596,GNODYLZSMHXJQO-UHFFFAOYSA-N,
5597,WNDVVOWKOAJRIY-UHFFFAOYSA-N,
5598,YVZXKRFANTWCEF-UHFFFAOYSA-N,
5599,HKCNYMPHKZXWRF-UHFFFAOYSA-N,
5600,SESQCGYGAGCXIO-UHFFFAOYSA-N,
5601,CLQKXMCVTGUSKF-UHFFFAOYSA-N,
5602,WCSVGACPFJCBBT-UHFFFAOYSA-N,
5603,REHPKCDOHWWURJ-UHFFFAOYSA-N,
5604,RSGCGZWOJRVZSC-UHFFFAOYSA-N,
5605,ANMJXRDXBAIDCE-UHFFFAOYSA-N,
5606,OMUSZRWPEMVKON-UHFFFAOYSA-N,
5607,ZITJTYCKPMAMOZ-UHFFFAOYSA-N,
5608,SBGDKINRRNFIMN-UHFFFAOYSA-N,
5609,XYQKWXSNPUMKHX-UHFFFAOYSA-N,
5610,MPHUQXMZMAGHLT-UHFFFAOYSA-N,
5611,QABXUQHIXNIVOR-UHFFFAOYSA-N,
5612,MAGQQZHFHJDIRE-BNFZFUHLSA-N,
5613,PXZUQXFVPKNWKH-UHFFFAOYSA-N,
5614,PZXLDZBZLXYBGI-UHFFFAOYSA-N,
5615,OLWZFVUZXKKKJU-UHFFFAOYSA-N,
5616,SYZTWBPKCRNLCK-UHFFFAOYSA-N,
5617,YLCDTXCYQJXBOE-UHFFFAOYSA-N,
5618,VBSNKFCTGXVBGM-LBPRGKRZSA-N,
5619,XEWUPVJXFFUHTM-UHFFFAOYSA-N,
5620,RHVGGSCMGUZFMG-UHFFFAOYSA-N,
5621,JKBHUPALCJDCDL-UHFFFAOYSA-N,
5622,OCIONALACJNVHD-UHFFFAOYSA-N,
5623,CYGDTNVDHDYTBA-UHFFFAOYSA-N,
5624,GOUAIJJTSBZWRR-UHFFFAOYSA-N,
5625,RZNNUZHKUVLYMP-UHFFFAOYSA-N,
5626,CYZYASCCNNIWLK-GPNASLBKSA-N,
5627,YMYOSZAZVIWOLH-VMPITWQZSA-N,http://coconutKG.aksw.org/data/molecule/1000000
5628,WDGIKDKAVWKAJM-UHFFFAOYSA-N,
5629,XBZWELUWALMHOD-UHFFFAOYSA-N,
5630,PHURSCYDIHRUEG-UHFFFAOYSA-N,
5631,XOXKVAOVWLVYET-UHFFFAOYSA-N,
5632,SDMKQOWHXHPBLL-UHFFFAOYSA-N,
5633,WRTZJNORAQACHJ-UHFFFAOYSA-N,
5634,PFHAEVXPNYSBLT-UHFFFAOYSA-N,
5635,LXGMCJQHIYKVTE-VGOFMYFVSA-N,
5636,ISGWONLEWJAFFZ-XDHOZWIPSA-N,
5637,PLLBVKGHLNGMAK-XDHOZWIPSA-N,
5638,YXHZFHGWHVPVSS-UHFFFAOYSA-N,
5639,BUAXOCYGADUUTM-UHFFFAOYSA-N,
5640,TYXQZIDTPIFHHM-UHFFFAOYSA-N,
5641,PQSAWUXAQXFNSU-UHFFFAOYSA-N,
5642,UPLVBVSRIQRXQN-UHFFFAOYSA-N,
5643,XASYPQDZXKNIJG-UHFFFAOYSA-N,
5644,JQVCBFCZWARDJQ-UHFFFAOYSA-N,
5645,ULLCZRZRMLOTFB-UHFFFAOYSA-N,
5646,YEJVABOLZHNQJU-YPMHNXCESA-N,
5647,WAVNIINCFHXLLT-OCCSQVGLSA-N,
5648,RTHCYVBBDHJXIQ-INIZCTEOSA-N,
5649,RVAKDGYPIVSYEU-UHFFFAOYSA-N,
5650,VMJFQUMKCMNFSX-UHFFFAOYSA-N,
5651,WWOQLTXTEWZKBD-QGMBQPNBSA-N,
5652,ODFHTLQKUORKPK-QGMBQPNBSA-N,
5653,BCIQCMGKKJSYLC-UHFFFAOYSA-N,http://coconutKG.aksw.org/data/molecule/1000000
5654,VAQAEGBJVAGPNV-UHFFFAOYSA-N,
5655,VUGZFXRIYRVVCK-UHFFFAOYSA-N,
5656,SPDZOGVSSSQFAS-UHFFFAOYSA-N,
5657,AZOIPHHKXZQWIE-YREDLYEQSA-N,
5658,CISLUIONUORHLO-UHFFFAOYSA-N,
5659,TVXXACUKKCMVFU-UHFFFAOYSA-N,
5660,HBIZYEFSDLQLDA-UHFFFAOYSA-N,
5661,MPTQZGWUMPLUNN-INIZCTEOSA-N,
5662,BARLGZYLZXBZPK-UHFFFAOYSA-N,
5663,OTILLRLWYYZZTJ-UHFFFAOYSA-N,
5664,HTIQEAQVCYTUBX-UHFFFAOYSA-N,
5665,AGNPAMOKUJCURB-UHFFFAOYSA-N,
5666,YCGDUUJJIKNHJN-UHFFFAOYSA-N,
5667,ZYENOBGPADGVLM-UHFFFAOYSA-N,
5668,QWAVSGXBYFASKZ-UHFFFAOYSA-N,
5669,WLBJJWICAOVTHR-UHFFFAOYSA-N,
5670,UFEMDLAFOZMSRW-UHFFFAOYSA-N,
5671,SJRKOTAQYRWPTE-UHFFFAOYSA-N,
5672,WAUKSVKCFIGKGN-UHFFFAOYSA-N,
5673,ZMRHGYILDNXKHW-UHFFFAOYSA-N,
5674,PWAJDMSZGVJSQE-UHFFFAOYSA-N,
5675,WKMNOOGFBWXMIY-UHFFFAOYSA-N,
5676,OINUBRUVZASSAQ-UHFFFAOYSA-N,
5677,LESBHTSZBYJXQC-UHFFFAOYSA-N,
5678,AJYMHYCXEZLKAD-UHFFFAOYSA-N,
5679,NCFPSRLNCFWOIW-HDZFOZLDSA-N,
5680,IPDUMYRKLCXLQE-IWSLWXFRSA-N,
5681,GNPAXBHIEFFBHW-UHFFFAOYSA-L,
5682,VKHSOOWPMGRMDF-UHFFFAOYSA-N,
5683,UZSMLQSSGUFRFE-WLRTZDKTSA-N,
5684,FETNRNSFEPONMQ-UHFFFAOYSA-N,
5685,OWKOYAQHVXYQMO-UHFFFAOYSA-N,
5686,AGQBGLDVLXLETJ-SAPNQHFASA-N,
5687,ANUWWIQYOYPMTQ-VIZOYTHASA-N,
5688,SOYJTYBBUQHHRM-UHFFFAOYSA-N,
5689,HBRLLFQBLUYMNG-UHFFFAOYSA-M,
5690,ZTOUNKCVROQNAF-UHFFFAOYSA-M,
5691,YHQOHGDDOIAZPT-UHFFFAOYSA-N,
5692,MHSHLSRVHOFCBJ-UHFFFAOYSA-N,
5693,NCHOMYCXKNKORG-UHFFFAOYSA-N,
5694,VYIFSNYJXUNPHG-UHFFFAOYSA-N,
5695,FBEXVCBNPTYDIK-UHFFFAOYSA-N,
5696,VZJLQMYWLUYBQF-UHFFFAOYSA-N,
5697,HFZPTDWVLMAQJM-UHFFFAOYSA-N,
5698,LCQYRPDGVDGVNQ-UHFFFAOYSA-N,
5699,JZCSSJPWIBZWGH-UHFFFAOYSA-N,
5700,BZXWQFICWNOCOS-UHFFFAOYSA-N,
5701,OSWQEFZHUBSSIM-UHFFFAOYSA-N,
5702,PUKDCBQBWIYUFD-UHFFFAOYSA-N,
5703,UUAUWWJOGNBMRR-UHFFFAOYSA-N,
5704,NKHRCSNSEGJWOV-UHFFFAOYSA-N,
5705,RYZTWZMQVADYRK-UHFFFAOYSA-N,
5706,VSTPWZOKSXDEHW-UHFFFAOYSA-N,
5707,KFGSKWBOGCRCNT-UHFFFAOYSA-N,
5708,UXZBGTXEKZQUKN-UHFFFAOYSA-N,
5709,QHOCORYXFVRVSM-UHFFFAOYSA-N,
5710,ZYRCYJPPERPRHT-UHFFFAOYSA-N,
5711,RVIRMGHGWHDWKE-UHFFFAOYSA-N,
5712,IQPWJPPZXNWEIA-UHFFFAOYSA-N,
5713,JPQRIZJUPVGDRV-UHFFFAOYSA-N,
5714,DFLAFSYUXCLQFF-UHFFFAOYSA-N,
5715,UCCUALNXXDPDNF-UHFFFAOYSA-N,
5716,FQHHZTOGNOICMY-UHFFFAOYSA-N,
5717,SLRIWGDRQOBIKW-UHFFFAOYSA-N,
5718,AZHUKVCBLLMGQH-UHFFFAOYSA-N,
5719,YCPRIDZNIXMZJC-UHFFFAOYSA-N,
5720,ZLIKNROJGXXNJG-UHFFFAOYSA-N,
5721,VJTJBSLQAWVZJU-UHFFFAOYSA-N,
5722,QBCVPMSYAFYFOJ-UHFFFAOYSA-N,
5723,OIHKBCKKQMUHCL-UHFFFAOYSA-N,
5724,FDHLKVXBJSMYEW-UHFFFAOYSA-N,
5725,FVPGDNMUJUZFSC-UHFFFAOYSA-N,
5726,DGDUVGYPWBZNBG-UHFFFAOYSA-N,
5727,BWALLEDRBUWVJA-BUJDNCMTSA-N,
5728,GKODDAXOSGGARJ-UHFFFAOYSA-N,
5729,YERUMUXLLQMXCB-RYYKTKLLSA-N,
5730,YOGANETYFUQWIM-PXJZQJOASA-N,
5731,PCKHKINJZFNYEO-GXDHUFHOSA-N,
5732,ZEMZBURNBMEWGA-UHFFFAOYSA-N,
5733,RIVSBOPAUGZOFQ-UHFFFAOYSA-N,
5734,AXTRRTMVQMYCRV-UHFFFAOYSA-N,
5735,VKVNGGXMZPOJMJ-UHFFFAOYSA-N,
5736,OEXYZHCHTOFYEP-LICLKQGHSA-N,
5737,ZVXFPLHEMBQUKC-RGVLZGJSSA-N,
5738,IFGCAYZEAGMVKP-HOCLYGCPSA-N,
5739,LJPKVBNXWHONIU-UHFFFAOYSA-N,
5740,SVWSRTRONCWTDU-UHFFFAOYSA-N,
5741,OYXARWFANMQAPH-UHFFFAOYSA-N,
5742,QDCBBWKZMQWHBO-UHFFFAOYSA-N,
5743,MCVPFDOUKZBWJF-UHFFFAOYSA-N,
5744,WCAJSDKFKOLTBP-UHFFFAOYSA-N,
5745,DFSIKDHVTGCUCB-UHFFFAOYSA-N,
5746,KAXCKPWBJJCDNX-UHFFFAOYSA-N,
5747,KZHLAWOZSVYONZ-UHFFFAOYSA-N,
5748,LXAKJBSIZSVZEA-UHFFFAOYSA-N,
5749,IQOVYMXBAHUTBZ-UHFFFAOYSA-N,
5750,BDBBWEVUODWYQD-UHFFFAOYSA-N,
5751,QJYYBJJIRLBFHF-UHFFFAOYSA-N,
5752,AUIXPFBMWQYIEL-UHFFFAOYSA-N,
5753,ZSOQWPOVGAAMDL-UHFFFAOYSA-N,
5754,CVXDAYSROKRMTB-FMIVXFBMSA-N,
5755,NUFLKGACOOSKIP-UHFFFAOYSA-N,
5756,PUHNUFQXGZUHLK-UHFFFAOYSA-N,
5757,XOGYEYYQHMAYSP-UHFFFAOYSA-N,
5758,IHNMQYODZISEAH-HOSYDEDBSA-N,
5759,WSBRDNULWYNRFT-QXFUBDJGSA-N,
5760,ITTZDQXTFVFANF-QZNHQXDQSA-N,
5761,QBFQUDDSTCQUAC-UHFFFAOYSA-N,
5762,SKHLQEYQHYUBHY-UHFFFAOYSA-N,
5763,LOZZMOMMUQKBDU-UHFFFAOYSA-N,
5764,HJNQYIKLYITOGQ-UHFFFAOYSA-N,
5765,VLHIZSUFXUYCAH-UHFFFAOYSA-N,
5766,IZBVFEBRVULVNU-UHFFFAOYSA-N,
5767,ZDXWENNHTOBFEW-UHFFFAOYSA-N,
5768,LKBBAJFXXZYVQV-UHFFFAOYSA-N,
5769,FNGPGEHLNKUIHA-UHFFFAOYSA-N,
5770,FCLDOLAQOJSJQS-UHFFFAOYSA-N,
5771,MLCOGORERKDZTI-UHFFFAOYSA-N,
5772,HGBMOUZLBAYJRN-UHFFFAOYSA-N,
5773,WFECTHLZLLOZSO-UHFFFAOYSA-N,
5774,KSAUAMZGQWQPHW-UHFFFAOYSA-N,
5775,OUPAWPNYHLBLTO-CYVLTUHYSA-N,
5776,VNASCAHKIKHVQC-XMHGGMMESA-N,
5777,SRVWOFNJTADGIX-RELWKKBWSA-N,
5778,JOMGYWCQSNFUQC-UHFFFAOYSA-N,
5779,RLOROTNHUCUAFZ-UHFFFAOYSA-N,
5780,RCDJRQZLAUVVTM-UHFFFAOYSA-N,
5781,LLIIFWXOFHHLHC-UHFFFAOYSA-N,
5782,YGWPNWALTMWPRE-UHFFFAOYSA-N,
5783,ZYRODNPCJHYLIK-UHFFFAOYSA-N,
5784,VJTIKIQJUZWNSW-JOBJLJCHSA-N,
5785,WRYUFOKEOTWUFL-JOBJLJCHSA-N,
5786,WJRVPSWFZNKKCU-UHFFFAOYSA-N,
5787,PXUBVGLRPJSVPE-UHFFFAOYSA-N,
5788,ZMDYJHWZJYQBPJ-UHFFFAOYSA-N,
5789,ZKOCIUGAQNLIHP-UHFFFAOYSA-N,
5790,YBAVFWWTDQXMDS-UHFFFAOYSA-N,
5791,INJAZKWXFZBJSM-UHFFFAOYSA-N,
5792,BWTQXHZSXFKPBW-UHFFFAOYSA-N,
5793,BKZFZZPWZOOKQZ-UHFFFAOYSA-N,
5794,IVXZGODDVVFFQJ-UHFFFAOYSA-N,
5795,DUHJQVNTSWFVKJ-DEDYPNTBSA-N,
5796,GYRPDYLYSGVSPL-ZHRRBRCNSA-N,
5797,KIHGVJLEFGJROI-UHFFFAOYSA-N,
5798,KGASSIXIHLIQFT-UHFFFAOYSA-N,
5799,CBUBFEXHIISARR-UHFFFAOYSA-N,
5800,FKKOFCADPKTONJ-UHFFFAOYSA-N,
5801,OZZCAQRFCLRFJS-UHFFFAOYSA-N,
5802,YFIUIQDIYVFGFI-UHFFFAOYSA-N,
5803,ROPURQARGDTBBZ-UHFFFAOYSA-N,
5804,UZJXFKKOVXHTAZ-HOTGVXAUSA-N,
5805,VUHSKJRSJNDDJK-UHFFFAOYSA-N,
5806,WEPQKTOMDZFBCT-VXPUYCOJSA-N,
5807,RGTRFWTZGHUUBF-UHFFFAOYSA-N,
5808,FCYCMSQHAXNBKV-PWXLQZJOSA-N,
5809,NIVKYFMSODCHBA-UHFFFAOYSA-N,
5810,QPKBCVVNNUPZER-UHFFFAOYSA-N,
5811,NLXGCQIEVZYDRS-UHFFFAOYSA-N,
5812,QMRPDNQZHUUULQ-UHFFFAOYSA-N,
5813,SWLAYEUIFKHABG-UHFFFAOYSA-N,
5814,ILWQAXOPWUELRS-UHFFFAOYSA-N,
5815,PONJQJLDPYCFLO-UHFFFAOYSA-N,
5816,JIIVSBJJBQFWMY-UHFFFAOYSA-N,
5817,IHIXIYXIWDFZPJ-UHFFFAOYSA-N,
5818,IHZKGGYXWLUEEO-UHFFFAOYSA-N,
5819,LTQNLUAUZPGAPD-UHFFFAOYSA-N,
5820,UJZJQTZPMQOGRU-UHFFFAOYSA-N,
5821,QBPYSJJNOYHIPX-UHFFFAOYSA-N,
5822,OMULIADPFGXXQF-UHFFFAOYSA-N,
5823,KHVHAQIJCRZTCR-UHFFFAOYSA-N,
5824,VJGUBCUGFXDMEX-UHFFFAOYSA-N,
5825,PMDDQXCWDHUJJW-UHFFFAOYSA-N,
5826,PXYOGWFHUSGTGE-UHFFFAOYSA-N,
5827,LETUQHBGUBCUTE-UHFFFAOYSA-N,
5828,YUGPSTFHGKEVHQ-MDZDMXLPSA-N,
5829,HJKUSGXGJUJSHW-CSKARUKUSA-N,
5830,DWJXJHGWGVIVBQ-DUXPYHPUSA-N,
5831,CRIKICXPNRMLGM-UHFFFAOYSA-N,
5832,MOQRRTTUQUZKAU-UHFFFAOYSA-N,
5833,YIGCJGOPQPVVRJ-UHFFFAOYSA-N,
5834,PPRNOPURLFMFQK-UHFFFAOYSA-N,
5835,BRWLTPKTRGVBPN-UHFFFAOYSA-N,
5836,PVJOFOWWCOSFEE-UHFFFAOYSA-N,
5837,XGNXCPHJUUZXFF-UHFFFAOYSA-N,
5838,KJIAYJUOFHBPCP-UHFFFAOYSA-N,
5839,INCKPVBAJZBCNR-UHFFFAOYSA-N,
5840,UKOYLRKCEGOLOJ-LSDHHAIUSA-N,
5841,CFEXSDCTQGAQMW-WTHCIICHSA-N,
5842,OHPNJAOATINQOI-RGVLZGJSSA-N,
5843,CSTJQZUZSADMFZ-UHFFFAOYSA-N,
5844,QDFRLUNBIAQWHV-OAHLLOKOSA-N,
5845,UUWGSZMZJOZWCU-SFHVURJKSA-N,
5846,PVOVVYHOXGWTIS-MRVPVSSYSA-N,
5847,CVCNLNTUVSESDQ-MRVPVSSYSA-N,
5848,JVHOZABDDIXULK-GFCCVEGCSA-N,
5849,IYOAQCIMCXLKLV-MJOGEOKXSA-N,
5850,KHFVAGGBNLPOSQ-UHFFFAOYSA-N,
5851,ARPKKCPMBWWWIA-UHFFFAOYSA-N,
5852,HENHFYXQSRKTQB-IJHQOVFRSA-N,
5853,YUJAVMJKRUKNMF-IAUPTCCMSA-N,
5854,YUJAVMJKRUKNMF-FTVPWNHPSA-N,
5855,SYCNNYUQJCCCED-JKSUJKDBSA-N,
5856,NGGCNCNFLIJLNC-DLBZAZTESA-N,
5857,ZZYRCCSNRHBEQH-UHFFFAOYSA-N,
5858,QPUIFPMHOWTNLK-UVKPFFOZSA-N,
5859,UUJWAVCWAHJHHM-LANHZIHCSA-N,
5860,CUXOIJLUUNJKQS-ZBFHGGJFSA-N,
5861,SJGFBPRXCRZNTJ-NHYWBVRUSA-N,
5862,FNSTXZYMPUBBTH-HOCLYGCPSA-N,
5863,ADWIRVIKRVCVFG-UHFFFAOYSA-N,
5864,RTHCVZDAWAMQOF-UHFFFAOYSA-N,
5865,BFRIKMBFSDLBHX-NNHKGWTCSA-N,
5866,RNXHKEIAVAOGJD-UHFFFAOYSA-N,
5867,VTXVBCLFHOUOJX-UHFFFAOYSA-N,
5868,DXJNLXTZDMFVQO-MWLSYYOVSA-N,
5869,VMFHWRZEMAJLKN-LQNQUEJISA-N,
5870,IFUQBAKVTWMUSZ-UHFFFAOYSA-N,
5871,DRCASHPXYKKBNO-UHFFFAOYSA-N,
5872,HUNTUYGOSLDWGM-UHFFFAOYSA-N,
5873,UIWHEXAVANZGHK-UHFFFAOYSA-N,
5874,BBZAEOUKIQSLMH-UHFFFAOYSA-N,
5875,KMUSVINZSCTMHQ-UHFFFAOYSA-N,
5876,RKVBRQUSBUXPGZ-UHFFFAOYSA-N,
5877,WTMDQRUYOZURPG-UHFFFAOYSA-N,
5878,RHNHWLJFPWGPFI-UHFFFAOYSA-N,
5879,BMKGPFYHMVCWLJ-UHFFFAOYSA-N,
5880,LFMFPKKYRXFHHZ-UHFFFAOYSA-N,
5881,LDGHXXCRHWODHH-UHFFFAOYSA-N,
5882,GZKQFQMTVICWQB-UHFFFAOYSA-N,
5883,MZEVSAQYMSPYAL-UHFFFAOYSA-N,
5884,SNLLGJBMDQWSKR-UHFFFAOYSA-N,
5885,HGNKPMCVRMVSIK-UHFFFAOYSA-N,
5886,RSEZBMBZLDGGCL-UHFFFAOYSA-N,
5887,MFSAGTMHCKNNCQ-UHFFFAOYSA-N,
5888,JIRVBYQEANJOMB-UHFFFAOYSA-N,
5889,GPNXIOHGRPOPIQ-UHFFFAOYSA-N,
5890,GIIJJSVNYMYHHB-RVDMUPIBSA-N,
5891,DIEQMPSZRNQVTH-UHFFFAOYSA-N,
5892,CICSCGMRUIMBNF-UHFFFAOYSA-N,
5893,MNENUMVAFKDMEM-UHFFFAOYSA-N,
5894,SCUWNIHBUXBXKG-UHFFFAOYSA-N,
5895,LHVBSLSWEHZJFL-UHFFFAOYSA-N,
5896,UANYQOUDIMIUKC-UHFFFAOYSA-N,
5897,PTBLMHUNNYYRFT-UHFFFAOYSA-N,
5898,BADRXCZZUGMXDN-UHFFFAOYSA-N,
5899,HXQRIHGYIOARQJ-UHFFFAOYSA-N,
5900,UVXZEDMTBRPOPY-UHFFFAOYSA-N,
5901,FDEAAMXHMSWDAI-UHFFFAOYSA-N,
5902,SQSMBCLFXHSESJ-UHFFFAOYSA-N,
5903,DGBJSVJYBSICRH-UHFFFAOYSA-N,
5904,JQINXLFRYGCJDZ-UHFFFAOYSA-N,
5905,MZLDASXWSCAWLN-UHFFFAOYSA-N,
5906,YDHPGKMAVWLLPZ-UHFFFAOYSA-N,
5907,BMVAMBYOBVPIEL-UHFFFAOYSA-N,
5908,GPWIINYCHXCGQH-UHFFFAOYSA-N,
5909,KWYWUAAPBSPLMX-UHFFFAOYSA-N,
5910,PRVWQOCOTCCZQI-UHFFFAOYSA-N,
5911,NYFKJKHVUJQZES-UHFFFAOYSA-N,
5912,PRPFRWYIKRSJRR-UHFFFAOYSA-N,
5913,LCRWTVHXQBPZIY-UHFFFAOYSA-N,
5914,HNHVKIZEBSJYCO-UHFFFAOYSA-N,
5915,BQLVZCNEVMQQRO-UHFFFAOYSA-N,
5916,LXPGRTPVQBHOIS-UHFFFAOYSA-N,
5917,UTFMUFSYZYTQRD-UHFFFAOYSA-N,
5918,AIDXUTHUVVFTFW-UHFFFAOYSA-N,
5919,XWBJCAQETNKAQU-UHFFFAOYSA-N,
5920,ICVFGEGQHHHAFD-UHFFFAOYSA-N,
5921,FCXOGFCMCVWFRP-UHFFFAOYSA-N,
5922,IQZZJWFSJULHCV-UHFFFAOYSA-N,
5923,FODXIORRSBDQQV-FDFHNCONSA-N,
5924,PQOVQDAXWJCTGA-UOFDZXFDSA-N,
5925,JNTYPENMQJEONP-UHFFFAOYSA-N,
5926,HBCNWNAOFHLTBT-UHFFFAOYSA-N,
5927,AIOAPRDQNULXOA-UHFFFAOYSA-N,
5928,HTDJZMISNHTPTM-UHFFFAOYSA-N,
5929,YIZBVAQUYQEAQO-UHFFFAOYSA-N,
5930,AGYBRNKPMPGKKG-UHFFFAOYSA-N,
5931,LFYGRYCTOBDYHC-ZRJGNOHYSA-N,
5932,QXMBQGUYVQPOCP-UHFFFAOYSA-N,
5933,NEFVDDCMSJNMQM-UHFFFAOYSA-N,
5934,OUDRIKUGNAITDB-UHFFFAOYSA-N,
5935,UPDQIFGYBCZNFW-UHFFFAOYSA-N,
5936,SRJJVVZUIOFLAO-UHFFFAOYSA-N,
5937,SDXBUYRGPZYTLQ-BSTPEVQJSA-N,
5938,BQVLYKYMRYSWSX-UHFFFAOYSA-N,
5939,NRONRYWDUHRKEF-PGRDOPGGSA-N,
5940,MRHQJLSJDVEZQP-UHFFFAOYSA-N,
5941,HCEKCXYYJQDRLC-UHFFFAOYSA-N,
5942,QNLKGFIRPAJSBZ-UHFFFAOYSA-N,
5943,FLRIWZYQDCAULI-UHFFFAOYSA-N,
5944,DXEQJDVNWKMZDS-UHFFFAOYSA-N,
5945,GPPOEZFRRPLORQ-UHFFFAOYSA-N,
5946,ICBVFHWIMJOYQL-ZVIYKHESSA-N,
5947,CMEATFJOYPDTBG-BNFFSTEWSA-N,
5948,KGISPZAYZAPPCQ-UHFFFAOYSA-N,
5949,DMRHVQCBOUSXJD-UHFFFAOYSA-N,
5950,NIDJAQCPIWVDMA-UHFFFAOYSA-N,
5951,AXHZYGAOISWOLE-UHFFFAOYSA-N,
5952,XXNWIYHWHTYZQO-UHFFFAOYSA-N,
5953,HEBALIVNNXPKNZ-VODSQIEYSA-N,
5954,CONBRGJIPPGVTI-UHFFFAOYSA-N,
5955,PJZKVQOAMFIWQA-UHFFFAOYSA-N,
5956,XPMSBOHHKLVBGZ-UHFFFAOYSA-N,
5957,OJPCADPVISIEDM-UHFFFAOYSA-N,
5958,XHZWSEKMWHOSAC-UHFFFAOYSA-N,
5959,GDEYSCBSQAECPV-UHFFFAOYSA-N,
5960,QTAGZWRQMULFSI-UHFFFAOYSA-N,
5961,KYWAOSYDNLSUNS-UHFFFAOYSA-N,
5962,UAHNYHPLYYIAEP-UHFFFAOYSA-N,
5963,HWMLVDDPYXCXLQ-UHFFFAOYSA-N,
5964,NQJASZMLBMBHRG-UHFFFAOYSA-N,
5965,JUOMHXRIBMKQOG-UHFFFAOYSA-N,
5966,JAPBALWUJAIERZ-UHFFFAOYSA-N,
5967,MIOCKRHUPUDHKN-UHFFFAOYSA-N,
5968,LCUDPYILJFKBKX-UHFFFAOYSA-N,
5969,JABCUOWDFQATJG-UHFFFAOYSA-N,
5970,AQMGVERWDPPVPX-UHFFFAOYSA-N,
5971,XUQJJPBXMIKCQX-UHFFFAOYSA-N,
5972,UYDBKTHSWIROFS-UHFFFAOYSA-N,
5973,HCHXPMOIMAHZOG-UHFFFAOYSA-N,
5974,VSCQVUUNFUZOBZ-LREOWRDNSA-N,
5975,REFKXIHTNUONND-UHFFFAOYSA-N,
5976,UQYYXZNJDIWWEW-UHFFFAOYSA-N,
5977,GIZGRLHRWPQQSV-UHFFFAOYSA-N,
5978,YRGXPQUOBYZOCY-UHFFFAOYSA-N,
5979,BGEJPUXQRNVKHX-UHFFFAOYSA-N,
5980,MUEFXOLEGATNSX-UHFFFAOYSA-N,
5981,GLCHQFOBIDMGAW-UHFFFAOYSA-N,
5982,NTDIVMOXBVKTKS-UHFFFAOYSA-N,
5983,FHPSJGNNGCSCJS-UHFFFAOYSA-N,
5984,ASNFSNYAFGULHG-UHFFFAOYSA-N,
5985,IFIICSLFUMQYEZ-FRLFRUAOSA-N,
5986,RXKOTTRGLQEFPR-FRLFRUAOSA-N,
5987,ADTVXWWEQNJMHD-AANPDWTMSA-N,
5988,BSKCSLWLBSDTDM-UHFFFAOYSA-N,
5989,UGUXDZLORLUNSW-UHFFFAOYSA-N,
5990,AZFGGVGYUUFNQP-UHFFFAOYSA-N,
5991,XLJPPQUUYZEIEB-UHFFFAOYSA-N,
5992,AYCLPXBDRYJERJ-UHFFFAOYSA-N,
5993,MXRSKNWDXWWICO-UHFFFAOYSA-N,
5994,KOMIYPRCPHJFMO-TYCQWZJGSA-N,
5995,JUHYRXGJHWAHLR-UHFFFAOYSA-N,
5996,QOPZPGHRRDZFOC-UHFFFAOYSA-N,
5997,CAQSRAAOQPQAHM-UHFFFAOYSA-N,
5998,JHTLYWAAMGETQR-UHFFFAOYSA-N,
5999,NKRDXBVOMMHKJQ-UHFFFAOYSA-N,
6000,FLFYOVZBXIRXQE-UHFFFAOYSA-N,
6001,DBLVBZCVQQNBML-UHFFFAOYSA-N,
6002,RVOQWWCWPMCDNW-IGDLELKWSA-O,
6003,SJYVZMMATMMMFH-HCUGZAAXSA-N,
6004,NUFVNRAUHPTCFH-UHFFFAOYSA-N,
6005,VBZMEHNTFOKKEO-UHFFFAOYSA-N,
6006,YRGGTYXDASSWSH-UHFFFAOYSA-N,
6007,OIIIPLMNATZVBP-JTQLQIEISA-N,
6008,JEYPEAGDZJHCFS-UHFFFAOYSA-N,
6009,IIWBQXFVMVWJRZ-UHFFFAOYSA-N,
6010,OAFONHMFHMZDCO-UHFFFAOYSA-N,
6011,LYFCUCFODCXOPD-UHFFFAOYSA-N,
6012,VOJJALWPBFBLQW-UHFFFAOYSA-N,
6013,DDUHZTYCFQRHIY-RBHXEPJQSA-N,
6014,GDOJKBJTCUERBP-UHFFFAOYSA-N,
6015,DZOZJCOJXJYUJO-UHFFFAOYSA-N,
6016,QXDUFTQBIFNSNB-UHFFFAOYSA-N,
6017,RHBPEFAGJPSBPR-UHFFFAOYSA-N,
6018,FTQFCUZTYFDQCL-UHFFFAOYSA-N,
6019,KOFVLPOSCTWTOE-UHFFFAOYSA-N,
6020,XBKZJHIKQFSOMO-UHFFFAOYSA-N,
6021,KHPUEYZUOUVPQB-UHFFFAOYSA-N,
6022,PCBOPDBNIUGINS-UHFFFAOYSA-N,
6023,UUOFLIYGLOGPNZ-UHFFFAOYSA-N,
6024,IONACDHPBJLXIL-BDNABIFJSA-N,
6025,CGEFFBTUAHALFW-UHFFFAOYSA-N,
6026,XASUMYOOVQGACX-IDTAVKCVSA-N,
6027,YETRAIFXPZXEDB-UHFFFAOYSA-N,
6028,MGNVIMQLZSTUGX-VIFPVBQESA-N,
6029,ZNJPHSGUPUIDCS-UHFFFAOYSA-N,
6030,PBBSJZZVCCQSBU-OQLLNIDSSA-N,
6031,NTTCBTHLOZNZJK-NRFANRHFSA-N,
6032,QZLYEICOLMOYGW-UHFFFAOYSA-N,
6033,AGWAOZJROKGNRO-UHFFFAOYSA-N,
6034,FJEZESZLWSJGHW-UHFFFAOYSA-N,
6035,PFDZYTDMOONCLM-UHFFFAOYSA-N,
6036,KLBQZWRITKRQQV-MRXNPFEDSA-N,
6037,IZEKFCXSFNUWAM-UHFFFAOYSA-N,
6038,QSTBBCIJTLHVSQ-UHFFFAOYSA-N,
6039,LNZQCGXPDZCWBU-UHFFFAOYSA-N,
6040,JKLFMDIFCMALPK-UHFFFAOYSA-N,
6041,SRWYOXJMGMOQCJ-UHFFFAOYSA-N,
6042,FEUCIRQEQDNANQ-UHFFFAOYSA-N,
6043,MWHMCPRKRJXQGT-UHFFFAOYSA-N,
6044,ZRDJXRAQGUTXRE-UHFFFAOYSA-N,
6045,DOURXQGTTWDRAF-DKTXOJPGSA-N,
6046,SKGOHGZRLCHLAD-UHFFFAOYSA-N,
6047,YKIZSVUUOCDOQI-UHFFFAOYSA-N,
6048,SGRMSVKNPGIRBA-UHFFFAOYSA-N,
6049,QEPPAOXKZOTMPM-UHFFFAOYSA-N,
6050,MQVHGJFSPXSFHS-KPSZGOFPSA-N,
6051,ZFJHBOQPLRETQA-UHFFFAOYSA-N,
6052,FDXKQIKFYJLWOC-MTDXEUNCSA-N,
6053,VFAJYYGKZZDBFN-UHFFFAOYSA-N,
6054,UTJVZQIQJAVXNH-OEAKJJBVSA-N,
6055,VOSYGXWUUNKDOP-UHFFFAOYSA-N,
6056,ZWQBXMCOZWYXPE-UHFFFAOYSA-N,
6057,KQWFGEBYNFLLSS-RJRFIUFISA-N,
6058,PMATZTZNYRCHOR-CGLBZJNRSA-N,
6059,XDGRRGICKANPTB-UHFFFAOYSA-N,
6060,GYRMJHMRXZGPIZ-BBBNYMBOSA-N,
6061,BMPFDLILMPIUOA-ISLYRVAYSA-N,
6062,RRFKBXJQFBLCHO-UHFFFAOYSA-N,
6063,LLXZVONSOWGFJC-IZZDOVSWSA-N,
6064,LSRDYAAXEDQABD-UHFFFAOYSA-N,
6065,WDKMQRBCNNTVHB-UHFFFAOYSA-N,
6066,SDBXCGIPGMBOSJ-UHFFFAOYSA-N,
6067,UPNLZZGYTQBGLI-UHFFFAOYSA-N,
6068,RLCMOWQLTYBXCC-UHFFFAOYSA-N,
6069,MIXRRIPPBRCSCQ-OQLLNIDSSA-N,
6070,OBDYZZDJCNBRKM-VGOFMYFVSA-N,
6071,BGSUMDCARXDQDY-LICLKQGHSA-N,
6072,HVZLRKXFOPKRNE-UHFFFAOYSA-N,
6073,HEOOHGVQTWVRSR-BFLUCZKCSA-N,
6074,IGZIWEJRUCQXBT-UHFFFAOYSA-N,
6075,IZRBWBHTBCWWHX-UHFFFAOYSA-N,
6076,PXISBMZXCKNRIL-UHFFFAOYSA-N,
6077,ATLIUJIEFAFYBZ-UHFFFAOYSA-N,
6078,NUXSOIASURUVAU-UHFFFAOYSA-N,
6079,MIEQWDZKGFHBET-UHFFFAOYSA-N,
6080,PGFLETJYXQVZSD-UHFFFAOYSA-N,
6081,UCWKLNZSXHXPMB-UHFFFAOYSA-N,
6082,BDJLNRPGWADYEK-WSDLNYQXSA-N,
6083,WTGANCSJWKJEEN-WFUJDJOZSA-N,
6084,ODFOOQMULMJXSG-ALERXTORSA-N,
6085,ZARXKNIMTYUTCW-FRKPEAEDSA-N,
6086,UDBUKNAECQQGSK-UHFFFAOYSA-N,
6087,CPIYNGWBBRUNGH-UHFFFAOYSA-N,
6088,RRDUBKZHUJXICD-UHFFFAOYSA-N,
6089,UNZJWHRBBRQDCO-UHFFFAOYSA-N,
6090,NPVIJJWTRAVAKR-SFQUDFHCSA-N,
6091,IPLZMCMOVLMPTM-FXIKFWFJSA-N,
6092,QTTFZKVHOYSYCT-ZHACJKMWSA-N,
6093,OPMQCHAYTKQVGD-UHFFFAOYSA-N,
6094,USEKRKPHDCIWDN-UHFFFAOYSA-N,
6095,AZRYWANTCPGQHP-UHFFFAOYSA-N,
6096,NBJPOPPYJNCRSS-UHFFFAOYSA-N,
6097,WIEXDLHSVHNXGQ-UHFFFAOYSA-N,
6098,HAPMIMSJMUPOFG-UHFFFAOYSA-N,
6099,QIJPHCXXSPFIMF-USNSHUAOSA-N,
6100,NMKVYOCGAZOCKD-UHFFFAOYSA-N,
6101,CYOWZVHJZBXWDW-UHFFFAOYSA-N,
6102,UYDFFWBONYOJKU-PMACEKPBSA-N,
6103,RGJONKKMBWPLQS-KGPYPHOUSA-N,
6104,BTPGQECHVMXBDU-CHQNGUEUSA-N,
6105,GCXOJSSBLOSPBR-UHFFFAOYSA-N,
6106,NGZBNXAQPDJTCF-UHFFFAOYSA-N,
6107,RWFMUTKWHQGNDU-VOTSOKGWSA-N,
6108,LTKSGDVBXLINLU-UHFFFAOYSA-N,
6109,HTHFJGMYVRRFSI-UHFFFAOYSA-N,
6110,XHSGRCVJPLAQLJ-UHFFFAOYSA-N,
6111,KAAPNDJRXKZWGY-UHFFFAOYSA-N,
6112,UCVSFUDZGLPCAO-UHFFFAOYSA-N,
6113,AEJADMKDJZDZED-UHFFFAOYSA-N,
6114,SELLHCLYRAAOGX-UHFFFAOYSA-N,
6115,LXMKTXOOARAURQ-UHFFFAOYSA-N,
6116,MKYKBFDSLDCIBN-UHFFFAOYSA-N,
6117,NDEOTZXSBKCQLS-LBHOTPKDSA-N,
6118,BGTFAVHCDMORNO-OAHLLOKOSA-N,
6119,WRVQLFITZXGNNG-YMZPMMFKSA-N,
6120,CQRBUCNIAWIELB-UHFFFAOYSA-N,
6121,ITJJJNUMAKOQDJ-UHFFFAOYSA-N,
6122,JJRJXRIATRYMPF-UHFFFAOYSA-N,
6123,FAIMAHYJGBVOAK-UHFFFAOYSA-N,
6124,XMGYBXRKJQPWNM-UHFFFAOYSA-N,
6125,RHPNOOKZJJVHHQ-UHFFFAOYSA-N,
6126,BQWCOMLGMMPVRF-UHFFFAOYSA-N,
6127,KAQUPJAZNMGIAG-UHFFFAOYSA-N,
6128,ZITXYQQBTMFCLV-UHFFFAOYSA-N,
6129,ZZBJAKYZLHHRLH-UHFFFAOYSA-N,
6130,BWMIKKMHCOAANP-UHFFFAOYSA-N,
6131,CJLCWLXUNKWQGY-UHFFFAOYSA-N,
6132,AKGYIDSPSBEESQ-UHFFFAOYSA-N,
6133,OPKUEXIXAGLNGI-TYCQWZJGSA-N,
6134,ZCTXXKNPZRZYOG-UHFFFAOYSA-N,
6135,VDSBRZMBHAEDDF-UHFFFAOYSA-N,
6136,OZMJUMYHYOIYQG-UHFFFAOYSA-N,
6137,HRQXBXARJUBACZ-UHFFFAOYSA-N,
6138,UNGNWAIGGKTYOR-UHFFFAOYSA-N,
6139,FEDMRGHSJHSXOK-UHFFFAOYSA-N,
6140,WTRYUZRWLPJGTQ-BHBWVORQSA-N,
6141,ZXIBTXQKYQTZAX-KVQBGUIXSA-N,
6142,XSMDWJYBSDNPQC-IWCJZZDYSA-N,
6143,ZBKFXFLYXINJMO-RVXWVPLUSA-N,
6144,IKFHSDYGNCDIMY-XKLVTHTNSA-N,
6145,SIZLYHVFGJCQJB-BBBNYMBOSA-N,
6146,WLWPUWOSRSCLIZ-YPKZDWGUSA-N,
6147,XXQUHPYPOAXEOL-ZVBGSRNCSA-N,
6148,IFPUGJUTYJLIOE-VFDNREJYSA-N,
6149,TVMAPVPXCPTMCA-HSRLWUEKSA-N,
6150,DIWYDKFOADYKMS-BQYQJAHWSA-N,
6151,SRZHMALTQLRXTD-IZZDOVSWSA-N,
6152,RQTURHVNEKPRHA-UHFFFAOYSA-N,
6153,PCUPMVDOMLPTKI-UHFFFAOYSA-N,
6154,DIQVZOXRQZBNGP-UHFFFAOYSA-N,
6155,QFWJHNIUNCEGIV-UHFFFAOYSA-N,
6156,GSHJERYBGPOWFB-GVDBMIGSSA-N,
6157,IEJNKQYBMJIRJU-MXWIWYRXSA-N,
6158,TYUHMMUUMWZPDB-UHFFFAOYSA-N,
6159,RIDHURMQNPEMTN-UHFFFAOYSA-N,
6160,LJRWLMONIMNZRZ-UHFFFAOYSA-N,
6161,OORLDEINXMZERD-UHFFFAOYSA-N,
6162,QLKKAHMPXXNXEX-UHFFFAOYSA-N,
6163,ZIWFTCLAYMWLOK-UHFFFAOYSA-N,
6164,MZLICONWOADJLO-UHFFFAOYSA-N,
6165,LOGUPSSZMNTALP-UHFFFAOYSA-N,
6166,KQSUYFWVOMMLIG-UHFFFAOYSA-N,
6167,FCESZJDAPQCXLD-UHFFFAOYSA-N,
6168,XIXGPLLCOCPLOR-UHFFFAOYSA-N,
6169,NDHLJNVLTSAWIK-UHFFFAOYSA-N,
6170,GPABMSHQIJDJMS-UHFFFAOYSA-N,
6171,YXRXDQQOPRSOGB-UHFFFAOYSA-N,
6172,CXRLQBYGPWEWJP-LSDHHAIUSA-N,
6173,JDTQYAMKPPWYQG-UHFFFAOYSA-N,
6174,ZSYJXHYNOXSEKA-MDZDMXLPSA-N,
6175,GJJKARQHSXJKNX-UHFFFAOYSA-N,
6176,SVPKNMBRVBMTLB-UHFFFAOYSA-N,http://coconutKG.aksw.org/data/molecule/816600
6177,KEGLSEMSUHHFTM-CRCCJMMFSA-N,
6178,UDBPHZUMZVIFCA-XDHOZWIPSA-N,
6179,VWBYNUFXYIBZNI-UHFFFAOYSA-N,
6180,ARDSFNTYAWJFAN-UHFFFAOYSA-N,
6181,WUOSXIFGIGUEPI-UHFFFAOYSA-N,
6182,ZTZPCRFGJFGTFI-UHFFFAOYSA-N,
6183,WAOPHTAIVSNOGX-UHFFFAOYSA-N,
6184,RTOGEHDIKJPZHX-UHFFFAOYSA-N,
6185,JALYYFLGNMWELW-UHFFFAOYSA-N,
6186,AZVNUVFPENIDGI-UDWIEESQSA-N,
6187,UVUBABPYVNZIJI-XMHGGMMESA-N,
6188,QTULDPYLTJTMSM-UHFFFAOYSA-N,
6189,NUTZCNFJVIOJTI-UHFFFAOYSA-N,
6190,QIWLCGOYUQUQHI-UHFFFAOYSA-N,
6191,AVEWKRONOBTESG-UHFFFAOYSA-N,
6192,ARYKZNLDSXWMCN-UHFFFAOYSA-N,
6193,DKLRVYIBCLXUSJ-UHFFFAOYSA-N,
6194,TXXZKVKKRZFZAS-UHFFFAOYSA-N,
6195,RPAORVSEYNOMBR-IUIKQTSFSA-N,
6196,HLRVGHSWSPPTDS-UHFFFAOYSA-N,
6197,IONJJIDMPXPECU-UHFFFAOYSA-N,
6198,HBUFHBZBFGRNLL-UHFFFAOYSA-N,
6199,WFLGVZBPAQEEGC-UHFFFAOYSA-N,
6200,MKICRIWMZBMNJQ-FMIVXFBMSA-N,
6201,SMZKLAUBVGDDTM-UHFFFAOYSA-N,
6202,GVSRZPKCIQOBLV-UHFFFAOYSA-N,
6203,DDCWRCBTMXQMOC-UHFFFAOYSA-N,
6204,GVWWWFAPIJDUQY-JKSUJKDBSA-N,
6205,NWEOJCCVZRRHHT-JKSUJKDBSA-N,
6206,ICTJOQARUPAVAE-UHFFFAOYSA-N,
6207,NCIABWFZLZTAJL-UHFFFAOYSA-N,
6208,MXISCTLEHVAHLR-UHFFFAOYSA-N,
6209,GBOJIOBZHIDHJJ-UHFFFAOYSA-N,
6210,KQYBJQMCVJMFSR-UHFFFAOYSA-N,
6211,ZLURGGQKHDYXJW-UHFFFAOYSA-N,
6212,YCZPMEOOTYJXFA-UHFFFAOYSA-N,
6213,JYLFJBUYLNEPFH-UHFFFAOYSA-N,
6214,ZZKKPTBZYNFSFX-UHFFFAOYSA-N,
6215,TYQBAYRUJLAIBM-LDADJPATSA-N,
6216,VYQGJUFDIVWVNR-UCUGPLMPSA-N,
6217,SQOLBARZKFVMNO-OQLLNIDSSA-N,
6218,BPWJVJQGZGBDJH-WEVVVXLNSA-N,
6219,FOAQVLYLTYHFNO-NTEUORMPSA-N,
6220,SEUQKSILENGZBY-UHFFFAOYSA-N,
6221,CQIACFJXPBKTCI-UHFFFAOYSA-N,
6222,KVSGRVWBMQEWPD-UHFFFAOYSA-N,
6223,KFLMCOQCVKYWNX-RUDMXATFSA-N,
6224,UIEWYHUUSJLKRI-BJMVGYQFSA-N,
6225,UVTGJIVQBYEWTG-CTTHXGCLSA-N,
6226,LQOSVEYYDCNIQM-UHFFFAOYSA-N,
6227,RAGOYPUPXAKGKH-XAKZXMRKSA-N,
6228,APKMCRKIHKSVAA-UHFFFAOYSA-N,
6229,AQHUHUFUFIFUFS-UHFFFAOYSA-N,
6230,IZBYDSLSFGCHSJ-UHFFFAOYSA-N,
6231,OBWBCJJBFYDAHK-UHFFFAOYSA-N,
6232,XWFSSXGZOKXSNZ-UHFFFAOYSA-N,
6233,RDDLUSHEMUYFRQ-UHFFFAOYSA-N,
6234,MTJPIDCYCINDBL-UHFFFAOYSA-N,
6235,JSCCKPRMWSEEFJ-UHFFFAOYSA-N,
6236,MWPNCIGQTGUTPD-UHFFFAOYSA-N,
6237,FWZZPAQTZUQOPZ-XXLQHYSLSA-N,
6238,HFYVJDDISIDMQP-JKSUJKDBSA-N,
6239,OMZQJXJZHLKEQR-UHFFFAOYSA-N,
6240,MQOWYXFDGCIXJR-UHFFFAOYSA-N,
6241,CBRQGYAKOWAFDS-UHFFFAOYSA-N,
6242,HGTUGOMVRBEJQL-UHFFFAOYSA-N,
6243,ABLLZVRKYUXMHV-UHFFFAOYSA-N,
6244,ZUBWMDZBIUYNQQ-MKXPYNMCSA-N,
6245,XMMJFODQEJFQPM-LFYBBSHMSA-N,
6246,KJGPBYUQZLUKLL-UHFFFAOYSA-N,http://coconutKG.aksw.org/data/molecule/27997
6247,AEDDIBAIWPIIBD-ZJKJAXBQSA-N,
6248,GGJLFCSSMZYADC-UHFFFAOYSA-N,
6249,LUHDTHRODISRMN-UHFFFAOYSA-N,
6250,QFZNMVFZOBJIQX-MHWRWJLKSA-N,
6251,BEALHAMHOUUVQH-DHELDDLOSA-N,
6252,YLCPBPBBPCPOHF-UHFFFAOYSA-N,
6253,DOEYSAQHPSBCIB-UHFFFAOYSA-N,
6254,MGEVYXUYSNLFOQ-UHFFFAOYSA-N,
6255,OZZIYCGCHYLQCO-CDJQDVQCSA-N,
6256,RKWMPFMPGQRKBC-UHFFFAOYSA-N,
6257,NAZYLZVCEFNTEV-UHFFFAOYSA-N,
6258,SVVVQFSMJAKAKR-UHFFFAOYSA-N,
6259,UNJMUQXUKQIYER-UHFFFAOYSA-N,
6260,YJPWPZUOOFGQNC-UHFFFAOYSA-N,
6261,ZUKNWGIRWRHHPH-KCHLEUMXSA-N,
6262,KNPHXKWUIHWCRM-NFGXINMFSA-N,
6263,UULSCOLFHVNVPK-GVUKDKGQSA-N,
6264,CZNISKNVRARDQF-UHFFFAOYSA-N,
6265,RSYAVBDYPIHRHK-UHFFFAOYSA-N,
6266,NLPSCJTVXQJMIE-JDTMTQPXSA-N,
6267,UAPCOFDJSIHXQL-JBZDNPHWSA-N,
6268,QMCFLKYJFZUZFG-JRWPLQFESA-N,
6269,DEUPQSNSERZQJD-PXGVIBGPSA-N,
6270,NXEXSPBIKBHMDT-UHFFFAOYSA-N,
6271,HNFXQYHDBDKWDZ-UHFFFAOYSA-N,
6272,QBYDUPWXZIBNSG-UHFFFAOYSA-N,
6273,RDYJLTXGRLUHLK-UHFFFAOYSA-N,
6274,SYUPUPJDQHJNKF-UHFFFAOYSA-N,
6275,FGLWWOKPHSRCFD-UHFFFAOYSA-N,
6276,CPKIQSVRMJQNFX-UHFFFAOYSA-N,
6277,IKJFKYHRADSSHV-UHFFFAOYSA-N,
6278,JASLBHCNQPBUJT-UHFFFAOYSA-N,
6279,JBDHZKLJNAIJNC-LLVKDONJSA-N,
6280,ZFUSYYQLMMWGCT-UHFFFAOYSA-N,
6281,GRVARVTXMWWZOZ-UHFFFAOYSA-N,
6282,JPKBCGJMAIIKTJ-UHFFFAOYSA-N,
6283,ZYGTUFSERFVICE-UHFFFAOYSA-N,
6284,CCTYRSIADIKYGO-UHFFFAOYSA-N,
6285,UNMMKYPMUWWFDD-UHFFFAOYSA-N,
6286,SWZHALBNGGORGF-UHFFFAOYSA-N,
6287,LLADLGWCMOSCNQ-UHFFFAOYSA-N,
6288,DFUHQKOZBAXEMT-UHFFFAOYSA-N,
6289,VZFUQCHYHZGDMD-UHFFFAOYSA-N,
6290,FHYIQGQCNNNRQX-UHFFFAOYSA-N,
6291,JLWJJNHZFYJHAT-UHFFFAOYSA-N,
6292,SJCMNAYHILHKKY-UHFFFAOYSA-N,
6293,FIDPXQKTRQYRSP-UHFFFAOYSA-N,
6294,FKGXERUHEQMSPS-UHFFFAOYSA-N,
6295,QWKVPQREGQLXFO-UHFFFAOYSA-N,
6296,KWDVEQBSRZNADP-UHFFFAOYSA-N,
6297,LEIMWPHCQNXKKM-UHFFFAOYSA-N,
6298,AYRMCKGXAVTZID-UHFFFAOYSA-N,
6299,AFHBJHZWUKBVNT-UHFFFAOYSA-N,
6300,KXPKAWSKRGHCMJ-UHFFFAOYSA-N,
6301,MJGHRITVNMMXLS-UHFFFAOYSA-N,
6302,USAIDVPUQGPARX-UHFFFAOYSA-N,
6303,DXBCCYFFMPEPOD-UHFFFAOYSA-N,
6304,LLVGGHXHNYWJAU-UHFFFAOYSA-N,
6305,ZURCAJZYZQWEDZ-UHFFFAOYSA-N,
6306,BAASQSJEWMYWAK-UHFFFAOYSA-N,
6307,JMUYOBNPRAEQDK-BJQRDSPESA-N,
6308,IMXQHIQNAKWAOL-BJQRDSPESA-N,
6309,YINRFVOFJFCKDI-UHFFFAOYSA-N,
6310,KZIBFBLFUXMPFG-UHFFFAOYSA-N,
6311,XTHDWVFFLQXTJM-YIXHJXPBSA-N,
6312,LWLWWFQDABJJFE-UHFFFAOYSA-N,
6313,ZZUOERDVYIHZSM-UHFFFAOYSA-N,
6314,IIMPDRGCWKYENX-FDYRDFEWSA-N,
6315,JBDGUOCQMGPDHK-WPUBFDFZSA-N,
6316,SIXNJAZDRWJYIP-QHKXGOAWSA-N,
6317,RKQUPIHFCPEGLX-OOXHEEBBSA-N,
6318,LUVZGFBFEUEILN-LFYBBSHMSA-N,
6319,FDLKEYYDFHKMEP-UHFFFAOYSA-N,
6320,GEYZSIFGYUZJJM-UHFFFAOYSA-N,
6321,LRXXMDSONRYLBS-UHFFFAOYSA-N,
6322,ICEXQKWUPVLZSV-UHFFFAOYSA-N,
6323,DLSFAJHHDXJOAO-UHFFFAOYSA-N,
6324,VJIXFHKPSUDGQR-UHFFFAOYSA-N,
6325,KQOSVPGGAFPZAC-UHFFFAOYSA-N,
6326,QBYGIQHUJDCEQF-UHFFFAOYSA-N,
6327,VXOCRVVLFZTWDA-UHFFFAOYSA-N,
6328,VOQXUVOVAWJPFB-UHFFFAOYSA-N,
6329,ZRNUAHJYGFXLFI-UHFFFAOYSA-N,
6330,MRYPIYDPVCUZPN-ZHACJKMWSA-N,
6331,VAGMONAMFIQZIK-VQHVLOKHSA-N,
6332,MZIHDUKSNXTLMD-UHFFFAOYSA-N,
6333,ANWMMHAUJUSRNM-UHFFFAOYSA-N,
6334,SVKGCPPCBDJOEG-UHFFFAOYSA-N,
6335,UEIVPYAAUIPEQU-UHFFFAOYSA-N,
6336,ONJNZBOYWFPGOK-UHFFFAOYSA-N,
6337,CDGDITDBGHDIMQ-UHFFFAOYSA-N,
6338,YWQIFVJRRYQBLF-UHFFFAOYSA-N,
6339,MMXAKLUJLSWDEB-UHFFFAOYSA-N,
6340,CUHMRZBFKJMSFQ-IZCXSWDTSA-N,
6341,FPNDRDUWRNKBRK-UHFFFAOYSA-N,
6342,AWWZJBFJTIFVRS-UHFFFAOYSA-N,
6343,QCKPPJYQWXOQMU-UHFFFAOYSA-N,
6344,SELLQELQMGEERR-UHFFFAOYSA-N,
6345,XAESEGCRXSNBBJ-UHFFFAOYSA-N,
6346,WRFSLMIHSDTSNU-CCVNUDIWSA-N,
6347,NTUBCDHCZCTSCK-NUGSKGIGSA-N,
6348,ZXEUOLQYDRCKHU-AUEPDCJTSA-N,
6349,JVWRQVJPLHZJCO-UHFFFAOYSA-N,
6350,KRXHEKQYRUYRFC-PJQLUOCWSA-N,
6351,LKNJWNCSNCLTPA-UHFFFAOYSA-N,
6352,LALIJJOOVRPNFX-UHFFFAOYSA-N,
6353,REMSSOCTCKAZGO-UHFFFAOYSA-N,
6354,YXHVCZZLWZYHSA-BQYQJAHWSA-N,
6355,MHYQHWLKERVOMZ-UHFFFAOYSA-N,
6356,UOCAFXNMIYTDTM-UHFFFAOYSA-N,
6357,HRFIDFNJWZHSJR-UHFFFAOYSA-N,
6358,JYQRIBRALUMQPE-LLJUTCKSSA-N,
6359,DEQIKGZYUVQMOR-UHFFFAOYSA-N,
6360,LYCYAZONFAOVEI-RMKNXTFCSA-N,
6361,NTSJTUJGPDBKPP-RMKNXTFCSA-N,
6362,CACLWXZGZAHEOJ-AATRIKPKSA-N,
6363,XGIOVUJXOSKTFG-UHFFFAOYSA-N,
6364,VLXHBQREVKXSHN-UHFFFAOYSA-N,
6365,PFIZBYZPQZQVLO-UHFFFAOYSA-N,
6366,ZJPOGJHUKIGWGD-UHFFFAOYSA-N,
6367,PAAZBQPBJXGJQC-UHFFFAOYSA-N,
6368,PYGHAAJDZNUSEJ-MNOVXSKESA-N,
6369,KHQXBALDPGYVKG-UHFFFAOYSA-N,
6370,JNVNBAHEIXHNOU-UHFFFAOYSA-N,
6371,PHLDARUQWDWKNW-UHFFFAOYSA-N,
6372,CQBLLNXLEGNJNV-UHFFFAOYSA-N,
6373,RFUVEBCVLHHOSM-CAOOACKPSA-N,
6374,FIYGLTHPLNZRON-QGMBQPNBSA-N,
6375,OQBZIJHUVOXVJC-UHFFFAOYSA-N,
6376,ORKXJWRZJCHYDN-UHFFFAOYSA-N,
6377,PTZUSRHURJXIOB-UHFFFAOYSA-N,
6378,ULRSTQYXIYZVRL-ZDUSSCGKSA-N,
6379,VSEYMBZJMCMEAJ-UHFFFAOYSA-N,
6380,JCHCONQLMWBUAK-QYVSTXNMSA-N,
6381,JAYYVUMIZTUVEY-SDBHATRESA-N,
6382,SWLHGOCMPAGXTI-UUOKFMHZSA-N,
6383,GYZCDFRGGBRRKI-KQYNXXCUSA-N,
6384,TUIFEIKXGUMZMR-UHFFFAOYSA-N,
6385,ZJNDTXYOMFTHTM-UHFFFAOYSA-N,
6386,QPQPENLTZREDSY-UHFFFAOYSA-N,
6387,QCLPUTBXENNSJH-UHFFFAOYSA-N,
6388,COQXHRWQBQYKCN-UHFFFAOYSA-N,
6389,YJASSCCVERXTPB-UHFFFAOYSA-N,
6390,TYJMUSXFWAVRGM-FRLFRUAOSA-N,
6391,VOXVYBJMEWOBIH-FRLFRUAOSA-N,
6392,WWWIPAPUNXOVKC-XHEVOQBISA-N,
6393,PNXZEIMAYRKMPZ-FRLFRUAOSA-N,
6394,USAKFQGAYKIPAR-RMOVSUMHSA-N,
6395,KBENOEPXNREMBM-RMOVSUMHSA-N,
6396,FGCNYWBGEQPXGR-UHFFFAOYSA-N,
6397,QQXXKKCRHRSUIR-UHFFFAOYSA-N,
6398,SVDDZIRLYMXQJH-OMCISZLKSA-N,
6399,IWRXYOMOMQZFBT-UHFFFAOYSA-N,
6400,BRAFLVHCGCHFSQ-UHFFFAOYSA-N,
6401,GKXNEFIREUBCTN-UHFFFAOYSA-M,
6402,XWJMFRAZJVALGT-UHFFFAOYSA-M,
6403,OSDHBQDXTBIXQO-UHFFFAOYSA-N,
6404,VMQZBGWXXOCOJF-ZDVGBALWSA-N,
6405,UTEPUAWWOXMYKH-UHFFFAOYSA-N,
6406,JEPIKWHWOUIGJU-UHFFFAOYSA-N,
6407,MBVKITLRQRCZFW-UHFFFAOYSA-N,
6408,JIUGDKHXUOPLEV-UHFFFAOYSA-N,
6409,GPPNYRTXACDFDQ-UHFFFAOYSA-N,
6410,SOALKBCBCUSNOF-DMFHDPHMSA-N,
6411,SBFOEFVRAPJVDN-UHFFFAOYSA-N,
6412,OVRPPHQYAMQXEL-UHFFFAOYSA-N,
6413,UKGCJHGMQPCXEM-UHFFFAOYSA-N,
6414,VMYABVHQTBRFPK-UHFFFAOYSA-N,
6415,NRKMONYDMJQDBP-UHFFFAOYSA-N,
6416,WISLRZADXFYSET-BUZBWCNWSA-N,
6417,AKVBJGXAEANPJM-DVGWHCFMSA-N,
6418,SAUXUZMFIXOULV-CYBMUJFWSA-N,
6419,IPSCEEDMLVAPAA-ZDUSSCGKSA-N,
6420,NHHVMACQCDMBTB-RQZCQDPDSA-N,
6421,YPWUXSFFNJZFHX-UHFFFAOYSA-N,
6422,JEJKJYMUGNKXFB-UHFFFAOYSA-N,
6423,KEEMRXMSUZSRIZ-UHFFFAOYSA-N,
6424,QBSGEUREQHFLNJ-UHFFFAOYSA-N,
6425,VRLLHOIQMAAVRH-UHFFFAOYSA-N,
6426,FKLVQWAMVYDWKR-UHFFFAOYSA-N,
6427,YHSVUYJAJAQREJ-UHFFFAOYSA-N,
6428,AYVMZZTWLNDULF-UHFFFAOYSA-N,
6429,QFPXBVYGCDAYMW-UHFFFAOYSA-N,
6430,SNIHFZNFPCCTSV-UHFFFAOYSA-N,
6431,ONCZDRURRATYFI-QTCHDTBASA-N,
6432,SPULCWPTJVFEOS-UHFFFAOYSA-N,
6433,AULZAOYATYMWMK-UHFFFAOYSA-N,
6434,UKAOXPJDWHIACQ-VXLYETTFSA-N,
6435,GLDYGNQAROJHHS-VXLYETTFSA-N,
6436,PWTJJPSHOLKBPE-UHFFFAOYSA-N,
6437,RZJKBIVTXWZEPN-UHFFFAOYSA-N,
6438,DYISCPPMYSWRMD-UHFFFAOYSA-N,
6439,PCRVRINEUAYOAU-AWEZNQCLSA-N,
6440,XJBZKNDASCSZRL-UHFFFAOYSA-N,
6441,IVFGIXMLURJXBZ-UHFFFAOYSA-N,
6442,CDHJFLVXBDBRMT-DNTJNYDQSA-N,
6443,KTFGUVGFVBPPMF-UHFFFAOYSA-N,
6444,RGYKZZYNXRZLIJ-UHFFFAOYSA-N,
6445,IPSCEEDMLVAPAA-CYBMUJFWSA-N,
6446,ACGFNHMOWGLWRG-VXLYETTFSA-N,
6447,NBUAIVBXANEDGZ-ZCXUNETKSA-N,
6448,LIQVNLJBHQWQTM-MQZPDVFYSA-N,
6449,OSFLTUBNBXWBHG-XFUYZNCPSA-N,
6450,GCXVOOOQLXNGGU-SSDVNMTOSA-N,
6451,LEHCWPXGSDLCRO-GFYVDCOPSA-N,
6452,YERUMUXLLQMXCB-BCIUBUCBSA-N,
6453,DRAHLQSTWPNXRI-UHFFFAOYSA-N,
6454,HFSHHMTXTVRIBB-UHFFFAOYSA-N,
6455,ZALGFXBCDJIIBL-DVKSKCSOSA-N,
6456,KCSKKUKGQIPPAF-NWADKGONSA-N,
6457,VSGKVJPCJOJUBP-TWEVDUBQSA-N,
6458,CTPFWVHDVOKBSN-UHFFFAOYSA-N,
6459,FUFPLRFSDOPTTE-UHFFFAOYSA-N,
6460,VCCYIWMCXDRTJQ-GPIXMLASSA-N,
6461,GVGMANDNXQJMER-UHFFFAOYSA-N,
6462,CUCHBTQZOXIBPD-UHFFFAOYSA-N,
6463,AVJBQMXODCVJCJ-UHFFFAOYSA-M,
6464,ZZIHEYOZBRPWMB-UHFFFAOYSA-N,
6465,MUQWPBQKCQASMF-UHFFFAOYSA-N,
6466,PXNSFBOGECTHRT-GOSISDBHSA-N,
6467,XYDHIKMXACSFLR-UHFFFAOYSA-N,
6468,WWPUOWPQZKXQEP-UHFFFAOYSA-N,
6469,BXBIOKKGLQQWEM-UHFFFAOYSA-N,
6470,RNCWWGNEAORLKS-UHFFFAOYSA-N,
6471,BMXSIPWFEFXFBG-UHFFFAOYSA-N,
6472,KRYDMYLIBLILCL-UHFFFAOYSA-N,
6473,AEIFVMCFMVVJQZ-UHFFFAOYSA-N,
6474,GYJXXMUJBDQNFW-UHFFFAOYSA-N,
6475,DEYYBCDQVVRXBP-UHFFFAOYSA-N,
6476,RITVJCCQDUPWNN-HWKANZROSA-N,
6477,SMLSVWIZCPYFGD-ONEGZZNKSA-N,
6478,PFISQWBYPMMZPL-UHFFFAOYSA-N,
6479,IHBSFVGRBKWZOH-UHFFFAOYSA-N,
6480,DBVGNSLOMCSVTN-UHFFFAOYSA-N,
6481,RURCTLVNIKAKHX-UHFFFAOYSA-N,
6482,CHQIPUOKHVWIHY-SAERGTNASA-N,
6483,QEORKIAKRBEAQX-REZTVBANSA-N,
6484,DXRCBRDEXSOCGK-MKMNVTDBSA-N,
6485,OKDIDQQSTDFDEN-UHFFFAOYSA-N,
6486,VVTAEKUKDZYZQD-UHFFFAOYSA-N,
6487,LWBXNFIKISJLRC-UHFFFAOYSA-N,
6488,YLJVYPDSRRTFDJ-IBGZPJMESA-N,
6489,RZUZXHUAXTWGBX-UHFFFAOYSA-N,
6490,SWSWYXJWJBVWFU-UHFFFAOYSA-N,
6491,XJDBWBPUAASTKZ-UHFFFAOYSA-N,
6492,VDRSXQBRVOLMCZ-UHFFFAOYSA-N,
6493,ZITCPUXWBHEWPV-UHFFFAOYSA-N,
6494,NHARSIGNNYWBJD-UHFFFAOYSA-N,
6495,OEOKDWVHWLHYAL-UHFFFAOYSA-N,
6496,IXXKRBJLCKXYKX-UHFFFAOYSA-N,
6497,DYPDEHNIUIWDOH-UHFFFAOYSA-N,
6498,QZRZCWMRYOOKMU-UHFFFAOYSA-N,
6499,AHKMKTMGBCIBHW-UHFFFAOYSA-N,
6500,LFJKYZCGWXWFJE-UKRRQHHQSA-N,
6501,FYNZPHYKPPZBFB-MSTCJZGASA-N,
6502,BCLDWXKOYUWWRT-CAOOACKPSA-N,
6503,LGQSRWGFROZABC-UHFFFAOYSA-N,
6504,BVCNOCQPBDAQSS-UHFFFAOYSA-N,
6505,KOARMFQIQYMPKX-UHFFFAOYSA-N,
6506,GYLIXRZGMBZSMD-UHFFFAOYSA-N,
6507,NUPFOJCCUIFZMS-UHFFFAOYSA-N,
6508,OVVUEJIIMUONRC-UHFFFAOYSA-N,
6509,ZWCLPVKCQKRHDP-SSDVNMTOSA-N,
6510,HZKCDCAKMOYYJQ-OLZOCXBDSA-N,
6511,BLXXUTVXRNZUQX-UHFFFAOYSA-N,
6512,HYEUJWFTWDERQI-UHFFFAOYSA-N,
6513,XIBJAPQOQZRYLU-UHFFFAOYSA-N,
6514,UVFDIVBAPDDQLB-UHFFFAOYSA-N,
6515,BLWYQHXPQQFXMF-UHFFFAOYSA-N,
6516,QCRLCGHQQWFKPE-UHFFFAOYSA-N,
6517,OZBIGCDBGGIFPL-UHFFFAOYSA-N,
6518,TWJXTJFWKWMZRY-UHFFFAOYSA-N,
6519,IJGDGRMCHJUXEN-UHFFFAOYSA-N,
6520,YDTPSQSJIXBDIL-RHQMAGSPSA-N,
6521,GYEGBFUEMLBSFM-UHFFFAOYSA-N,
6522,TUHAXJRKHALZKK-LJQANCHMSA-N,
6523,RPSXYPQHBJUCOE-UHFFFAOYSA-N,
6524,XUZJLPCTMOILMG-UHFFFAOYSA-N,
6525,DMXKXBFFJSYDLG-JAZQRGJZSA-N,
6526,QWOGTLBFOVFJQK-PNHOKKKMSA-N,
6527,RYHOPLLDQPIBLI-JXFKEZNVSA-N,
6528,TYCXLEYHLWUCPO-UHFFFAOYSA-N,
6529,LZVXMQSBBKKRHL-UHFFFAOYSA-N,
6530,PRTKARQZWFCOMN-GQCTYLIASA-N,
6531,DWTOYKGTHRMKFO-GQCTYLIASA-N,
6532,QJDSSHBNJASCRK-UHFFFAOYSA-N,
6533,SEMDAOTWMGQJDD-UHFFFAOYSA-N,
6534,WFMWFIJMQIVRKV-UHFFFAOYSA-N,
6535,XUQOPKUVUHKWPT-UHFFFAOYSA-N,
6536,VMWIDQGRNVOKDY-UHFFFAOYSA-N,
6537,BZNCDNIDKDHDFX-UHFFFAOYSA-N,
6538,RLOCUCWEQXSTGI-UHFFFAOYSA-N,
6539,SPLQPEMRPVQRPK-RPPGKUMJSA-N,
6540,PXGLQBHFHQBXTR-LSFURLLWSA-N,
6541,GLRYVZZFTICXNL-JFLMPSFJSA-N,
6542,HFFGYPWGUQDTSU-GIDUJCDVSA-N,
6543,AKYSJCGKQJLIEI-UHFFFAOYSA-N,
6544,NUSXIGWKAHRZFJ-UHFFFAOYSA-N,
6545,USIKCXQLXHGVDD-OAHLLOKOSA-N,
6546,HCEUKUYCMKEOMQ-UHFFFAOYSA-N,
6547,XCQAHAXFZZYKIZ-UHFFFAOYSA-N,
6548,DJYACKOKJDWRNH-UHFFFAOYSA-N,
6549,RXBACWAZCFOBRQ-UHFFFAOYSA-N,
6550,NHAZZKPNVMAUMZ-UHFFFAOYSA-N,
6551,DFAFZNZFCNCWPC-UHFFFAOYSA-N,
6552,XRNMIOFZOYEZHT-UHFFFAOYSA-N,
6553,RTFJHDBDCZXMQA-UHFFFAOYSA-N,
6554,ONCHNFIHKXRCSZ-UHFFFAOYSA-N,
6555,JTUWNBBDTWDECS-UHFFFAOYSA-N,
6556,NOWKOHWGTMLTPW-RQZCQDPDSA-N,
6557,RZOCAYMNJQUXEF-UHFFFAOYSA-N,
6558,CDCQQRSUJRODKM-QTQZEZTPSA-N,
6559,CPCODSBGHAMIOC-UHFFFAOYSA-N,
6560,NCFADVGMVIJELQ-BEEDKBRMSA-N,
6561,UISCOYCZAUQYBW-UHFFFAOYSA-N,
6562,RZOCHULUKJCFKC-UHFFFAOYSA-N,
6563,JHDXCMZBAOMJEI-UHFFFAOYSA-N,
6564,PMOAAZYLLIDTKY-UHFFFAOYSA-N,
6565,AUSYNOSMOCEPPZ-UHFFFAOYSA-N,
6566,OYZCNCYPIGMLIH-LVGFTMSDSA-N,
6567,HQSDEWIXGNYQLN-UHFFFAOYSA-N,
6568,HHVCZBOBCCQGAS-UHFFFAOYSA-N,
6569,KROZSLLLHYTKOO-UHFFFAOYSA-N,
6570,NXZAUINGPRFZPU-UHFFFAOYSA-N,
6571,JZKJICBAISIJJU-UHFFFAOYSA-N,
6572,WFALVGHRLRIEFX-RSXVEBEZSA-N,
6573,VDWHTVCWDRPXGY-UHFFFAOYSA-N,
6574,UJTNAQXUONVFIA-UHFFFAOYSA-N,
6575,XRASCEHGNXXMRO-UHFFFAOYSA-N,
6576,LNIBCIPNMARLMQ-NSPYISDASA-N,
6577,UTOAHSZXJGTOBE-CRICUBBOSA-N,
6578,CLGUWRCXQBHZEP-PIIWDFAUSA-N,
6579,LFHSCGMQFGAJJP-XHCCPWGMSA-N,
6580,PUCDAXHNIASIQS-XHCCPWGMSA-N,
6581,HGECODZWACEMDK-VOIUYBSRSA-N,
6582,XWGPVSJEZKKWCJ-XHCCPWGMSA-N,
6583,CISOROIGAWOTSX-UHFFFAOYSA-N,
6584,GNEGOXDKOUMPJX-UHFFFAOYSA-N,
6585,LEBUAISQNBERLK-UHFFFAOYSA-N,
6586,YRQCJMROYXAXMV-UHFFFAOYSA-N,
6587,GZXANDSBGNLNBP-UHFFFAOYSA-N,
6588,CVMFJMKDKKBSEC-UHFFFAOYSA-N,
6589,FYRONYVIFUYEEN-UHFFFAOYSA-N,
6590,ZPQKXTJLYNRLJM-UHFFFAOYSA-N,
6591,ZTWJGBMCIVUTBW-UHFFFAOYSA-N,
6592,VJDQNPOBASRSHH-KRWDZBQOSA-N,
6593,RJUVELFAGWSDNL-UHFFFAOYSA-N,
6594,AZZRABXKCJQOFU-UHFFFAOYSA-N,
6595,MBFOHQAOIYGVJQ-UHFFFAOYSA-N,
6596,ZOQUKKWOCULADY-UHFFFAOYSA-N,
6597,JNWDNAASYHRXMG-UHFFFAOYSA-N,http://coconutKG.aksw.org/data/molecule/48483
6598,VAKXLUHTYNZAFY-UHFFFAOYSA-N,
6599,UNCGSIXTLZAFKK-RXRZWAIISA-N,
6600,QPKORZDRSMDHDN-UHFFFAOYSA-N,
6601,DOBPIQQBMBXAIS-UHFFFAOYSA-N,
6602,NVKYQISOZZMEPO-UHFFFAOYSA-N,
6603,IBUPDMMMNDTFGH-UHFFFAOYSA-N,
6604,RHQXDNOBAWELTR-JLHYYAGUSA-N,
6605,RVWSUUREMWZSSS-UHFFFAOYSA-N,
6606,DFVFKUBRZCCQIT-XNTDXEJSSA-N,
6607,NPWXHTXMBIOHKI-UHFFFAOYSA-N,
6608,SLOORKXUFLBPSL-UHFFFAOYSA-N,
6609,VDCUKJRGHJAYON-UHFFFAOYSA-N,
6610,SZJFIYHXCJWTAT-UHFFFAOYSA-N,
6611,ICUHTMCUDQNKDK-UHFFFAOYSA-N,
6612,FPJCDQHWOJGOKB-UHFFFAOYSA-N,
6613,GFXLABIKXDNYFK-UHFFFAOYSA-N,
6614,ZQHOSYBLSYGUBK-UHFFFAOYSA-N,
6615,VQVATVPHIAZNKH-UHFFFAOYSA-N,
6616,JGWBEQNCDRQDII-UHFFFAOYSA-N,
6617,CKHCXYIYTCETLS-UHFFFAOYSA-N,
6618,AJIUOIIEAFPVBM-UHFFFAOYSA-N,
6619,JHHDPGPTPONLOU-UUOKFMHZSA-N,
6620,RNUZPSYUIWHVIR-GJDPQZJCSA-N,
6621,HMBYHLWBRBZVQZ-UUOKFMHZSA-N,
6622,HGIKEZLEAWOCFB-IOSLPCCCSA-N,
6623,PQCJGLQDIOZNSL-FBKXZERKSA-N,
6624,PQHWOIAWYDBESZ-UHFFFAOYSA-N,
6625,ZIMGGEXMXOMFEI-UHFFFAOYSA-N,http://coconutKG.aksw.org/data/molecule/557607
6626,VDKSHBHICGFVQG-UHFFFAOYSA-N,
6627,BZCRJHJPWIIZIH-UUILKARUSA-N,
6628,HUGUWQVNZAHXOJ-UHFFFAOYSA-N,
6629,PKRJTUKWKLYXNJ-LSHDLFTRSA-N,
6630,SYLGIRKWDMVGJM-KTZMUZOWSA-N,
6631,TZIJTRNTJLLTEI-UHFFFAOYSA-N,
6632,NMVAWIHZIHBCCU-UHFFFAOYSA-N,
6633,IBQONHUSQRCTDU-UHFFFAOYSA-N,
6634,SGGYCTLQRPLJLX-UHFFFAOYSA-N,
6635,NRGQTAUWWLJJLB-UHFFFAOYSA-N,
6636,VDEDGIQMPAFXNZ-UHFFFAOYSA-N,
6637,SXAJUVAFMFFQDT-UHFFFAOYSA-N,
6638,IBYIBTVYTZSSQN-UHFFFAOYSA-N,
6639,BIFAEQGLTFJGKY-UHFFFAOYSA-N,
6640,XIWIZLRSXVMDLX-UHFFFAOYSA-N,
6641,BRKALSCYVLLYOC-UHFFFAOYSA-N,
6642,RNMQNSMFXSJHMN-BQBZGAKWSA-N,
6643,BEISMKVZGAJRCB-UHFFFAOYSA-N,
6644,LCNNMCFKBKHPHV-OHMHCFLMSA-N,
6645,NJMXHUCQAZGWRE-UHFFFAOYSA-N,
6646,ZFZKHGIBLUJBDD-UHFFFAOYSA-N,
6647,WIFHVGYUGVDLRB-UHFFFAOYSA-N,
6648,RWCHPOUVGRVCDM-UHFFFAOYSA-N,
6649,CNZJLXDYTRALHL-UHFFFAOYSA-N,
6650,DXTCCDLNBMCFOM-UHFFFAOYSA-N,
6651,XJODLONRYKQLIP-UHFFFAOYSA-N,
6652,DLLJAAOFHBTKQQ-UHFFFAOYSA-N,
6653,KGIMXFFBIGYYLS-UHFFFAOYSA-N,
6654,BSLNEFOVYUPISW-UHFFFAOYSA-N,
6655,MWAWUNJEISYPEH-VTBLMVRQSA-N,
6656,VLJNGHUAYPHYSO-VTBLMVRQSA-N,
6657,DLFNEQQBLRURKH-IDTAVKCVSA-N,
6658,NOLLOBDAPQBMKL-UHFFFAOYSA-N,
6659,IZEMQNDTSQTDIS-KQYNXXCUSA-N,
6660,LVUMMJGJVFKMIK-QYVSTXNMSA-N,
6661,XMXLLWKYBLLAQS-IOSLPCCCSA-N,
6662,PXOQSDPMDFOLTP-UHFFFAOYSA-N,
6663,LKXHXTBGRKHPIS-UHFFFAOYSA-N,
6664,QQJKSCTVDVEDGE-UHFFFAOYSA-N,
6665,BSKQCCPLVNJCQE-UHFFFAOYSA-N,
6666,DBDLTJRCKGCKSK-UHFFFAOYSA-N,
6667,LHTYSNKGPWRIPK-UHFFFAOYSA-N,
6668,KQPYUDDGWXQXHS-UHFFFAOYSA-N,http://coconutKG.aksw.org/data/molecule/6484
6669,QWQZCSUBSSXYDY-UHFFFAOYSA-N,
6670,QRRMASBWGJYKKY-UHFFFAOYSA-N,
6671,MFZIUVRPQNKZFL-UHFFFAOYSA-N,
6672,RKUAFLHCNABIDA-UHFFFAOYSA-N,
6673,AEOBRJCXTZBNIL-UHFFFAOYSA-N,
6674,PWVWJTSYMYIKMG-UHFFFAOYSA-N,
6675,JKFWNSFZHOZSGT-UHFFFAOYSA-N,
6676,XTRBEEOYCWUDTQ-UHFFFAOYSA-N,
6677,SVMGCDUSVJUMLA-UHFFFAOYSA-N,
6678,NOQFVBYWEZCVGL-UHFFFAOYSA-N,
6679,CMKQQROZNLHATO-UHFFFAOYSA-N,
6680,RFVCDDZCDHKRCY-UHFFFAOYSA-N,
6681,DQEDVJSVSQBDGW-UHFFFAOYSA-N,
6682,BIOVDLBAVMWKBI-UHFFFAOYSA-N,
6683,ZUOXMLSPIUSXPR-UHFFFAOYSA-N,
6684,SSDKPANKAVGTLN-UHFFFAOYSA-N,
6685,LHVUZIHFLUPGOR-UHFFFAOYSA-N,
6686,GXEDILVWRGJAPL-UHFFFAOYSA-N,
6687,YGWIERRFUSHYJP-UHFFFAOYSA-N,
6688,OMFFZUFSYORIFH-UHFFFAOYSA-N,
6689,VBKTWFQTQBAKGP-UHFFFAOYSA-N,
6690,OGXFOXWJAJLYMO-UHFFFAOYSA-N,
6691,NTMSFUJLUDOAND-UHFFFAOYSA-N,
6692,XTRWGJFXBICPMY-UHFFFAOYSA-N,
6693,GQWBLEQBUZAFQH-UHFFFAOYSA-N,
6694,BLWIFNXUVLIKSW-UHFFFAOYSA-N,
6695,XYCHMLCHBQOWDB-UHFFFAOYSA-N,
6696,PSAASEUJKQTBSU-UHFFFAOYSA-N,
6697,PZKCVSIGWVRSIJ-UHFFFAOYSA-N,
6698,LXVHORMIIXGQNU-UHFFFAOYSA-N,
6699,FSTYLFGDAIFYIL-MPESAESLSA-N,
6700,FHJSKLBGUASGGT-MIGQKNRLSA-N,
6701,HYGPVJCBQUQNCU-LICLKQGHSA-N,
6702,MLRXSVOQJLIFIV-SMFLSVSPSA-N,
6703,OQNFLFMECVFZEE-ONMBGNKZSA-N,
6704,HQJVFWKDJRRKTC-DSTXHIGZSA-N,
6705,UYXINSLLGLEZQI-ALZOZDESSA-N,
6706,OKEXQFAOCJQYST-MYKRZTLLSA-N,
6707,ZVSRDAJEMDFAEZ-SKEWSFOLSA-N,
6708,GQJLMNWXJWWSFT-UHFFFAOYSA-N,
6709,GHTYXVVNDNPWAK-SJSRKZJXSA-N,
6710,NTTCBTHLOZNZJK-OAQYLSRUSA-N,
6711,NTTCBTHLOZNZJK-UHFFFAOYSA-N,
6712,HFPJHTBJJCTSNF-UHFFFAOYSA-N,
6713,VNSRIXOXOAGRPH-UHFFFAOYSA-N,
6714,WHNDUGAEFJATEV-UHFFFAOYSA-N,
6715,ZYPNOCAZMHAWKD-UHFFFAOYSA-N,
6716,LCDSXAZAXQWKPC-UHFFFAOYSA-N,
6717,OBQXVTQWJVSZAL-XMEJKLEXSA-N,
6718,GLGQHOYUPDIFQB-CMYWGGFTSA-N,
6719,QMEUMOLROUFAFX-SQXGYUILSA-N,
6720,MTPYBFHWVVUORP-UHFFFAOYSA-N,
6721,SWDSEPGDDYXRJT-UHFFFAOYSA-N,
6722,WBAPQCJKFWXJHM-IZZDOVSWSA-N,
6723,WXTMDXOMEHJXQO-UHFFFAOYSA-N,http://coconutKG.aksw.org/data/molecule/6688
6724,XGELWXVMMKJCSD-UHFFFAOYSA-N,
6725,VMDGMWAVABVYDW-UHFFFAOYSA-N,
6726,RSGDCXYDRJGYFR-UHFFFAOYSA-N,
6727,OYXCDSXMERALRC-UHFFFAOYSA-N,
6728,IKKNWNPYWGXRGL-UHFFFAOYSA-N,
6729,CGGMOYBYQJKBBH-UHFFFAOYSA-N,
6730,NZAOLICCWFQBIQ-UHFFFAOYSA-N,
6731,IVCXFKFEMIEJHP-UHFFFAOYSA-N,
6732,GWOWVHYFEKMHDM-UHFFFAOYSA-N,
6733,FYPPUBGOZPARJY-UHFFFAOYSA-N,
6734,PBJDGSFTQWQIME-UHFFFAOYSA-N,
6735,ZOMQUWAPCPLRII-UHFFFAOYSA-N,
6736,PENBAYREZXRMHT-UHFFFAOYSA-N,
6737,ZZUMCOOASRWOQO-UHFFFAOYSA-N,
6738,IALWUYPYLDJQPH-UHFFFAOYSA-N,
6739,SNIXHQYVEIEANG-UHFFFAOYSA-N,
6740,IRNRIGYVJDJHIK-UHFFFAOYSA-N,
6741,ABDBNZVMPUBXCE-UHFFFAOYSA-N,
6742,GVZOLTFJDQDIEX-UHFFFAOYSA-N,
6743,GWAOHKBWJMUVIJ-UHFFFAOYSA-N,
6744,HWUZWIJZJNQRKK-UHFFFAOYSA-N,
6745,JRKQFFUXSICRDR-UHFFFAOYSA-N,
6746,OOUXHUYBNJHENO-UHFFFAOYSA-N,
6747,QMXCRRHQIDCVJM-UHFFFAOYSA-N,
6748,NDQYASSOLQIEAZ-GIDUJCDVSA-N,
6749,WQWBDTGFWZWVIP-XWMMGPHDSA-N,
6750,GASUSDPVXXRMLJ-UHFFFAOYSA-N,
6751,LOBXDEIQPMQGGK-OMCISZLKSA-N,
6752,FBHSQDZOTUICSL-RGVLZGJSSA-N,
6753,HZMLHQJAAGKRTM-UHFFFAOYSA-N,
6754,NAYOLUZVOCYYFZ-UHFFFAOYSA-N,
6755,JZHZZCDSDITRIS-DOTOQJQBSA-N,
6756,AFXJBYLSXXLRTL-UHFFFAOYSA-N,
6757,VNRVLRRMKDCHSU-UHFFFAOYSA-N,
6758,RZRIJLLGEUPKNZ-NILYLAQZSA-N,
6759,NUGVPCVBBHLJTM-UHFFFAOYSA-N,
6760,OSPHUQWFKUVCQR-UHFFFAOYSA-N,
6761,WIVLWIBQXXJWKL-UHFFFAOYSA-N,
6762,WYWTTYYXMZXPHD-UHFFFAOYSA-N,
6763,BFMQSUPGWMPWDQ-UHFFFAOYSA-N,
6764,JPFXTYAANVONCA-UHFFFAOYSA-N,
6765,MFCDRTSOHOUAMB-KNYOWXNCSA-N,
6766,WZMGBJWCOFZEMV-RIYZIHGNSA-N,
6767,ASTVIOLHJJWJMJ-FPYGCLRLSA-N,
6768,OKNVBMVQCUWTPN-RKZAGPEMSA-N,
6769,WLFDQEVORAMCIM-UHFFFAOYSA-N,
6770,GHQYUMZPYFAPGL-UHFFFAOYSA-N,
6771,ANMFWRHVEAKOSG-UHFFFAOYSA-N,
6772,VJVUSZUNQZNQSM-UHFFFAOYSA-N,
6773,DFMYMBOVJFENDP-UHFFFAOYSA-N,
6774,WZDZJNDOAUQUMM-UHFFFAOYSA-N,
6775,YYKAPLBODOAMOB-RLRPEEDVSA-N,
6776,UGEPSJNLORCRBO-UHFFFAOYSA-N,
6777,DMKFTARWVIEXGT-XLIKFSOKSA-N,
6778,QVMOXRAWOBABHJ-UHFFFAOYSA-N,
6779,YNHGPTDVZFICPI-UHFFFAOYSA-N,
6780,UIGSHFHTPVXZPT-UHFFFAOYSA-N,
6781,LVSHXDXZBQASHP-UHFFFAOYSA-N,
6782,PJKTZODMPLTPFF-UHFFFAOYSA-N,
6783,WJHLVIUCJUYQGJ-UHFFFAOYSA-N,
6784,FQFXGJRPRBFJCJ-UHFFFAOYSA-N,
6785,JNBJUUPGOZIHAL-UHFFFAOYSA-N,
6786,BMKWZLGYUGANQL-GVYCTYFISA-N,
6787,RAPCVVSSMCIZQZ-UHFFFAOYSA-N,
6788,PCZTWTWJVSEJSX-UHFFFAOYSA-N,
6789,UBLGKJWINBJKKN-UHFFFAOYSA-N,
6790,BFEMUCQPURIPIW-UHFFFAOYSA-N,
6791,CDWJWTTWDBMXNW-LWYYNNOASA-N,
6792,WGTGFHYBNHMAFH-RTBURBONSA-N,
6793,FPDXWPXJSZREMK-RQZCQDPDSA-N,
6794,HAMIUMQPXQROCP-UHFFFAOYSA-N,
6795,YRTPZXMEBGTPLM-UVTDQMKNSA-N,
6796,ZKOYTHNKAKZXHO-UHFFFAOYSA-N,
6797,JASBISJCGKGTLZ-UHFFFAOYSA-N,
6798,YPNODGUDWTUKNN-UHFFFAOYSA-N,
6799,DXKVTBUHONRANH-UHFFFAOYSA-N,
6800,LPMJFYSIWRZMLQ-UHFFFAOYSA-N,
6801,VAZRTAPRQFTCHM-UHFFFAOYSA-N,
6802,IWBAQHRGVQAHAW-UHFFFAOYSA-N,
6803,AWKYSFBXGORFHE-UHFFFAOYSA-N,
6804,JELNFIMPFCOBAO-XQNSMLJCSA-N,
6805,QUMAYTSFYCTSLG-SNVBAGLBSA-N,
6806,QAGAFOZDNIQYCO-UHFFFAOYSA-N,
6807,UWWFVLYQFJRTNN-UHFFFAOYSA-N,
6808,SGSAQXBZWRXSOB-UHFFFAOYSA-N,
6809,AONKJNNZBCTCCK-UHFFFAOYSA-N,
6810,WSOSSXKWFYXKSH-UHFFFAOYSA-N,
6811,LABIDWSBRBUXTF-UHFFFAOYSA-N,
6812,LRSRFLDNYARSAZ-UHFFFAOYSA-N,
6813,PPBFIYMEBUOPJV-UHFFFAOYSA-N,
6814,LKTXGNMUYJAARM-YOSRNPIISA-N,
6815,XDSYKASBVOZOAG-JYBIWHBTSA-N,
6816,RDSWJSXGECZDMG-GRJWACCOSA-N,
6817,ZVEVUZGCZYQIMB-UHFFFAOYSA-N,
6818,LFPPEIQRWSPQQB-UHFFFAOYSA-N,
6819,CFQPOWRJAPPJEW-UHFFFAOYSA-N,
6820,SDVTVTGXNHVZLJ-UHFFFAOYSA-N,
6821,SSIMQXGQNYOUGF-UHFFFAOYSA-N,
6822,ZXUCJVKVIHOLFR-UHFFFAOYSA-N,
6823,ZFOFJXFVCJQXBL-UHFFFAOYSA-N,
6824,WBFWRNHOHZOIML-UHFFFAOYSA-N,
6825,FCPMRNYAFZHQCK-UHFFFAOYSA-N,
6826,UNYOMMWMIQTZMD-UHFFFAOYSA-N,
6827,DAZQAKFAIFUIQZ-UHFFFAOYSA-N,
6828,DYZBLXMNVDSKSR-UHFFFAOYSA-N,
6829,MSOFNNQIECXNHP-UHFFFAOYSA-N,
6830,GIUPGNZMVJZYGI-UHFFFAOYSA-N,
6831,WXQOSPBTACHHJY-UHFFFAOYSA-N,
6832,DIXMDMBPUYQVPV-UHFFFAOYSA-N,
6833,HGDZLBJDAQMKFI-UHFFFAOYSA-N,
6834,XCFMNCOBLCFTKZ-UHFFFAOYSA-N,
6835,MTEAUVQDLGNHCC-UHFFFAOYSA-N,
6836,RQDRINOZMJPFLY-UHFFFAOYSA-N,
6837,YZHIXLCGPOTQNB-UHFFFAOYSA-N,
6838,GGPMDNQTEJJLMQ-UHFFFAOYSA-N,
6839,PDPCJUZPRVJTKM-UHFFFAOYSA-N,
6840,BIMZMYSWXXKJGI-UHFFFAOYSA-N,
6841,FTNBKXFTNLXDBY-OCCSQVGLSA-N,
6842,CBANFQCHLZLYJU-YPMHNXCESA-N,
6843,BYFFOGIKOQTEBD-UHFFFAOYSA-N,
6844,GKIRPKYJQBWNGO-OCEACIFDSA-N,
6845,ZKLPARSLTMPFCP-UHFFFAOYSA-N,
6846,OJMMVQQUTAEWLP-UKGOLDLVSA-N,
6847,LEZWWPYKPKIXLL-UHFFFAOYSA-N,http://coconutKG.aksw.org/data/molecule/23992
6848,SEEPANYCNGTZFQ-UHFFFAOYSA-N,
6849,FUSNMLFNXJSCDI-UHFFFAOYSA-N,
6850,IRSCQMHQWWYFCW-UHFFFAOYSA-N,
6851,UIGQPNLSCVMEKY-SSDVNMTOSA-N,
6852,AKKRRGPSZXUACB-UHFFFAOYSA-N,
6853,SNCHHOGNUUFXBQ-UHFFFAOYSA-N,
6854,CCNBVSKYYWKCED-UHFFFAOYSA-N,
6855,MJVAVZPDRWSRRC-UHFFFAOYSA-N,
6856,MLQAEQLHCDPCGH-UHFFFAOYSA-N,
6857,VTUISZUSHSMSMR-UHFFFAOYSA-N,
6858,SPXYPCZEVFXCRG-UHFFFAOYSA-N,
6859,HPPZXQFKPIZMNE-KDKCLADISA-N,
6860,RJMLTIUWSCPLML-VAWYXSNFSA-N,
6861,YKBVSMGZCFVVED-UHFFFAOYSA-N,
6862,TUWLDANWZMGBIW-UHFFFAOYSA-N,
6863,SRBFZHDQGSBBOR-HWQSCIPKSA-N,
6864,MTXSGFZTKANPBL-UHFFFAOYSA-N,
6865,YEFFTGKUGPJPSF-UHFFFAOYSA-N,
6866,GTZQHATUPRUOGY-UHFFFAOYSA-N,
6867,JQUAHBDDCLYOOF-UHFFFAOYSA-N,
6868,KCCJPFOAJYTQGZ-UHFFFAOYSA-N,
6869,XMXKKWADIJQJPY-XYOKQWHBSA-N,
6870,DRJFIETWWYIKKX-UHFFFAOYSA-N,
6871,OOUQMODVMFWFJL-UHFFFAOYSA-N,
6872,IZCSYROFLQUKSF-RMKNXTFCSA-N,
6873,OADRDYAANVUYLE-UHFFFAOYSA-N,
6874,DBMMUVGMGVIXNW-UHFFFAOYSA-N,
6875,KCQQZHCAHBKEMO-UHFFFAOYSA-N,
6876,HGZSLDYSLPQDJU-UHFFFAOYSA-N,
6877,JLJAVUZBHSLLJL-DQEHQXCCSA-N,
6878,HSMDOSKNXLVXIP-IRTBSJMASA-N,
6879,YPQNDHHCUQGPFN-BKOMJCAWSA-N,
6880,GJTRTRUDXSKAFC-UHFFFAOYSA-N,
6881,HAHNLZVLKXZQSL-UHFFFAOYSA-N,
6882,PNOFYEMEVFLEKZ-UHFFFAOYSA-N,
6883,KKSQWLAHESYDSQ-MTUSAYGMSA-N,
6884,MVRHUQSIIMKPFL-UHFFFAOYSA-N,
6885,JDHWHUQODNRBTJ-UHFFFAOYSA-N,
6886,KMVHRNAFVVRNDH-UHFFFAOYSA-N,
6887,MFWBYWCGRCTUHL-UHFFFAOYSA-N,
6888,FPAKNSVMCVVDQR-UHFFFAOYSA-N,
6889,GJAUFBFWISIJCD-UHFFFAOYSA-N,
6890,FAZIBKBGOYWZCQ-UHFFFAOYSA-N,
6891,DBWYNJPFRNSIFP-UHFFFAOYSA-N,
6892,FNJPQOUTGROBNV-HUUCEWRRSA-N,
6893,POMCDENCIIJKKQ-UFFVCSGVSA-N,
6894,JAVCTUFSOAOARU-UHFFFAOYSA-N,
6895,CRSQMAGILQRTMC-UHFFFAOYSA-N,
6896,ZXNRMVMIMUJMGG-UHFFFAOYSA-N,
6897,BPROOBVYFAZDEV-UHFFFAOYSA-N,
6898,RJDGBMFJYVXZDK-UHFFFAOYSA-N,
6899,ZWBVEDJKEBXSRS-UHFFFAOYSA-N,
6900,HDYWBJKAYZQZAG-KEBDBYFISA-N,
6901,NOGPOTKWZZKMSD-FOKLQQMPSA-N,
6902,LYWCKPLQOHZYOZ-WYMPLXKRSA-N,
6903,LTBQBNSWRQCQSG-ODCIPOBUSA-N,
6904,VFNUTEMVQGLDAG-ZVBGSRNCSA-N,
6905,PLLMOEMCQKKLCA-LSFURLLWSA-N,
6906,BBMVALIQDHAFBY-AWQFTUOYSA-N,
6907,GQXCMDHJAJBGPP-ZVBGSRNCSA-N,
6908,DCBNAPQTEPICCW-UHFFFAOYSA-N,
6909,JWOYEHHAFIQJFI-UHFFFAOYSA-N,
6910,CCPOUFJZMAONLI-UHFFFAOYSA-N,
6911,LINKMOKXWJWHAZ-UHFFFAOYSA-N,
6912,PKUZSUPRNROIIR-UHFFFAOYSA-N,
6913,ICCPXXMJUCLZMM-CJVXNKBJSA-N,
6914,MXZQGLMNGTXBHA-UHFFFAOYSA-N,
6915,QSUCWNNIVUZPCI-UHFFFAOYSA-N,
6916,YLIPRVWKFSMXMU-TXCOMEKOSA-N,
6917,NETWUXPBBNFJPR-UHFFFAOYSA-N,
6918,RINBWNFOWQHSEK-UHFFFAOYSA-N,
6919,WBDLWYWLKXWHEH-CQSZACIVSA-N,
6920,AXWBXWNUVRFQLH-UHFFFAOYSA-N,
6921,SOIIKURIVIWMKK-DQEYMECFSA-N,
6922,UAFFXYUNGBKFSK-GOTSBHOMSA-N,
6923,OJMSNONHTSXZKM-GPCCPHFNSA-N,
6924,CZYLHNGDDNBPEJ-UHFFFAOYSA-N,
6925,RPYYTHUJKJTHOE-DHDCSXOGSA-N,
6926,IHHWASZRLBOWQR-UHFFFAOYSA-N,
6927,RAALVJUVPKVLPA-HBIQZDMRSA-N,
6928,ZKTWJRLCMJWTCV-ZMSDIMECSA-N,
6929,GBJRDULCMRSYSL-GQCTYLIASA-N,
6930,DJDGKNOLKXZSFR-JXMROGBWSA-N,
6931,FDPLDLXEFMATMN-UHFFFAOYSA-N,
6932,QVGJBXLXNGAZPZ-UHFFFAOYSA-N,
6933,LPZDQERSHWJJOT-UHFFFAOYSA-M,
6934,VQVRDFAXBGRNIU-UHFFFAOYSA-M,
6935,DXDRKVBAHDXINV-LJQANCHMSA-N,
6936,GBMIQHWVHKNBFF-UHFFFAOYSA-N,
6937,SFOZIFYNFDXGKL-LBPRGKRZSA-N,
6938,ZZHLYYDVIOPZBE-UHFFFAOYSA-N,
6939,XPYQNXLMRAQJKU-UHFFFAOYSA-N,
6940,AYVVUVAHRPZBNI-FUHWJXTLSA-N,
6941,VMRKSCNZVJNKMN-SMTCOIIISA-N,
6942,WQNKRRHQPXDJNT-UHFFFAOYSA-N,
6943,JMJYTOZGCSCAEP-UHFFFAOYSA-N,
6944,RNBQRGVUEILBOG-UHFFFAOYSA-N,
6945,TUNKVBKANGMVRI-UHFFFAOYSA-N,
6946,SRJHQLDKKIGRGR-OQKWZONESA-N,
6947,YSAGGCAUDWZPBE-LTGZKZEYSA-N,
6948,CKHUORFXLRBBCU-LTGZKZEYSA-N,
6949,JBDGUOCQMGPDHK-FDYRDFEWSA-N,
6950,XOCFDEXNEAXKSM-WPUBFDFZSA-N,
6951,QUMAYTSFYCTSLG-UHFFFAOYSA-N,
6952,YCPGSDQDGXYSFB-OCCSQVGLSA-N,
6953,YBOZJPMFDOMZCR-UHFFFAOYSA-N,
6954,CSZGHDLIJRWTNI-KRXBUXKQSA-N,
6955,ARCAHWHPUVXVKI-INIZCTEOSA-N,
6956,CCTTWUFGLYBMPG-UTONKHPSSA-N,
6957,NXKBIPCLCYSQIY-HXUWFJFHSA-N,
6958,XBLDBILFKIULJY-UHFFFAOYSA-N,
6959,SHBJNLXDZKMPOX-UHFFFAOYSA-N,
6960,GLVLKZZWCAZOJH-UHFFFAOYSA-N,
6961,SFVQYVKIOZHGGZ-UHFFFAOYSA-N,
6962,WCEMAEUKUVHPDC-UHFFFAOYSA-N,
6963,OFRINUMFZCUUPW-UHFFFAOYSA-N,
6964,UFRHCNVBLXPALL-UHFFFAOYSA-N,
6965,AEMVOEKFEZFZOC-UHFFFAOYSA-N,
6966,FSQVNRSPVKKIEL-UHFFFAOYSA-N,
6967,RONWAPVEIDGMCO-UHFFFAOYSA-N,
6968,SUFCXVOCIXGJIT-UHFFFAOYSA-N,
6969,WJYXYOBJQQILEE-UHFFFAOYSA-N,
6970,OUVYJWCXRAFJGR-UHFFFAOYSA-N,
6971,LOVRGNUPQPJRGB-UHFFFAOYSA-N,
6972,OGLMQLWDCIKONH-UHFFFAOYSA-N,
6973,DMZFPAUUKDLMGV-UHFFFAOYSA-N,
6974,MBNJLJBABAOROR-HKUYNNGSSA-N,
6975,RRIZFYPKIAXJEQ-UHFFFAOYSA-N,
6976,KSXLDJPOFWYJDZ-FUHWJXTLSA-N,
6977,LSFCCJMVTIFFHI-IEDZHHLPSA-N,
6978,BAIPTFNICURJIB-ZUVMSYQZSA-N,
6979,LQQFEOMPDSYAHT-UHFFFAOYSA-N,
6980,FXGOKXZOGXBBRH-UHFFFAOYSA-N,
6981,JUBWBRHGZOESPU-UHFFFAOYSA-N,
6982,WOWOYYBSESMHJU-UHFFFAOYSA-L,
6983,KOIJOQCFUKLVSF-LQJZCPKCSA-N,
6984,SBXBIUQMGKPMKW-UHFFFAOYSA-N,
6985,OVPVDEZQMVGEBH-UHFFFAOYSA-N,
6986,ULTWFVLLKPONPF-UHFFFAOYSA-N,
6987,TYCLOSFNGQOYCB-UPHRSURJSA-N,
6988,GCDAXSQCBCUETA-UHFFFAOYSA-N,
6989,XWUXQUAUOXSMQO-UHFFFAOYSA-N,
6990,MPBQPKHJUUBLBZ-UHFFFAOYSA-N,
6991,WSMLQXZGLZBKNB-UHFFFAOYSA-N,
6992,NEXNINIQRBKGFI-UHFFFAOYSA-N,
6993,QRVRABYOSPVHCI-UHFFFAOYSA-N,
6994,BDSVHLVOOYTLCD-UHFFFAOYSA-N,
6995,JBMGTRUHKILUNG-HXUWFJFHSA-N,
6996,VFEMRBPYFBTURV-UHFFFAOYSA-N,
6997,OTKBRNUNBNDCJK-UHFFFAOYSA-N,
6998,DHUJYJDCDQRQEP-UHFFFAOYSA-N,
6999,CXNSZXUSERRXPG-UHFFFAOYSA-N,
7000,CYEAJMJUHMELTK-DMDPSCGWSA-N,
7001,GABXMBKYFYUSDC-UHFFFAOYSA-N,
7002,VVOZSIGKJIDYQH-UHFFFAOYSA-N,
7003,UNUGNYHOSJTXGT-UHFFFAOYSA-N,
7004,JRUYJIJSJUQHGO-SVHFCLBESA-N,
7005,MFILCKDDGTZXBS-CYBMUJFWSA-N,
7006,BSCGAIKELVASTO-UHFFFAOYSA-N,
7007,PFTAWBLQPZVEMU-DZGCQCFKSA-N,
7008,SATHZENVUPQVGH-UHFFFAOYSA-N,
7009,WEHLXOIHSHUBKN-UHFFFAOYSA-N,
7010,VZBCRILOAGXJNE-UHFFFAOYSA-N,
7011,AUHZNHJBKOZUMT-LOACHALJSA-N,
7012,NOYPYLRCIDNJJB-UHFFFAOYSA-N,http://coconutKG.aksw.org/data/molecule/938232
7013,AZKLIMHANPEPTF-UHFFFAOYSA-N,
7014,NBPQFVUBGJELAW-UHFFFAOYSA-N,
7015,OQJHTBZEQQFNLL-UHFFFAOYSA-N,
7016,PCRHAVVBXUMVRG-UHFFFAOYSA-N,
7017,FTZDQMKQKBYQLN-UHFFFAOYSA-N,
7018,MMUSOSIPHZEQJD-UHFFFAOYSA-N,
7019,PBEBFUUXRFKKES-NTUHNPAUSA-N,
7020,RFTFTXGNSACFKJ-NYYWCZLTSA-N,
7021,UKTROTNLTWOSIJ-WLRTZDKTSA-N,
7022,PWLVILWYKLZKBB-UHFFFAOYSA-N,
7023,ZQCAPLGMOJVIIE-UHFFFAOYSA-N,
7024,BHBCQVFXNISVDL-UHFFFAOYSA-N,
7025,AKGCSQYNKIOJBT-VNINAFKWSA-N,
7026,NNGXAOFEZZFREN-UHFFFAOYSA-N,
7027,GVGRYGWGGUHNJH-AWEZNQCLSA-N,
7028,BKYZYCLDINAMGC-WLRTZDKTSA-N,
7029,FXGVCEJTWASQQS-UHFFFAOYSA-N,
7030,ADVQGXNZYILFQG-UHFFFAOYSA-N,
7031,WDAQVBWLIWUDKH-UHFFFAOYSA-N,
7032,GYQZTVZFAMJORJ-UHFFFAOYSA-N,
7033,HVQUQZHFVWQYMA-UHFFFAOYSA-N,
7034,LWYLMOXVSNZEBU-UHFFFAOYSA-N,
7035,JEUNWXFUAFSUOH-UHFFFAOYSA-N,
7036,XBNHRNFODJOFRU-UHFFFAOYSA-N,http://coconutKG.aksw.org/data/molecule/935926
7037,MKCLQGNEPSWOPX-UHFFFAOYSA-N,
7038,DSMGEPBRPIEQKD-BBYKJUTGSA-N,
7039,FJZUGXNHHYLOPF-LJQANCHMSA-N,
7040,BHGMXMOJPHQIIC-UHFFFAOYSA-N,
7041,GRMVOUXDADPVDJ-UHFFFAOYSA-N,
7042,QOCOJJFPPCDSEM-UHFFFAOYSA-N,
7043,FTPFENXCJNQTFF-UHFFFAOYSA-N,
7044,PBAZIVRIGMZVPP-UHFFFAOYSA-N,
7045,PQNQYTJDHKOWPM-UHFFFAOYSA-N,
7046,JSRQOCKDKSEVKL-UHFFFAOYSA-N,
7047,FDELELQWDOFQOV-UHFFFAOYSA-N,
7048,JSJDPPOQULNBLA-UHFFFAOYSA-N,
7049,AXKZTXWJCDQRKR-LZYBPNLTSA-N,
7050,RWMJHOCXTSJMMG-CAOOACKPSA-N,
7051,WZMYJVIMQIZTLA-UHFFFAOYSA-N,
7052,PZIIKMBOSNKNFZ-UHFFFAOYSA-N,http://coconutKG.aksw.org/data/molecule/8770
7053,BLPUOQGPBJPXRL-FNORWQNLSA-N,
7054,VHMYRPKRJCFZHS-UHFFFAOYSA-N,
7055,IPZIWEFWEHEKIC-XDJHFCHBSA-N,
7056,HCEYJYMNIQHPPK-DXTZDJJUSA-N,
7057,PMBCUIXECILRBF-UHFFFAOYSA-N,
7058,MOISSCPWGUNXET-IZZDOVSWSA-N,
7059,VIURQQISIBHOBQ-UHFFFAOYSA-N,
7060,RZQLULXVZJYHAJ-SHYZEUOFSA-N,
7061,HOIUBYMUUDHVHK-UHFFFAOYSA-N,
7062,TUZNCXRMWDUVNX-UHFFFAOYSA-N,
7063,WRUUGTRCQOWXEG-UHFFFAOYSA-N,
7064,NWUYWKYKVCEBTP-UHFFFAOYSA-N,
7065,FGDIEFQCFMBZNH-CQSZACIVSA-N,
7066,UPTUTTGZFOFRDK-FYJGNVAPSA-N,
7067,MLOWSHIDXHTBGJ-UHFFFAOYSA-N,
7068,BOBFOJSEJXBARH-UHFFFAOYSA-N,
7069,VUBILPOZTRGZJK-UHFFFAOYSA-N,
7070,CHEJMMUWVPMMQY-UHFFFAOYSA-N,
7071,JRWWHYZJMVVZID-UHFFFAOYSA-N,
7072,QJXAQYQDXNMHNY-UHFFFAOYSA-N,
7073,DPCUBWNRKPRWAI-UHFFFAOYSA-N,
7074,ZXPBSUPTHZWZPY-UHFFFAOYSA-N,
7075,IPWFZYOAFWWNDW-UHFFFAOYSA-N,
7076,RVVGAIYGOTZFAS-JSCSOFAYSA-N,
7077,RDSWJSXGECZDMG-HMMZJVQESA-N,
7078,KJOHPBJYGGFYBJ-UHFFFAOYSA-N,
7079,MQFFMBOOJYQHGC-RVXWVPLUSA-N,
7080,MFNIXEGGPOQMNB-RVXWVPLUSA-N,
7081,HENQRNNDMLQHBM-PMXXHBEXSA-N,
7082,CJIZQYFKBIYSDE-WOUKDFQISA-N,
7083,MHZROBYEQQDFJI-WOUKDFQISA-N,
7084,FGFGMYWONPCVJM-RPKMEZRRSA-N,
7085,WBTLXJMRDVPJHD-UHFFFAOYSA-N,
7086,RLTXFXYHQISJCL-UHFFFAOYSA-N,
7087,VGFUGZFKRUJDPH-UHFFFAOYSA-N,
7088,UANXBHBMRGYYLP-UHFFFAOYSA-N,
7089,HKJNKCAALJABOG-UHFFFAOYSA-N,
7090,VFGRRFMEOGSHAR-UHFFFAOYSA-N,
7091,ULTWFVLLKPONPF-OAQYLSRUSA-N,
7092,NIBZKROZQXTODK-UHFFFAOYSA-N,
7093,DVGGLGXQSFURLP-VWMSDXGPSA-N,
7094,RTVHPOXKPIFWPX-UHFFFAOYSA-N,
7095,CJDFKGSZXLSSPD-UHFFFAOYSA-N,
7096,PWJWNZBLKWYLPP-UHFFFAOYSA-N,
7097,PEJNRQWHPRYRLA-UHFFFAOYSA-N,
7098,WETWRBCEFGLZHJ-XMHGGMMESA-N,
7099,LACZXLXBXRQGFE-CJNGLKHVSA-N,
7100,CULFCICYALTAGY-UHFFFAOYSA-N,
7101,LURRYNRCEJCAMV-UHFFFAOYSA-N,
7102,WBJUWGCULCOZSW-UHFFFAOYSA-N,
7103,AKPFAEYRQVYVAK-UHFFFAOYSA-N,
7104,GWQBCZXRGIXGJY-UHFFFAOYSA-N,
7105,UVDSBHRUCABMGF-CIAFOILYSA-N,
7106,LZGMTRHJVPZBFE-UHFFFAOYSA-N,
7107,GNOAYWBCSSSJMN-UHFFFAOYSA-N,
7108,OJLVUGGLBIOISO-UHFFFAOYSA-N,
7109,XGCONWWJPKOJRY-UHFFFAOYSA-N,
7110,UYMAZDFKWHVBGQ-LLVKDONJSA-N,
7111,XRPBLAFDKOFUEG-CYBMUJFWSA-N,
7112,BTGUDOHEIQXGSK-UHFFFAOYSA-N,
7113,YFLMHYBTAAHVQL-UHFFFAOYSA-N,
7114,ZUVXWYOCZJSWPT-SFHVURJKSA-N,
7115,WDJDGQFQGYEBON-UHFFFAOYSA-N,
7116,GRPYYHAXCDMFBU-JJPRUIFNSA-N,
7117,VIFFSHUJAPURHF-VIZOYTHASA-N,
7118,CMPZNWXBGASCTR-WLRTZDKTSA-N,
7119,ZJLUYWUYIFDQKX-YGVSIWEKSA-N,
7120,VGUKQNIZFSGQJL-ADWIQHBLSA-N,
7121,NCRGOLGHNCNTAN-UHFFFAOYSA-O,
7122,MLKHVTVNCIOXRX-UHFFFAOYSA-N,
7123,BKKWERKRMVTVOS-UHFFFAOYSA-N,
7124,QQPOTHPDJBKMBI-UHFFFAOYSA-N,
7125,NTHPIZPRBUBXHK-UHFFFAOYSA-N,
7126,YGDWDKVACVMXAO-UHFFFAOYSA-N,
7127,DLHWHOZXEPXGDY-UHFFFAOYSA-N,
7128,ZJDRIKAAFJMYGX-UHFFFAOYSA-N,
7129,NUSKKJAEDSKKNC-UHFFFAOYSA-N,
7130,RABBDXVGZMQIBS-UHFFFAOYSA-N,
7131,VTICCKDSCQWVGF-UHFFFAOYSA-N,
7132,ZITJPCAXRNKMGV-UHFFFAOYSA-N,
7133,QFJVQBSYMNGJNY-UHFFFAOYSA-N,
7134,VKIJNAAQJUFECL-UHFFFAOYSA-N,
7135,YZMAXPYLEUUNCK-UHFFFAOYSA-N,
7136,BEGPCZRXAITNKB-UHFFFAOYSA-N,
7137,VBEZXVHYRADNME-UHFFFAOYSA-N,
7138,CXKWCBBOMKCUKX-UHFFFAOYSA-M,
7139,FRCOPJMSECLNEI-UHFFFAOYSA-N,
7140,JAINKEUHLGAETA-GXDHUFHOSA-N,
7141,GZFPZBNLDICCTE-LSXQZQSBSA-N,
7142,BCIHXPNQRGTVBU-UHFFFAOYSA-N,
7143,ONEVZGWHVFRBRW-BGERDNNASA-N,
7144,MJNLRXMOZWFUEW-ZQRQZVKFSA-N,
7145,RZQBUENNABHIEU-QGMBQPNBSA-N,
7146,YXUCVBFMUXLRDL-AWXSUDRSSA-N,
7147,AVUXHUIZGHQNKL-UHFFFAOYSA-N,
7148,VXZVCVJHGXMSPP-UHFFFAOYSA-N,
7149,FHNODQVETSSAOP-UHFFFAOYSA-N,
7150,RAPJBTRIZNJICX-UHFFFAOYSA-N,
7151,TUQUKHDVJXUTDU-UHFFFAOYSA-N,
7152,JRGVVXUKAMVERX-UHFFFAOYSA-N,
7153,RRKAFODIXVPONT-UHFFFAOYSA-N,
7154,NIKREXHRZDORJU-UHFFFAOYSA-N,
7155,PNTLMFABGCHLMN-UHFFFAOYSA-N,
7156,LZLPSNSDIHQNIP-UHFFFAOYSA-L,
7157,IFXDVPDTJOXNRQ-UHFFFAOYSA-N,
7158,BCWDCFSNIWIRSK-UHFFFAOYSA-N,
7159,JOWNVUJSAPHSLG-UHFFFAOYSA-N,
7160,CPLXQUHEIJFQNT-UHFFFAOYSA-N,
7161,GNKOKFMGIKHBIO-UHFFFAOYSA-N,
7162,HBSWMATYASLRBW-UHFFFAOYSA-N,
7163,SVXYTKADSQTWFY-UHFFFAOYSA-N,
7164,YEIYDAIVYUZISA-UFFVCSGVSA-N,
7165,WUSLPFZLFSUQPD-NUGSKGIGSA-N,
7166,SCDDXVCBCXWFRH-LSHDLFTRSA-N,
7167,QPPMALBJANCING-UFFVCSGVSA-N,
7168,DDJVWTDTDIYTCA-NUGSKGIGSA-N,
7169,FILBOTZBPCRHBL-REZTVBANSA-N,
7170,MSEGRRQBCKYYLR-UHFFFAOYSA-N,
7171,BZYQQTNPONIMOY-UHFFFAOYSA-N,
7172,JJBOCXTVZIDHSZ-UHFFFAOYSA-N,
7173,UZXWAARGGYIOHY-UHFFFAOYSA-N,
7174,OFOCOVIZPBKQFV-UHFFFAOYSA-N,
7175,DDQQJRWEFLTGTN-UHFFFAOYSA-N,
7176,STJYEOCKNMDXQW-UHFFFAOYSA-N,
7177,BNAXKWADBRDTKN-UHFFFAOYSA-N,
7178,VNUDWCAOSVIATB-UHFFFAOYSA-N,
7179,BIDCHAMALLVSRK-UHFFFAOYSA-N,
7180,RGDABWAQVGPRLI-UHFFFAOYSA-N,
7181,MSXWRFRSHICNJF-UHFFFAOYSA-N,
7182,DAAKBSVBHZRJRE-UHFFFAOYSA-N,
7183,KVFNOPNXVZCHLQ-UHFFFAOYSA-N,
7184,JULDOLSZHQQOMG-UHFFFAOYSA-N,
7185,HZUUXFSDPSQCJN-UHFFFAOYSA-N,
7186,IINMPMHVNXUJHG-UHBFCERESA-N,
7187,VWIGFIGBYSNKCN-RHANQZHGSA-N,
7188,RLLNARKGRFYTGF-UHFFFAOYSA-N,
7189,KDUXVIHQMVJBPM-UHFFFAOYSA-N,
7190,WTYJDEFFKUZCOA-UHFFFAOYSA-N,
7191,VUPDHIIPAKIKAB-UHFFFAOYSA-N,
7192,BRDIEHYKLOEJQW-UHFFFAOYSA-N,
7193,DDKCKMHUTOSATP-UHFFFAOYSA-N,
7194,KHCYMQBBYOZRCK-UHFFFAOYSA-N,
7195,ROHBOLHZFHKZJK-UHFFFAOYSA-N,
7196,ZNZJJYOOOWCSFW-UHFFFAOYSA-N,
7197,XAEBIRLRAIYZMN-JXMROGBWSA-N,
7198,HFBNCCDIPFXGBW-VCHYOVAHSA-N,
7199,ABKQKZVZNGCDFF-UHFFFAOYSA-N,
7200,SQABOBFQHOTOOW-UHFFFAOYSA-N,
7201,VSBHGEDTPMXPRE-UHFFFAOYSA-N,
7202,CDIUTAQSUMDBBC-UHFFFAOYSA-N,
7203,UQCLWHAEYRHZLR-UHFFFAOYSA-N,
7204,FVGJATLYSKGWEO-UHFFFAOYSA-N,
7205,ZQRDCRBEVYHLGZ-UHFFFAOYSA-N,
7206,SFZVJZCPSJIJQY-UHFFFAOYSA-N,
7207,JOXWHCNNDTWJPX-OLZOCXBDSA-N,
7208,DXELEJPKFKTCJH-WLRTZDKTSA-N,
7209,ZAMMCFGUIHLIEJ-UHFFFAOYSA-N,
7210,ADFWQBGTDJIESE-UHFFFAOYSA-N,
7211,SWEHWRJJWONTDG-UHFFFAOYSA-N,
7212,ULWZTGOYIIDPTR-UHFFFAOYSA-N,
7213,VXHPEKCIXLZKOY-UHFFFAOYSA-N,
7214,SQIGGKCRRDBUFQ-UHFFFAOYSA-N,
7215,XXKFEUAFLNYJAG-UHFFFAOYSA-N,
7216,VARYTPOBMQMJPX-UHFFFAOYSA-N,
7217,VDAWBGQGULWBCU-UHFFFAOYSA-N,
7218,UTYGTZZYHGKJIT-UHFFFAOYSA-N,
7219,NDKYCJRBGUSFLP-UHFFFAOYSA-N,
7220,ZDBYUWXTRGVDKY-UHFFFAOYSA-N,
7221,LKBALULURDSHPI-UHFFFAOYSA-N,
7222,AVUIWVXONNUNJY-UHFFFAOYSA-N,
7223,PGEQRPZPAMEYLE-UHFFFAOYSA-N,
7224,NYRMIJKDBAQCHC-UHFFFAOYSA-N,
7225,BHEMSSRSGPHIMC-XXFAHNHDSA-N,
7226,LPAFRGZQLNDMEY-UHFFFAOYSA-N,
7227,YTVCHPQBPVZBQT-UHFFFAOYSA-N,
7228,FTHZDVPAMIBSRL-UHFFFAOYSA-N,
7229,GARYHNNCUAMEQJ-UHFFFAOYSA-N,
7230,SVRRSHIMBSPADA-UHFFFAOYSA-N,
7231,FIWITEJNPVPGKG-UHFFFAOYSA-N,
7232,LWTTWFRFPHBGHN-UHFFFAOYSA-N,
7233,FDTZUTSGGSRHQF-UHFFFAOYSA-N,
7234,FIHJKUPKCHIPAT-AHIGJZGOSA-N,
7235,WGRQKZNAGRNNAI-VCHYOVAHSA-N,
7236,CBBHBUFCOHCMIL-UHFFFAOYSA-N,
7237,QZOUKHNSINHPRS-OGLMXYFKSA-N,
7238,XNHKJZBNXUYXEJ-UHFFFAOYSA-N,
7239,YJROUEBOWFZXMB-WXTAPIANSA-N,
7240,NEHUYZJMIALMLY-WNWQKLGWSA-N,
7241,BJXIWHVMUJFWQV-IZCXSWDTSA-N,
7242,QRNMTUZCODVGHO-UHFFFAOYSA-N,
7243,YIZUSNXDZYVLPL-UHFFFAOYSA-N,
7244,ICUHTMCUDQNKDK-KPHLJTLVSA-N,
7245,KWKDENFXTSYISJ-UHFFFAOYSA-N,
7246,MKPWEDPJUHSQIE-UHFFFAOYSA-N,
7247,KFDRUHFDNDQSJH-UHFFFAOYSA-N,
7248,SRNPBCMOLIUOCX-UHFFFAOYSA-N,
7249,WYAUNISRHUZLPM-UHFFFAOYSA-N,
7250,IHKXZRDXNHDYGW-UHFFFAOYSA-N,
7251,REMDWQDHVYSWQZ-UHFFFAOYSA-N,
7252,UTYFGTVZZXWMRC-UHFFFAOYSA-N,
7253,DXKUUWXMITWHFD-UHFFFAOYSA-N,
7254,FXBMSOUCVOGAEP-UHFFFAOYSA-N,
7255,NWQLERBAEODBMR-UHFFFAOYSA-N,
7256,VKKJDTAESWKIDU-UHFFFAOYSA-N,
7257,SUKXUTUXGGJIBX-UHFFFAOYSA-N,
7258,PLGBLVQPHDYIDO-UHFFFAOYSA-N,
7259,RILZEOKBQYTQGW-UHFFFAOYSA-N,
7260,GESGIRNJGOIWNC-UHFFFAOYSA-N,
7261,UKQVUQQWIGZSMS-UHFFFAOYSA-N,
7262,UORQORUHLFIOQG-QOSDPKFLSA-N,
7263,ZKRDKDMAYMIPNN-UHFFFAOYSA-N,
7264,YTJXXDVLDUKYHV-LJAQVGFWSA-N,
7265,RRUUGODGUBCZPC-UHFFFAOYSA-N,
7266,VHVMWCWIYITOLN-UHFFFAOYSA-N,
7267,GLYVVGKLPYPQFQ-UHFFFAOYSA-N,
7268,FXVBCYIZDNNSCJ-UHFFFAOYSA-N,
7269,ZGNPCMACNPWDDO-LDADJPATSA-N,
7270,RESUGNQLQMTSBH-RKQHYHRCSA-N,
7271,USVWVYFTHATFTA-UHFFFAOYSA-N,
7272,CDNGGUFYOISKCW-UHFFFAOYSA-N,
7273,XMTJOWLGJSFZED-VHXPQNKSSA-N,
7274,YKASBVWKPHUEQV-FCQUAONHSA-N,
7275,YMOPVPZYXCFVNQ-UHFFFAOYSA-N,
7276,BQYJATMQXGBDHF-UHFFFAOYSA-N,http://coconutKG.aksw.org/data/molecule/25454
7277,COPJJLIBBWNVEG-UHFFFAOYSA-N,
7278,WIABBPHDZJSFKD-UHFFFAOYSA-N,
7279,MXNGDCCMZUHZJR-UHFFFAOYSA-N,
7280,IRACIHWFJDPAHJ-UHFFFAOYSA-N,
7281,FQJQDZOGCQFDNQ-UHFFFAOYSA-N,
7282,GLSBCXZPDFBVLB-UHFFFAOYSA-N,
7283,YERIRFPGVRFZTE-LICLKQGHSA-N,
7284,BLXQCKRVCKTHNB-UHFFFAOYSA-N,
7285,XWENOZDPQVGKLN-UHFFFAOYSA-N,
7286,DJOAKGAPTRKBQU-UHFFFAOYSA-N,
7287,PDJOIWCHLKCCJH-XUTVFYLZSA-N,
7288,PPEUXAYWVRSVPR-XUTVFYLZSA-N,
7289,PLHJDBGFXBMTGZ-WEVVVXLNSA-N,
7290,ITXZILRVXWMSHE-VOMDNODZSA-N,
7291,XHGPGOJVDHBLHR-MPESAESLSA-N,
7292,IJSDNULBQHJOOO-MIGQKNRLSA-N,
7293,DPVAGYDPVXAHRY-WUXMJOGZSA-N,
7294,IVBGHNIALOVWPW-VZUCSPMQSA-N,http://coconutKG.aksw.org/data/molecule/1000000
7295,YXDJUKLUJWOPOU-RIYZIHGNSA-N,
7296,LMJPVRXXPPOFAM-VOTSOKGWSA-N,
7297,QCTXBTQZQMLQAN-VXLYETTFSA-N,
7298,OXIPVJBCXSSJHT-UHFFFAOYSA-N,
7299,RYMURFCZKNEFRQ-UHFFFAOYSA-N,
7300,KFMUQUAIEIUFMM-UHFFFAOYSA-N,
7301,MKULWOGXZZEYQF-UHFFFAOYSA-N,
7302,LBHJKHRXKWVCNX-UHFFFAOYSA-N,
7303,RUQYPGPXYNJUAZ-UHFFFAOYSA-N,
7304,GMELBBZUKRQOIY-UHFFFAOYSA-N,
7305,BWWDNXKYAUAMIX-UHFFFAOYSA-N,
7306,QCOLYXNWNFRRTH-KTZMUZOWSA-N,
7307,MKLYQQWVQDEQSE-WSDLNYQXSA-N,
7308,MBZBUUBPAFWXED-AUEPDCJTSA-N,
7309,BLPXNSSTDKKRFC-JKSUJKDBSA-N,
7310,OKQQMSPZCRZXEL-YBFXNURJSA-N,
7311,YXEAMDHIVHJRIU-UHFFFAOYSA-N,
7312,RXAQKYNTONZOAA-UHFFFAOYSA-N,
7313,AUXIGVLJWCYUCM-ZHACJKMWSA-N,
7314,YQTQXPYUUJBHRB-UHFFFAOYSA-N,
7315,MDVFTIHGBBMPQC-UHFFFAOYSA-N,
7316,DUMWFMFWWQGRCL-UHFFFAOYSA-N,
7317,DCWZLGBGEUHXOE-UJFKDBHOSA-N,
7318,AALSHKOJWBNSTL-UHFFFAOYSA-N,
7319,AQAJBBFTMFOPRA-ZDUSSCGKSA-N,
7320,GSXVUXVAKTVPOV-MRXNPFEDSA-N,
7321,SAJAZDMCTWKYAB-CYBMUJFWSA-N,
7322,JHQWLQIVGPJGGE-CYBMUJFWSA-N,
7323,IXUWKDINJWESQG-JTQLQIEISA-N,
7324,KLZHZXNGDKJDJB-CQSZACIVSA-N,
7325,OWKPAFONRAJFPD-SNVBAGLBSA-N,
7326,OOFRZDPLXWOZAD-SECBINFHSA-N,
7327,UEZNKNUEBFMVCF-QMMMGPOBSA-N,
7328,PWXPKUBKNYAOKU-CYBMUJFWSA-N,
7329,BFGKIVVTPDSBJF-SNVBAGLBSA-N,
7330,YKSATEMCDQQFTP-UHFFFAOYSA-N,
7331,XWALQWANRUGCFW-UHFFFAOYSA-N,
7332,UUVCXHBMYULJRI-UHFFFAOYSA-N,
7333,UKHAMZBIMNTOHU-UHFFFAOYSA-N,
7334,MMPXRBHBOQIPPT-UHFFFAOYSA-N,
7335,RUDATBOHQWOJDD-BSWAIDMHSA-N,
7336,BVXMFCXNQMGHPS-UHFFFAOYSA-N,
7337,PRWZORIFHPSEGA-UHFFFAOYSA-N,
7338,CPIDJTGUBZJNSM-UUOKFMHZSA-N,
7339,GCXOJSSBLOSPBR-NRFANRHFSA-N,
7340,ULTWFVLLKPONPF-NRFANRHFSA-N,
7341,XBYIOPGNLOWGCK-UHFFFAOYSA-N,
7342,NRCCYFAMXZIJSC-UHFFFAOYSA-N,
7343,XPTQNJDDGYHLRH-UHFFFAOYSA-N,
7344,IBBXCDMOOZDDLA-SRZZPIQSSA-N,
7345,IXMXCFSRQIHRHB-UHFFFAOYSA-N,
7346,LVOSZNDYMKKAFL-VOHJWDPRSA-N,
7347,LNGNOOFNSJGQRC-KUOFOABLSA-N,
7348,ZQCVPDDKYWRDTQ-UHFFFAOYSA-N,
7349,IHPGBNGMXKSPSM-UHFFFAOYSA-N,
7350,OKIMRHAXAVNVGU-UHFFFAOYSA-N,
7351,WFLHQOVEFXLFAO-UHFFFAOYSA-N,
7352,SJWOOQVYQQBIDH-UHFFFAOYSA-N,
7353,AZQKZQKMNCGSLP-RIYZIHGNSA-N,
7354,CCABYDVHHITXSQ-UHFFFAOYSA-N,
7355,FLBVRKLUSSKHBY-UHFFFAOYSA-N,
7356,FXFVQBZELDLDMP-UHFFFAOYSA-N,
7357,VATFPEIPODKPJQ-UHFFFAOYSA-N,
7358,JFBCTAWTXFMKRE-CIAFOILYSA-N,
7359,BZLSXZNXQVBGEV-UHFFFAOYSA-N,
7360,KGZFRQCIHUSOPA-UHFFFAOYSA-N,
7361,KJJCDKMDOSESJB-UHFFFAOYSA-N,
7362,IXPKRHGNBFJNPV-UHFFFAOYSA-N,
7363,HQDRVZFQUIUQSK-IROCBMIISA-N,
7364,ZTDFZLVUIVPZDU-XICFFEGHSA-N,
7365,WBYWAXJHAXSJNI-VOTSOKGWSA-N,
7366,AHRNAGRDNOKLGW-UHFFFAOYSA-N,
7367,RELFOTUELWTNEP-FRLFRUAOSA-N,
7368,SDXBUYRGPZYTLQ-JTCWOHKRSA-N,
7369,LAQYAAXZGKIYMG-UHFFFAOYSA-N,
7370,WOXGYLMTLBWAOJ-UHFFFAOYSA-N,
7371,LIZSHTVXRADHFA-UHFFFAOYSA-N,
7372,UMZJSRRUHAKPBC-UHFFFAOYSA-N,
7373,DIVLSYFLDKMBAI-UHFFFAOYSA-N,
7374,KBCZJJANDBLWLP-UHFFFAOYSA-N,
7375,NUBCPYUOSXMLKV-UHFFFAOYSA-N,
7376,VSRJPANZVLBBIX-UHFFFAOYSA-N,
7377,UADVSVIAJUVIFL-UHFFFAOYSA-N,
7378,CYBRWXRVDLVBSE-PWDIZTEBSA-N,
7379,MYKJXCXZTHTZMM-UHFFFAOYSA-N,
7380,COILXWOUTUHROH-UHFFFAOYSA-N,
7381,IHWNCZRHSNSIGL-NLWGTHIKSA-N,
7382,CMNHLCHJZQBSPZ-UHFFFAOYSA-N,
7383,LAZGHUPALJGPGI-UHFFFAOYSA-N,
7384,ZBQKWSXTMGLGBD-UHFFFAOYSA-N,
7385,LSDYSZYKNXUGKS-LLVKDONJSA-N,
7386,KTWZQJOYLNNQCE-UHFFFAOYSA-N,
7387,IEYTYHPAPAAGCS-UHFFFAOYSA-N,
7388,LUVNBFPWKLTVLZ-UHFFFAOYSA-N,
7389,AEHLSXNTVAXRSY-UHFFFAOYSA-N,
7390,YDAATSHQUAMAPZ-DUXKGJEZSA-N,
7391,HINUYJUCAJFMPJ-UHFFFAOYSA-N,
7392,DCDIYCNYBVLTJK-UHFFFAOYSA-N,
7393,ORNNSXSIIWGRNB-HKGWMZNFSA-N,
7394,LEALUPHMSSUFCO-UHFFFAOYSA-N,
7395,YEIBKURCUIPDPP-UHFFFAOYSA-N,
7396,XGSQDPSCMLMJTN-UHFFFAOYSA-N,
7397,CTLJTYYZNPMMNY-FMRIHTHOSA-N,
7398,KYFSFPKFVYKTCB-UHFFFAOYSA-N,
7399,OWEYKIWAZBBXJK-UHFFFAOYSA-N,
7400,AIGURZIJMUKKHV-UHFFFAOYSA-N,
7401,HNTLASMDVDSBKJ-UHFFFAOYSA-N,
7402,JDDWQQMMYFXZHN-UHFFFAOYSA-N,
7403,QQVOUEGGEOFBOX-UHFFFAOYSA-N,
7404,KVRONVFSLVQHAC-UHFFFAOYSA-N,
7405,HURFFFRCSHQNDT-UHFFFAOYSA-N,
7406,XRACNDLDEFBNBB-UHFFFAOYSA-N,
7407,UHDGCWIWMRVCDJ-XVFCMESISA-N,
7408,OAMVIBKEICGPKK-UHFFFAOYSA-N,
7409,CFMMNUXJBVYHKT-UHFFFAOYSA-N,
7410,MEDFKFHQIXAAGU-UHFFFAOYSA-N,
7411,JYZGRMRMVUUYHG-UHFFFAOYSA-N,
7412,CVEXTAUZJWYDJX-UHFFFAOYSA-N,
7413,AEWLHRWWZWVBGL-UHFFFAOYSA-N,
7414,UKINRRRVXPZMRM-UHFFFAOYSA-N,
7415,QITUAKDIBCEXLI-UHFFFAOYSA-N,
7416,DFPJMRVOZFONNQ-UHFFFAOYSA-N,
7417,CNYNFUIRBROHOU-UHFFFAOYSA-N,
7418,ZCGSWVONWBMRJF-UHFFFAOYSA-N,
7419,MSGARPVVCYTSLR-UHFFFAOYSA-N,
7420,MZCPBSQBAQYPBV-UHFFFAOYSA-N,
7421,PAHSLRSDDHOJQH-UHFFFAOYSA-N,
7422,OSARONAWLGWILS-LHWUAALPSA-N,
7423,JQYVQKCMANUWJQ-RQZCQDPDSA-N,
7424,VECKLZBKDGBGFZ-UHFFFAOYSA-N,
7425,YIASLOFBMRDWSK-FOWTUZBSSA-N,
7426,KEFMFAHDYLYNSZ-UHFFFAOYSA-N,
7427,OEFYCHZQOYJJOJ-LICLKQGHSA-N,
7428,ISPROKRBNAORAW-UHFFFAOYSA-N,
7429,VMRWHWSTGDHEPC-UHFFFAOYSA-N,
7430,TWQPHKYTTBBOBP-GTQTXVOKSA-N,
7431,KCENBHVQEWNGQK-UHFFFAOYSA-N,
7432,DQQNJIXUYNFNKE-UHFFFAOYSA-N,
7433,CMOITFQZGHXDQS-UHFFFAOYSA-N,
7434,FOHKWCZGORLZQI-UHFFFAOYSA-N,
7435,UBTGOHCDMIHSBJ-UFFVCSGVSA-N,
7436,HKZUZEYHEHTVQW-OQKWZONESA-N,
7437,KKJVVBRCACGMIS-IRXDYDNUSA-N,
7438,ARLUBRHFIKAWOY-UHFFFAOYSA-N,
7439,QPRSTVFKPNOCSS-UHFFFAOYSA-N,
7440,KAAAJMRKMTVGNC-UHFFFAOYSA-N,
7441,ZPURDZWFLGWPRI-VQHVLOKHSA-N,
7442,CAYVPNVDXKHWMG-HJWRWDBZSA-N,
7443,DQZBOPXBZJUFBX-IBGZPJMESA-N,
7444,JVMMZBYQLPMAHY-UHFFFAOYSA-N,
7445,ZYGHJZDHTFUPRJ-UHFFFAOYSA-N,http://coconutKG.aksw.org/data/molecule/1052236
7446,WUSOCHZVSWYYFS-UHFFFAOYSA-N,
7447,VVXBVSVEYUSMTK-UHFFFAOYSA-N,
7448,DTHGFKHEEQPYKU-UHFFFAOYSA-N,
7449,NNZRYRAKIFSXJY-RNXSOLSLSA-N,
7450,BHSUFIXFUOVBAB-IGICXXOISA-N,
7451,RJERVICEUNVSDW-YZIKYWQWSA-N,
7452,KIDKFTVXSGGWRY-BPSBCWRQSA-N,
7453,ULPVFBNSZZFPIE-IARZGTGTSA-N,
7454,OFNRRJIDWMSULE-MERJSTESSA-N,
7455,YWLRVKNQQQOFJH-UHFFFAOYSA-N,
7456,INLPLNTVEWQQRU-NGIFANIDSA-N,
7457,QOSBXTQGCNGMRN-UHFFFAOYSA-N,
7458,CBHMSSSIXUDSMF-UHFFFAOYSA-N,
7459,WWBGWPHHLRSTFI-UHFFFAOYSA-N,http://coconutKG.aksw.org/data/molecule/677156
7460,WAZWRCPAAWRNEL-UHFFFAOYSA-N,
7461,IDDOHJSCLCKCAC-UHFFFAOYSA-N,
7462,NUVYOSVGLLXEDL-UHFFFAOYSA-N,
7463,RSRMHQDUXAJHOR-DOEKTCAHSA-N,
7464,SQCHRHSEGBVJNL-UHFFFAOYSA-N,
7465,IPCSVZSSVZVIGE-UHFFFAOYSA-N,http://coconutKG.aksw.org/data/molecule/1054277
7466,QUMAYTSFYCTSLG-JTQLQIEISA-N,
7467,HSFNMNUUPXRBLR-UHFFFAOYSA-N,
7468,CPHZAMHHNCGPAO-UHFFFAOYSA-N,
7469,NZJXLYQYADDVPA-UHFFFAOYSA-N,
7470,GOLFSFGWUKRTHY-WBMJQRKESA-N,
7471,HYPRPAJFBFGOLI-WBVHZDCISA-N,
7472,DIOJIFYCWQBZFF-PGMHBOJBSA-N,
7473,JPMMCDFKDCCWDV-UHFFFAOYSA-N,
7474,NEYVHZWVYRAEFU-UHFFFAOYSA-N,
7475,SGNMKBDUPOZWBA-UHFFFAOYSA-N,
7476,SXWSIICHDFYEAB-UHFFFAOYSA-N,
7477,SCITZXVBYDOMCE-LFIBNONCSA-N,
7478,CVWQGWBXJRSATF-MDVIFZSFSA-N,
7479,VMPJLLAXSXKZFB-UHFFFAOYSA-N,
7480,DJZVAMBGSGSNCM-UHFFFAOYSA-N,
7481,OULLMOLCXBHKPH-UHFFFAOYSA-N,
7482,FUCMGTVKQIHBBB-VMPREFPWSA-N,
7483,TZBDAFOOHPUTMI-DLBZAZTESA-N,
7484,IXXPSYPRRDHLSA-UHFFFAOYSA-N,
7485,RICZASBPUMGABP-UHFFFAOYSA-N,
7486,GOKZWKYAKOVREM-MAKIOEOWSA-N,
7487,STFLNKVTVORBDF-UHFFFAOYSA-N,
7488,YCNWWRBGZNKTHN-UHFFFAOYSA-N,
7489,FKEWLMNIDACEHN-UHFFFAOYSA-N,
7490,NJOHNPWIFCFFIP-UHFFFAOYSA-N,
7491,HZZABTWJDDDKTR-UHFFFAOYSA-N,
7492,OBPYDFASTXQYSF-FERMDONQSA-N,
7493,UFCLZKMFXSILNL-PSEXTPKNSA-N,
7494,PYVNVJOLGKTVNA-UHFFFAOYSA-N,
7495,XDKXEEXTLWFEGQ-UHFFFAOYSA-N,
7496,BBDDNZAXWCMDTL-UHFFFAOYSA-N,
7497,XPUNLUVDCGGTSF-UHFFFAOYSA-N,
7498,QCXGDIKHNVFDIE-UHFFFAOYSA-N,
7499,IXGYRNWLRLWQQQ-UHFFFAOYSA-N,
7500,XMZISKRNPYGBKE-UHFFFAOYSA-N,
7501,AVKOLTWNMGUSAT-UHFFFAOYSA-N,
7502,JWRBRSWMJGSULP-YAXRCOADSA-N,
7503,SGPCCPOHXPAEJX-GIDUJCDVSA-N,
7504,FNLXCKFRMJJUTD-UHFFFAOYSA-N,
7505,NDXYHFVRBOTFMZ-UHFFFAOYSA-N,
7506,ILLLTEFIEJGRCC-UHFFFAOYSA-N,
7507,NWUCCKKCYCHLIJ-UHFFFAOYSA-N,
7508,TZYRZBXTVUQIRA-UHFFFAOYSA-N,
7509,DNLDNHJDRNZZCK-UHFFFAOYSA-N,
7510,UVIBZKPSYRFPFR-UHFFFAOYSA-N,
7511,HALNCDVNFYIVMV-JJNLEZRASA-N,
7512,OBGXTGNTIQIHNY-UHFFFAOYSA-N,
7513,LKAMDFVLYPZGKQ-UHFFFAOYSA-N,
7514,OYWRMBMPMZEGKP-UHFFFAOYSA-N,
7515,SOODJEVVNUVSDK-INIZCTEOSA-N,
7516,JHODAQQDADRGHL-UHFFFAOYSA-N,
7517,POPSWMXGUHNJDG-UHFFFAOYSA-N,
7518,INZFIPMMHIVDNB-UHFFFAOYSA-N,
7519,HCHFSFPBZIQBHN-UHFFFAOYSA-N,
7520,CCHDESUTGQYANU-UHFFFAOYSA-N,
7521,SAGRMOOWMWXDDW-UHFFFAOYSA-N,
7522,JPLAGBVSDPVGJU-UHFFFAOYSA-N,
7523,CSHGCMXQWIAMFO-OUKQBFOZSA-N,
7524,OBQFKKFLZZEAHD-UHFFFAOYSA-N,
7525,DHVYIKLGKCSYEI-LVGFTMSDSA-N,
7526,SVRRUJIWQCQYGZ-LVGFTMSDSA-N,
7527,ROKSTIDRUAPCCI-OGLMXYFKSA-N,
7528,ONQQNMNDBOIKLW-UHFFFAOYSA-N,
7529,PXAFUBGFZCXLCE-RNXOBYDBSA-N,
7530,NXZRVZFODUEKFG-KTUSUDIDSA-N,
7531,GCDAXSQCBCUETA-JTQLQIEISA-N,
7532,VXVCVLRMHCPXLN-UHFFFAOYSA-N,
7533,QRFDGWZBWWKBPE-UHFFFAOYSA-N,
7534,KPMWYRNZAIDICY-UHFFFAOYSA-N,
7535,JGSZZGMHEXRYBC-KBAYOESNSA-N,
7536,LITMQKSVCWTOSP-INIZCTEOSA-N,
7537,VKHBANSWZNQPDL-UHFFFAOYSA-N,
7538,MCTONJSVTAANAV-NDEPHWFRSA-N,
7539,JLJAVUZBHSLLJL-GKHNXXNSSA-N,
7540,MYNQMKUMLZCTAI-PNTRZLELSA-N,
7541,QNMJVZJCKXNKJL-UHFFFAOYSA-N,http://coconutKG.aksw.org/data/molecule/505897
7542,UCWHQYFRGYUKTD-UHFFFAOYSA-N,
7543,GCBKBKADIBDGCO-DJKKODMXSA-N,
7544,GDVYZALIQPJMRA-UHFFFAOYSA-N,
7545,HHBUBCQHJLJXFF-CLCOLTQESA-N,
7546,VWSOGIZHXGRMDM-UHFFFAOYSA-N,
7547,IJBNCLGZDABXGM-UHFFFAOYSA-N,
7548,AKXMXGNCQLVIPQ-CIAFOILYSA-N,
7549,YBFSDMCEJFZPES-UHFFFAOYSA-N,
7550,FUOPZXCUAGJJBW-GIJQJNRQSA-N,
7551,GRBHQBKHYCMVNV-VXLYETTFSA-N,
7552,YAUWXSHZDLVSBN-ZVHZXABRSA-N,
7553,YXEGYTUHTPDFNH-ZVHZXABRSA-N,
7554,LLMFFOXSSQHNFR-UHFFFAOYSA-N,
7555,CVBGSYUCZCMDSA-UFWORHAWSA-N,
7556,BURSBQLPMYQBJO-JAIQZWGSSA-N,
7557,JERMEEBAKDJXEL-UHFFFAOYSA-N,
7558,DMRRQBPJVXEDNC-UHFFFAOYSA-N,
7559,RYGYILSFRDCTJT-UHFFFAOYSA-N,
7560,TXWKURAYBKFASG-HQJKSCAWSA-N,
7561,YKGCXSIKRZKBAK-UHFFFAOYSA-N,
7562,CHKCMNYNCPRLNW-UHFFFAOYSA-N,
7563,DVAJHBMDTLCJMY-UHFFFAOYSA-N,
7564,IDBWWRQJPIOIBC-UHFFFAOYSA-N,
7565,ANBXJDLLOFTEPG-UHFFFAOYSA-N,
7566,QOMRIFUXHXJSMW-WUXMJOGZSA-N,
7567,GNHBZGBGPBOYOC-UHFFFAOYSA-N,
7568,STBSZGLFOMLIMJ-UHFFFAOYSA-N,
7569,BQJFBHBDOAIIGS-CMDGGOBGSA-N,
7570,VYKDCFWDCIPFQP-UHFFFAOYSA-N,
7571,IZLRXCYGQSCGDR-UHFFFAOYSA-N,
7572,WUVTWXOKSPFZLK-UHFFFAOYSA-N,
7573,WEHNLCAPKIWENI-UHFFFAOYSA-N,
7574,GDTZGIHLYLXAPL-UHFFFAOYSA-N,
7575,KHQDPVXIOWRYAQ-UHFFFAOYSA-N,
7576,RCSYLCNJBLKWDC-UHFFFAOYSA-N,
7577,NXBLIGLFMRGDMZ-UHFFFAOYSA-N,
7578,FXRGYMRJGVVKQY-UHFFFAOYSA-N,
7579,SJEWXDVXCJGANO-UHFFFAOYSA-N,
7580,YWTPAOZXPXRRDT-RISCZKNCSA-N,
7581,IMMBKXVEBBVPGG-UHFFFAOYSA-N,
7582,MXAMSUMHFVNGPE-ZBFHGGJFSA-N,
7583,FDEODCTUSIWGLK-RSAXXLAASA-N,
7584,UPFMDHBEQFAVJK-UHFFFAOYSA-N,
7585,XTAGJHBSEWJYBQ-UHFFFAOYSA-N,
7586,JHJRUXZPHLVEIG-JWNBQHQMSA-N,
7587,WEIWYLCVYKZHCY-JLHYYAGUSA-N,
7588,BQDISWOZJASINK-OQLLNIDSSA-N,
7589,RDAOLKVZMVZGPI-UKTHLTGXSA-N,
7590,UQVQHQGWBCVABA-UKTHLTGXSA-N,
7591,JJPYXCGGXFYVAG-OBGWFSINSA-N,
7592,GQBURWAEKZKSAW-UHFFFAOYSA-N,
7593,WSNHSMQHBQKNRY-UHFFFAOYSA-N,
7594,XQFPFHVZDSXBPM-UHFFFAOYSA-N,
7595,KJEBULYHNRNJTE-DHZHZOJOSA-N,
7596,WAZVBMRNWDQKGT-UHFFFAOYSA-N,
7597,HDVKTEZLHDJYRW-UHFFFAOYSA-N,
7598,ILDSHPWGGWEVBU-UHFFFAOYSA-N,
7599,DNFVWIKHLTYLMQ-QRQIAZFYSA-N,
7600,FOIXFFCXNKFBPS-MCEQOLEDSA-N,
7601,JYQAQZBOGMSALB-BAIGWQNMSA-N,
7602,WZCRJRLBPNSFFN-MBQSJGJXSA-N,
7603,ONBUBDDCNJBLAI-UHFFFAOYSA-N,
7604,VBIPIDSLSGXEKI-VGOFMYFVSA-N,
7605,UAIGHBSXTLEZFA-BLWUOAHFSA-N,
7606,AYVLTZUSBGRVBA-UHFFFAOYSA-N,
7607,QZYPMZPLJIXLQM-UHFFFAOYSA-N,
7608,VSMPUBDIKSIYMG-UHFFFAOYSA-N,
7609,GFCLCVYEVMQNHB-UHFFFAOYSA-N,
7610,NWSLOIRBPRGVDX-UHFFFAOYSA-N,
7611,NJGRGWBILILOKL-UHFFFAOYSA-N,
7612,HNNMZHDCABJDFY-UHFFFAOYSA-N,
7613,HSJVNDCEOLCNOQ-UHFFFAOYSA-N,
7614,AAKSRQWMQIJJLY-UHFFFAOYSA-N,
7615,OKMAFFJWEVRWEM-UHFFFAOYSA-N,
7616,JFWKFVBCKCSFLX-UHFFFAOYSA-N,
7617,NHHAWIUBACZKDG-UHFFFAOYSA-N,
7618,HVESHPOZVWIFBC-UHFFFAOYSA-N,
7619,LBQOHQSKRCLDKJ-UHFFFAOYSA-N,
7620,WCQCMGXYQYXJNC-UHFFFAOYSA-N,
7621,ACOVYUYEZZKPHW-JXAWBTAJSA-N,
7622,ZQNLHQMVYUYLMK-UHFFFAOYSA-N,
7623,VQGRARXMDOEPFR-CHIYVGQTSA-N,
7624,DDYIUSAOZYMJHN-UHFFFAOYSA-N,
7625,OSXPTANOKNGVPJ-UHFFFAOYSA-N,
7626,DQIKZIYVQYDTBA-STGPIEFFSA-N,
7627,OXCIAAZLEUVJQN-WUXMJOGZSA-N,
7628,YYAIASCJJQDPSP-UHFFFAOYSA-N,
7629,HBWLCSNJRLFSSN-UHFFFAOYSA-N,
7630,POCIALMQHRDYIG-UHFFFAOYSA-N,
7631,QTMLDXTVZUZOPC-UHFFFAOYSA-N,
7632,MZSZXDSVFQKLPB-UHFFFAOYSA-N,
7633,KSISNHOTUHPAKB-UHFFFAOYSA-N,
7634,ZIXMLEHVDNDNCK-UHFFFAOYSA-N,
7635,USLXRKSGALRECH-UHFFFAOYSA-N,
7636,YDLZYUIDNGPWNF-UHFFFAOYSA-N,
7637,KYWQCSOIWJARPQ-UHFFFAOYSA-N,
7638,SXZDIMQCNHXDIP-UHFFFAOYSA-N,
7639,PDQCQOKTDPWAHF-UHFFFAOYSA-N,
7640,MOLHZWWSSXXNPH-UHFFFAOYSA-N,
7641,YYDVPSZJVKQPNH-UHFFFAOYSA-N,
7642,MPVVOGRZVHJNTC-UHFFFAOYSA-N,
7643,ZCTSQCRTBXPIIU-UHFFFAOYSA-N,
7644,RIKCMEDSBFQFAL-UHFFFAOYSA-N,http://coconutKG.aksw.org/data/molecule/1042108
7645,KYXLWEGJFMUFHO-UHFFFAOYSA-N,
7646,CSRGPERAJKNQMM-UHFFFAOYSA-N,
7647,NJJUADYXIDTROG-UHFFFAOYSA-N,
7648,GFHBQBMHIDHBNM-UKTHLTGXSA-N,
7649,GNAQOCUJKIASBV-HCDAPJTOSA-N,
7650,SCDARGHOYFEKCR-BFWDJAKLSA-N,
7651,CKTKQBJWDOJCQM-ONMBGNKZSA-N,
7652,OLULYOFTWMSNLU-NGAXQJCKSA-N,
7653,BNZPMHAPEHHXJA-LOLOATOISA-N,
7654,SAODFECTIXOWDO-CPNJWEJPSA-N,
7655,OJEVXJSJYBCDSR-UHFFFAOYSA-N,
7656,ODRJEWDHAYPOMM-UHFFFAOYSA-M,
7657,MLADYRKOWXMNON-UHFFFAOYSA-N,
7658,HTKZMCJTVRNSME-UHFFFAOYSA-N,
7659,SXSOYEBKXCZKDH-UHFFFAOYSA-N,
7660,LRIYKMZJBOWISP-UHFFFAOYSA-N,
7661,ZXRXHBLUWGWCDF-UHFFFAOYSA-M,
7662,SSPSKYYVIVNCOK-UHFFFAOYSA-M,
7663,HTHLEROLKZYBJM-KPJFUTMLSA-N,
7664,ISOJQWKVJALCRS-UHFFFAOYSA-N,
7665,LQPNVVORFHMPMC-UHFFFAOYSA-N,
7666,KTNMNALZTDTBQA-UHFFFAOYSA-N,
7667,RTGGECGQZBXZHA-GDBMZVCRSA-N,
7668,PEYXQVLQDBAPGS-LLVKDONJSA-N,
7669,NNRSCLQRNDUHFJ-UHFFFAOYSA-N,
7670,WYNOFKGYOHMYKS-UHFFFAOYSA-N,
7671,KTFNZBKMYDBHNZ-UHFFFAOYSA-N,
7672,OAZDGUYFVAWKEP-GUTACTQSSA-N,
7673,LKIQOROENKWHKY-UHFFFAOYSA-N,
7674,KMIMXBWINNTAQA-UHFFFAOYSA-N,
7675,NFBVGWCTHYOPNY-CAOOACKPSA-N,
7676,YZYLALDONLAXBW-UHFFFAOYSA-N,
7677,RKYIEJOWLNZLKU-UHFFFAOYSA-N,
7678,PAYUNELULSPXRL-AWEZNQCLSA-N,
7679,RRUPYIUAPRUGIX-UHFFFAOYSA-N,
7680,IJOORSDTADHPIO-UHFFFAOYSA-N,
7681,SBIMKWJCWBQRSQ-UHFFFAOYSA-N,
7682,FNRWBCFHAFTTQU-WJYFWIIUSA-N,
7683,ONFPDHLEGKDYNI-YGVSIWEKSA-N,
7684,SUSYISJKFHKCDF-VXLYETTFSA-N,
7685,QZBUSWMHZPNLBD-UHFFFAOYSA-N,
7686,PQUZFMUWRFABGW-UHFFFAOYSA-N,
7687,OLCFIFJCTJFPAI-UHFFFAOYSA-N,
7688,HQIPSBDYSGBGBD-UHFFFAOYSA-N,
7689,SGLVRTMEBJAGAJ-CMZLOHJFSA-O,
7690,PVJGAWLDHZZBCM-UHFFFAOYSA-N,
7691,WFUUTFQTKHXIAH-UHFFFAOYSA-N,
7692,GKUSRUNEHWJUSA-DEYHTPJLSA-N,
7693,BIOSTDUNFAPXFL-XDIGFQIYSA-N,
7694,OZGJUNOBLAHWAI-XDIGFQIYSA-N,
7695,JBWATFYEBWYLFY-FWEHEUNISA-N,
7696,JFMHOCLDWOVXTP-UHFFFAOYSA-N,
7697,LEYAILDYSKNETJ-UHFFFAOYSA-N,
7698,GLBRSWQQBPDLPZ-UHFFFAOYSA-N,
7699,ZHOCJGXWKGUBMH-UHFFFAOYSA-N,
7700,WJSGSQPJIHYKCR-UHFFFAOYSA-N,
7701,BUXHEUKMKAONOA-UHFFFAOYSA-N,
7702,GQKCXEUCESODON-UHFFFAOYSA-N,
7703,WZIUWYNBAAZUBX-UHFFFAOYSA-N,
7704,ZXHBSWWNUCMJBB-UHFFFAOYSA-N,
7705,RQTPKKAKDNSVFZ-UHFFFAOYSA-N,
7706,VAOJXJAGBHUCPY-LFYBBSHMSA-N,
7707,FJCDJOPKILSQQC-WUXMJOGZSA-N,
7708,DKNWSYNQZKUICI-UHFFFAOYSA-N,http://coconutKG.aksw.org/data/molecule/694484
7709,VGKDLMBJGBXTGI-SJCJKPOMSA-N,
7710,SYHGGAUXYDWHJQ-UHFFFAOYSA-N,
7711,GGNSCQDXLRMKCG-UHFFFAOYSA-N,
7712,SJKRTHWKUMSQRG-UHFFFAOYSA-N,
7713,HVKRNOABKVHZEP-UHFFFAOYSA-N,
7714,XSRKUZZNWWQNEZ-UHFFFAOYSA-N,
7715,BKVVWUXAAUZBDZ-UHFFFAOYSA-N,
7716,KPRSTCYLJGKDEM-UHFFFAOYSA-N,
7717,UYNMSLOATUXRBK-UHFFFAOYSA-N,
7718,OHNPMZRZWWQQCT-UHFFFAOYSA-N,
7719,YEKGMCFOXJIFCZ-UHFFFAOYSA-N,
7720,SOPKWXMQSHLEKD-UHFFFAOYSA-N,
7721,HISQZKGFOPIPIM-UHFFFAOYSA-N,
7722,VDGGBAOCXWTMSJ-UHFFFAOYSA-N,
7723,ODZMXYIVKDJJJS-UHFFFAOYSA-N,
7724,SIDFGQNFLUQTDH-UHFFFAOYSA-N,
7725,NQDJXKOVJZTUJA-UHFFFAOYSA-N,
7726,CUEHPRFMGPZGQA-UFFVCSGVSA-N,
7727,LMZHQAJXPUWBEO-KDURUIRLSA-N,
7728,RPQSHYCDQHKNMB-UHFFFAOYSA-N,
7729,SENZXDNFSPTOQX-JOOMPNRTSA-N,
7730,RCQDVSTWVOUAIJ-UHFFFAOYSA-N,
7731,JBXLKIGSGFYOTO-UHFFFAOYSA-N,
7732,KRYWPWGRGYRMJE-UHFFFAOYSA-N,
7733,UZRWSJJWQMJCQC-UHFFFAOYSA-N,
7734,YDVZODJEUINLGA-UHFFFAOYSA-N,
7735,JXFOCCORFKRDNW-UHFFFAOYSA-N,
7736,WEIORHMJQKLZQZ-UHFFFAOYSA-N,
7737,XDMLMAQHYXPBEV-UHFFFAOYSA-N,
7738,BRBMTEYZYVZFJD-IWGRKNQJSA-N,
7739,SKXFVZOXNMCOSN-UHFFFAOYSA-N,
7740,IQBHGFNELFSZAJ-UHFFFAOYSA-N,
7741,OCAPBUJLXMYKEJ-UHFFFAOYSA-N,http://coconutKG.aksw.org/data/molecule/274622
7742,FDQAPZOAAOLGGJ-UHFFFAOYSA-N,
7743,NUXCYHAJVJEQER-UHFFFAOYSA-N,
7744,DOWWDZIQSJLLLV-UHFFFAOYSA-N,
7745,IHVZDNOKUZYHMF-KRWDZBQOSA-N,
7746,QBEYJJWEGDOTAJ-INIZCTEOSA-N,
7747,DBDGQVVQYMKPAS-UHFFFAOYSA-N,
7748,ASUTZQLVASHGKV-IFIJOSMWSA-N,
7749,LBXRKDGNBSYDML-YEWWUXTCSA-N,
7750,VPAFHSQWERHAPX-UHFFFAOYSA-N,
7751,LVGPQKVIFSLTPX-UHFFFAOYSA-N,
7752,OZLQDOUABNLNDK-UHFFFAOYSA-N,
7753,RXWNCPJZOCPEPQ-NVWDDTSBSA-N,
7754,KJXGHEIVPADCRV-FNXZNAJJSA-M,
7755,QULRMAITZURFMC-UHFFFAOYSA-N,
7756,JOHSHTQLTRXLHJ-UHFFFAOYSA-N,
7757,WNFHFRFAJZYWAC-UHFFFAOYSA-N,
7758,IBSKXXKLTIFTLJ-NTUHNPAUSA-N,
7759,FDSWOQBBOIWOQQ-BLWUOAHFSA-N,
7760,PXQSRKXXQZJTGD-NTUHNPAUSA-N,
7761,ACTBIISYBCZROU-CXUHLZMHSA-N,
7762,ACTGXQXSJUUUGE-UHFFFAOYSA-N,
7763,MQIRZZCIQFUHNI-UHFFFAOYSA-N,
7764,DSAYGXUEIXBXOT-UHFFFAOYSA-N,
7765,ZYYZWEVQDXOZRN-UHFFFAOYSA-N,
7766,CWYBYEMWRGFCLL-LSDHHAIUSA-N,
7767,SYFCAJKFSHIVTF-POMKPVMLSA-N,
7768,PSYGZORLNLCMLD-WYUYGYAUSA-N,
7769,JPXAHKARRJSIRA-FSGIRCEXSA-N,
7770,DUXCAZYOCIXEAP-UHFFFAOYSA-N,
7771,PUBGCVPNVOXCRA-UHFFFAOYSA-N,
7772,NBQHTLVTWWNYOP-UHFFFAOYSA-N,
7773,UZBAOIQBDVGGCU-UHFFFAOYSA-N,
7774,PHPPHYOWEVROEX-UHFFFAOYSA-N,
7775,MWIFMTRJFPCWKE-UHFFFAOYSA-N,
7776,LODYJWJZWUCAIZ-UHFFFAOYSA-N,
7777,GMEXBBQACBDHOU-UHFFFAOYSA-N,
7778,PDIREYNDNOOBFA-UHFFFAOYSA-N,
7779,FRCORLQVLPXUKX-UHFFFAOYSA-N,
7780,UUHOGFPMJRMPPE-UHFFFAOYSA-N,
7781,HXWOKTOKXJLLRZ-UHFFFAOYSA-N,
7782,JOQDZOKBWQMRKJ-UHFFFAOYSA-N,
7783,BJJMMZHBMKMMGN-UHFFFAOYSA-N,
7784,JEDUFCVPZYZUSZ-UHFFFAOYSA-N,
7785,VURBCFFCSJVFQK-UHFFFAOYSA-N,
7786,MAFAQTDFQGXNEK-SCHRPIHLSA-N,
7787,VOBSEJOYTQOIFQ-VDFNRXBBSA-N,
7788,RIYOQCTXRZMETE-UHFFFAOYSA-N,
7789,DKMIJZUOPLJREF-UHFFFAOYSA-N,
7790,LWMOAWCHBCLVER-UHFFFAOYSA-N,
7791,SPTLWHSXSJPVOM-XJABCFGWSA-N,
7792,STIZBCZNDJIKQQ-XPIXAVGJSA-N,
7793,QQQDIFUKWMHWBE-GBURMNQMSA-N,
7794,UKIUVFHMZJXSDD-UHFFFAOYSA-N,
7795,AEHCJVYHSFLCHM-UHFFFAOYSA-N,
7796,WHYFSPKHMWYXEG-UHFFFAOYSA-N,
7797,OELWNYZRCWXQOG-UHFFFAOYSA-N,
7798,SARIQMAOSQIMAN-UHFFFAOYSA-N,
7799,YYPASJQZNZJGOK-UHFFFAOYSA-N,
7800,JSMOAGYTISHFLK-UHFFFAOYSA-N,
7801,CWMRMINMEZKQSF-VMZLFOEJSA-N,
7802,RZSUDQSAEWRFQG-UHFFFAOYSA-N,
7803,ZABWFZXICLSWBV-UHFFFAOYSA-N,
7804,JKEIEVYRNXYNSL-VGOFMYFVSA-N,
7805,QWEPRFMKVIITRL-LICLKQGHSA-N,
7806,KYYYZVXGYXWNIU-UHFFFAOYSA-N,
7807,DKEUUAIJGPRAPB-UHFFFAOYSA-N,
7808,JNQDRISPYXCAPW-URKNILKWSA-N,
7809,KMUWPPZDTNJNHI-UHFFFAOYSA-N,
7810,PYKCNTYUSMNXKW-UHFFFAOYSA-N,
7811,KOIUGFJOSLWKIE-UHFFFAOYSA-N,
7812,PJSILNKYQYLIAK-UHFFFAOYSA-N,
7813,QREXNSCBVAUQLJ-UHFFFAOYSA-N,
7814,CXWBCIPFEYSSRB-UHFFFAOYSA-N,
7815,NPXMMOBBZBHSEE-UHFFFAOYSA-N,
7816,YLGONLRPPGGFOS-CJVXNKBJSA-N,
7817,HQHBNXAESHKMIQ-WUTGNFJJSA-N,
7818,BFANIUCLYPUKCM-NYMMDBBYSA-N,
7819,YUJAVMJKRUKNMF-KDEMWJIUSA-N,
7820,UGIIPXANIQTIRQ-FFAUUBBKSA-N,
7821,KQNDUHOSSMZVLR-UHFFFAOYSA-N,
7822,CKVKEBVACPUEIB-UHFFFAOYSA-N,
7823,HKJQVADGEXGHDE-UHFFFAOYSA-N,
7824,YKQYTTXZCOHTJM-UHFFFAOYSA-N,
7825,GWLFRZVFUDXHGN-UHFFFAOYSA-N,
7826,DNTRDUCNPGXDFB-UHFFFAOYSA-N,
7827,MTEZCAGMDIZOMX-UHFFFAOYSA-N,
7828,CENSEWSEQWDFSE-UHFFFAOYSA-N,
7829,CAKVJLAEFCYQEX-ARFHVFGLSA-N,
7830,ZYMUNTZVOUBQAI-JSAVKQRWSA-N,
7831,KJITWEIJZIETET-UHFFFAOYSA-N,
7832,GQIFMUBFEHZVKX-UHFFFAOYSA-N,
7833,VGAAFFCTEWXZHO-UHFFFAOYSA-N,
7834,ILSASIBJTOMQEA-UHFFFAOYSA-N,
7835,SXDZJNJIAAIXNY-UHFFFAOYSA-N,
7836,RCJHPFPNPGCOGZ-UHFFFAOYSA-N,
7837,SDDGIXXRPVAHFD-UHFFFAOYSA-N,
7838,GVPSDENJFMKGSB-UHFFFAOYSA-N,
7839,VANCSADPUZDJDK-UHFFFAOYSA-N,
7840,PWXVCZYGBVWUBG-UHFFFAOYSA-N,
7841,PBNJEFLDXFIGNG-FQEVSTJZSA-N,
7842,PBNJEFLDXFIGNG-HXUWFJFHSA-N,
7843,HXQBCCSZFIVPFX-UHFFFAOYSA-N,
7844,SJQVCNUJXDNTHB-UHFFFAOYSA-N,
7845,QPKHNVKVKJZQJG-UHFFFAOYSA-N,
7846,DULCCGQQCJNKEM-UHFFFAOYSA-N,
7847,RSWYXIPPRCQEBS-UHFFFAOYSA-N,
7848,CIEHCQPNDBHRNK-UHFFFAOYSA-N,
7849,UBFFOGHEXVQPOF-UHFFFAOYSA-N,
7850,HSPRVXYJJVPOOT-UHFFFAOYSA-N,
7851,PETPFHJBLGYDPJ-UHFFFAOYSA-N,
7852,FSIPXDSKPOBFCJ-UHFFFAOYSA-N,
7853,VZMRLUBYFHOMSY-UHFFFAOYSA-N,
7854,JZZMBXYIYQLMMV-UHFFFAOYSA-N,
7855,WNFUZTAHZCPVSK-UHFFFAOYSA-N,
7856,ZJRBKDBZBZIZLT-UHFFFAOYSA-N,
7857,AXIRWXYZXDBPSS-UHFFFAOYSA-N,
7858,AGHCDIYOVINBHM-UHFFFAOYSA-N,
7859,AQSAUJOSPVHKGC-UHFFFAOYSA-N,
7860,DMLVXRAODQZJRS-UHFFFAOYSA-N,
7861,WKCDURKNWXGSCR-OAHLLOKOSA-N,
7862,CWVDVDGPFJFFAV-UHFFFAOYSA-N,
7863,MMMXEMWWWBFMDW-UHFFFAOYSA-N,
7864,IDVIVCQPDGJRAJ-UHFFFAOYSA-N,
7865,NIVYIAHSNREEBH-XXBNENTESA-N,
7866,ULCDUXIWCOXKET-UHFFFAOYSA-N,
7867,JOQYAGYXOTYHOY-UHFFFAOYSA-N,
7868,LUQWDIHJPURBIC-UHFFFAOYSA-N,
7869,DWTFUSCHJFUDMW-UHFFFAOYSA-N,
7870,LTJCRWFXZREOEO-UHFFFAOYSA-N,
7871,GIXHBIJQDQGJEM-UHFFFAOYSA-N,
7872,CVILIJVBHCDMDV-UHFFFAOYSA-N,
7873,KXSXIFFPCDJUPY-UHFFFAOYSA-N,
7874,CXCOWZVWUDVIKH-UHFFFAOYSA-N,
7875,OKHOJHUBNQQQDF-UHFFFAOYSA-N,
7876,NDVQELHLBFVILT-UHFFFAOYSA-N,
7877,FOZNRBCHJPFOPY-HEHNFIMWSA-N,
7878,FGRQIGUVFRWVHP-ZIOPAAQOSA-N,
7879,DPZTYYPTDQGBLK-ZWKOTPCHSA-N,
7880,UYAFPHSEADQNSM-OAHLLOKOSA-N,
7881,ALXYTKORUWXAGH-UHFFFAOYSA-N,
7882,CKOVHVBPMSLTHX-UHFFFAOYSA-N,
7883,UWDBGADPUSHSMO-UHFFFAOYSA-N,
7884,HJNLGEOONFPZKQ-UHFFFAOYSA-N,
7885,BIDHUCWHCVSOMK-UHFFFAOYSA-N,
7886,UYAFPHSEADQNSM-HNNXBMFYSA-N,
7887,HXOIXDBXQQKNJD-KRWDZBQOSA-N,
7888,LREFVRIJOXSBIZ-UHFFFAOYSA-N,
7889,ZZPNSQRKVYCRDO-UHFFFAOYSA-N,
7890,QWESXHAMCJUVEU-VGOFMYFVSA-N,
7891,IHOXMXVTOMOLGX-UHFFFAOYSA-N,
7892,ZZLUDNBUAOWUFS-UHFFFAOYSA-N,
7893,ATGYQGALFGDBLB-UHFFFAOYSA-N,
7894,GMIOHBODRNTKOO-UHFFFAOYSA-N,
7895,VVTPGVKCDDDFNP-UHFFFAOYSA-N,
7896,QUSRZAAWPSQHGD-UHFFFAOYSA-M,
7897,ZTLFUVNERQMWAR-UHFFFAOYSA-N,
7898,QTWGFCPXTHDILL-IBGZPJMESA-N,
7899,LENFFUNPBNBSMS-UHFFFAOYSA-N,
7900,HQNDDTAXKJINKR-UHFFFAOYSA-N,
7901,IDINWKWNLBCYGC-UHFFFAOYSA-N,
7902,WTJVEZSWVRAHFI-UHFFFAOYSA-N,
7903,PGEPQXXKCIDQAP-XYOKQWHBSA-N,http://coconutKG.aksw.org/data/molecule/1000000
7904,QFGNIGSPSBIQKC-UHFFFAOYSA-N,
7905,YNBJYWPZMJFFTA-UHFFFAOYSA-N,
7906,PYNYUAVRLFUISX-UHFFFAOYSA-N,
7907,OAJYBGDVSDOBFV-UHFFFAOYSA-N,
7908,DKJWYFIGAFQFAS-UHFFFAOYSA-N,
7909,DTPIRZUWFZLKKJ-UHFFFAOYSA-N,
7910,XNKZJYYKOBOPPD-UHFFFAOYSA-N,
7911,QADHLRWLCPCEKT-LOVVWNRFSA-N,
7912,FWIJRTLIRRWMCM-UHFFFAOYSA-N,
7913,KKNKTJAYUKOYFB-UHFFFAOYSA-N,
7914,MXLRQASISRRBSG-AWEZNQCLSA-N,
7915,PCBWMOGIYWSXTA-UHFFFAOYSA-N,
7916,QMDDMCVXYCYGRO-LJQANCHMSA-N,
7917,VGWKSCHHKMKBGM-UHFFFAOYSA-N,
7918,AWBRPWXFUXJVEG-UHFFFAOYSA-N,
7919,RTLOEYRCIWWCFS-UHFFFAOYSA-N,
7920,NKLSPZQYPWFUIO-QWAURFOWSA-N,
7921,QVWBNYXBEXYBJW-UHFFFAOYSA-N,
7922,ICUHTMCUDQNKDK-LJZMDLFKSA-N,
7923,LYHZJDYMRHBVMG-UHFFFAOYSA-N,
7924,PAKOONUBMFWMHZ-QHCPKHFHSA-N,
7925,UTLIWAZSOYEKIX-UHFFFAOYSA-N,
7926,LODPPBMOINLVOF-UHFFFAOYSA-N,
7927,LUJRWNDAYUEAPA-UHFFFAOYSA-N,
7928,FBBPVUFZZPBQLX-UHFFFAOYSA-N,
7929,DJYLCKIQIMPJKK-UHFFFAOYSA-N,
7930,JTSSFVUCMBTHFB-UHFFFAOYSA-N,
7931,VLFDEBITFMRQRQ-UHFFFAOYSA-N,
7932,OHTPFXGVQFJCHJ-UHFFFAOYSA-N,
7933,JPMNNVYYXJTYQB-UHFFFAOYSA-N,
7934,QEOBIEKKDGVFSY-UHFFFAOYSA-N,
7935,VCCJQYWYDHOXNE-UHFFFAOYSA-N,
7936,CSFNREGKXKQZAL-UHFFFAOYSA-N,
7937,KCRUOZNXJJOOLR-UHFFFAOYSA-N,
7938,HWTFNLNAWCQZBD-UHFFFAOYSA-N,
7939,CNZHQDNSGLKFPC-UHFFFAOYSA-N,
7940,FQSCDYIMGDGUMJ-UHFFFAOYSA-N,
7941,BSFKXCAORGJGJP-ZVLMMUCPSA-N,
7942,LDHYFEQJGYZEIX-UHFFFAOYSA-N,
7943,BTHJRCKLXSZPTD-GFMRDNFCSA-N,
7944,UKZDIGOZGXWLGB-QGMBQPNBSA-N,
7945,YGRTXWPIQSYSFM-UHFFFAOYSA-N,
7946,YLZRXCURAAGMDC-UHFFFAOYSA-N,
7947,MIHADVKEHAFNPG-UHFFFAOYSA-N,
7948,IJTFADRNBJMGAN-UHFFFAOYSA-N,
7949,JWACXIROMWTVRE-ZEQRLZLVSA-N,
7950,JQXZTTPZHSBCGQ-OQKWZONESA-N,
7951,CDPQUKWKUKEJQD-LTGZKZEYSA-N,
7952,YHHPPPUAURYNPH-CJLVFECKSA-N,
7953,XGWMJFFBOGLFHK-XQNSMLJCSA-N,
7954,HAZWCBBZPXYGHA-UHFFFAOYSA-N,
7955,ZIBCTGLJAQYMCY-OAHLLOKOSA-N,
7956,MPVGMCKMFSBOKQ-LJQANCHMSA-N,
7957,HZTGCZQWVVGFOT-UHFFFAOYSA-N,
7958,VCFBNOIQKPYGRP-UHFFFAOYSA-N,
7959,UHOOIECUDDLVDQ-XDHOZWIPSA-N,
7960,DDWCQAGHWSKDLV-UHFFFAOYSA-N,
7961,GEMRJPCLJHHBIJ-UHFFFAOYSA-N,
7962,MNKDWPQWYVYQPR-UHFFFAOYSA-N,
7963,QCXJGPQTXQKXSU-UHFFFAOYSA-N,
7964,JZHLZZNVUDHUFP-UHFFFAOYSA-N,
7965,XTRSYWCVDLOODD-UHFFFAOYSA-N,
7966,FMNZQOQLFDCUDA-UHFFFAOYSA-N,
7967,LRJQRCMQIHNXJH-UHFFFAOYSA-N,
7968,JUKLUSUQXMMMJX-UHFFFAOYSA-N,
7969,UUUBUMQREBEQMK-UHFFFAOYSA-N,
7970,DIYSLQICFHBTQL-UHFFFAOYSA-N,
7971,VZFXJIQTDMSFFQ-UHFFFAOYSA-N,
7972,WMMRPQPHXVNHGI-WMZHIEFXSA-N,
7973,SAPYHDLLBVNOKN-CWLXEDRGSA-N,
7974,SABIQMDOHYSUND-XUTVFYLZSA-N,
7975,JARFJDXTHJSOCW-UHFFFAOYSA-N,
7976,ODTFLTWASBMJQX-UHFFFAOYSA-N,
7977,OJBHUEOLFRZNNY-UHFFFAOYSA-N,
7978,OARPYUIBKXPQHR-UHFFFAOYSA-N,
7979,HZSNYGPVTDWOTD-UHFFFAOYSA-N,
7980,DIWIKSHBGLXAEL-UHFFFAOYSA-N,
7981,ACCMZQQGJOJQTN-UHFFFAOYSA-N,
7982,WOHMPUKKGWWWPQ-UHFFFAOYSA-N,
7983,ZTQZBABFEUDZFE-UHFFFAOYSA-N,
7984,UYLMQGGSIQFJBK-DISAMGIASA-N,
7985,MGCUZTHCUQSYFH-CJQREAPYSA-N,
7986,KVMOXTSUFAANPE-UHFFFAOYSA-N,
7987,GTDAFQVSNIZDAD-UHFFFAOYSA-N,
7988,CNGLOWVSGPCPGP-UHFFFAOYSA-N,
7989,WCXFWXWHIWJTTK-UHFFFAOYSA-N,
7990,NWZQCHXERIECGW-WOJBJXKFSA-N,
7991,MQFICNSQTZTPSI-UHFFFAOYSA-N,
7992,CYKJJYTWSXPZGM-UHFFFAOYSA-N,
7993,ZCZNEPXEGQGVJR-UHFFFAOYSA-N,
7994,NPVNTAFNFIJUBZ-UHFFFAOYSA-N,
7995,HLYHZDQQZONDKK-UHFFFAOYSA-N,
7996,CBZOIOFOTFWVNT-UHFFFAOYSA-N,
7997,QQKJIKLQBJTDKB-UHFFFAOYSA-N,
7998,WWLWBFFUMIKYKF-UHFFFAOYSA-N,
7999,WSFYJUZUNNZGLH-UHFFFAOYSA-N,
8000,WFKGHKZAZLVEEE-UHFFFAOYSA-N,
8001,ALIXIVVRRVIBHT-UHFFFAOYSA-N,
8002,DUGNOUFOEKVBOO-UHFFFAOYSA-N,
8003,QSUNEKTXCVMUER-UHFFFAOYSA-N,
8004,XDSXKKUKXWAWKU-UHFFFAOYSA-N,
8005,JGODDQPZARIMBH-UHFFFAOYSA-N,
8006,LZCQPWLGNHCTCP-UHFFFAOYSA-N,
8007,XJTMCNWCCGTJSI-UHFFFAOYSA-N,
8008,ONWGBAYSUWDQBM-UHFFFAOYSA-N,
8009,WOXKDUGGOYFFRN-IIBYNOLFSA-N,
8010,IPWKIXLWTCNBKN-UHFFFAOYSA-N,
8011,WDRYRZXSPDWGEB-UHFFFAOYSA-N,
8012,MHXBZJLXWDHZQU-YPMHNXCESA-N,
8013,JNTOCHDNEULJHD-UHFFFAOYSA-N,
8014,NTRDMDAVYDHEGH-UHFFFAOYSA-N,
8015,IRHMMLNJKCXMAS-UHFFFAOYSA-N,
8016,VCPPFEWNPQWGIY-UHFFFAOYSA-N,
8017,CXZADVOXLXNKSE-UHFFFAOYSA-N,
8018,FCQKSXBXTPBLMB-UHFFFAOYSA-N,
8019,LRXQSWDNDQBOLR-UHFFFAOYSA-N,
8020,CBTCGBZVCXMOLV-UHFFFAOYSA-N,
8021,PXNSFBOGECTHRT-SFHVURJKSA-N,
8022,LTXQZSCPYJNDLB-UHFFFAOYSA-N,
8023,YEEFPRCQKDGXGY-UHFFFAOYSA-N,
8024,CIEOYNVYNWYHQY-UHFFFAOYSA-N,
8025,KVWPGHBBFNJFIH-GOSISDBHSA-N,
8026,KVWPGHBBFNJFIH-SFHVURJKSA-N,
8027,UZOAUZIYLXBMTF-UHFFFAOYSA-N,
8028,BWWGVDAMWVJAKR-UHFFFAOYSA-N,
8029,JOUQJBMVZKJBMQ-YWZLYKJASA-N,
8030,AVIHOILZPZRYBR-UHFFFAOYSA-N,
8031,CBAFPKHJTPHOOF-QGHKEMITSA-N,
8032,OULSUZYVQYHFGB-MDWZMJQESA-N,
8033,BQYHNLVGSKDNGB-WOJGMQOQSA-N,
8034,PKIKKPUHKGTKJU-VCHYOVAHSA-N,
8035,UPERCTABCHFWLS-LDADJPATSA-N,
8036,LTADLMJNGHICOX-UHFFFAOYSA-N,
8037,AXHCBZFZBWVOOR-UHFFFAOYSA-N,
8038,DUWHKUPNNGPNFK-ZEWGMFERSA-N,
8039,QIGBRXMKCJKVMJ-UHFFFAOYSA-N,http://coconutKG.aksw.org/data/molecule/542355
8040,RNVFYQUEEMZKLR-UHFFFAOYSA-N,http://coconutKG.aksw.org/data/molecule/858286
8041,FKULIXGXFMDTPC-UHFFFAOYSA-N,
8042,YXLIEYSFVSCWQA-UHFFFAOYSA-N,
8043,SWMMTLMTXQECPU-UHFFFAOYSA-N,
8044,ZVTKMDHONJEYCY-UHFFFAOYSA-N,
8045,HWOAHFPUNSYORN-UHFFFAOYSA-N,
8046,ZLSCIOPEGZLPJM-UHFFFAOYSA-N,
8047,KAEBPPHECQJVSR-UHFFFAOYSA-N,
8048,IDHFNGCIHSYVKO-UHFFFAOYSA-N,
8049,CLPULQHKORXKMN-UHFFFAOYSA-N,
8050,CXUXDNNMJVCAFH-UHFFFAOYSA-N,
8051,WCXWMGPYJXLTFV-UHFFFAOYSA-N,
8052,WHZYACBFGYHXPS-UHFFFAOYSA-N,
8053,XRULOHJFZLNAKT-VODSQIEYSA-N,
8054,WYEFLRWXHXJUQR-FDCRXGIOSA-N,
8055,XNXXIHFWTFFMPZ-FDCRXGIOSA-N,
8056,IMPXGGIBNYTUMC-VUYBDXIFSA-N,
8057,OHAXSLXJLVIOLI-UHFFFAOYSA-N,
8058,MKBCGQRPHLMOGF-UHFFFAOYSA-N,
8059,RKTHQPHKEPOFOP-HBKJEHTGSA-N,
8060,OJJQKAXKENCGGJ-HBKJEHTGSA-N,
8061,SYAVBZYFJSGREZ-UHFFFAOYSA-N,
8062,HJRNJEXTPVCHHU-UHFFFAOYSA-N,
8063,IRYTZFVHYJHGEZ-UHFFFAOYSA-N,
8064,BNTOPBPKAKUGQM-UHFFFAOYSA-N,
8065,DOUOWUZEIOUVAI-UHFFFAOYSA-N,
8066,DMALCRZLYQMAAQ-SBQFXOPASA-N,
8067,HMDNFPXVKUMLSW-UHFFFAOYSA-N,
8068,GZRSQXWGTRMGFV-UHFFFAOYSA-N,
8069,AHSRQPISLJBYRW-UHFFFAOYSA-N,
8070,ODJPNYSNPOIXEY-UHFFFAOYSA-N,
8071,DRRCQQFLVIBMJI-UHFFFAOYSA-N,
8072,JCFRAPARGMDXAU-UHFFFAOYSA-N,
8073,SIXJQEUEZCVSSD-UHFFFAOYSA-N,
8074,AJAGLRVBFITBBA-CUJSYCCXSA-N,
8075,SBZQHWWTOVFQFD-UHFFFAOYSA-N,
8076,NBKGLPVGIPPZMN-QFIPXVFZSA-N,
8077,GYSFMYCMTQLABD-UHFFFAOYSA-N,
8078,XVAIHPWJGJXJNT-HNENSFHCSA-N,
8079,UOPDFJMPZHIGIE-DQRAZIAOSA-N,
8080,GASOKWIXSXZBIX-MRCUWXFGSA-N,
8081,XNBKQONNPKYTEG-UHFFFAOYSA-N,
8082,ACSVFUACEODJDN-PNRGXICFSA-N,
8083,WHDIVIVDBIFMMR-ZOYWYXQUSA-N,
8084,YISCJYOWAGJXQY-XHNVNVPESA-N,
8085,HGVBLVYQCJJUFY-NOMHHCBYSA-N,
8086,XQAILBCYUHKEJK-CUVVAGTFSA-N,
8087,WEMYBWNTJLJXNO-CQSZACIVSA-N,
8088,SLIUMMZUQAMWFO-UHFFFAOYSA-N,
8089,BYAGRVGRUDLLDR-UHFFFAOYSA-N,
8090,FIEWOUZYTHWIGD-UHFFFAOYSA-N,
8091,SEKZNWAQALMJNH-SHFIKRAWSA-N,
8092,RHWOTXDFIXQMSF-XPIXAVGJSA-N,
8093,YCIPNVPHNIAAMD-UHFFFAOYSA-N,
8094,HCMFIEJNKJVRBD-UHFFFAOYSA-N,
8095,LSAQDFOYFNMAQI-UHFFFAOYSA-N,
8096,SUCYYBDWPQOEBO-UHFFFAOYSA-N,
8097,KZONBDHQVPGWRS-UHFFFAOYSA-N,
8098,DLFLDYQKIHSQDA-UHFFFAOYSA-N,
8099,AWDUUUPCCHYXER-HYARGMPZSA-N,
8100,ICUHTMCUDQNKDK-QYOLQKOISA-N,
8101,BPZPPMXJWIPQSY-UHFFFAOYSA-N,
8102,BZDTZJNYCSLRPR-UHFFFAOYSA-N,
8103,HQRSEHWSBAGIGV-UHFFFAOYSA-N,
8104,VXXVUFPVRKJELV-UHFFFAOYSA-N,
8105,GLZXQJZMCSMEEI-UHFFFAOYSA-N,
8106,UPXGUDNIUWUKCZ-UHFFFAOYSA-N,
8107,XHXJJMHOJGCMNP-UHFFFAOYSA-N,
8108,HSDCBIHJEGDMDO-BJMVGYQFSA-N,
8109,SIJMVIZWCISYIK-UHFFFAOYSA-N,
8110,UVSWSOVZCNJYRC-UHFFFAOYSA-N,
8111,LHNOSDQVFGLDJT-UHFFFAOYSA-N,
8112,LHNOSDQVFGLDJT-QHCPKHFHSA-N,
8113,PAKOONUBMFWMHZ-UHFFFAOYSA-N,
8114,NIBZKROZQXTODK-RUZDIDTESA-N,
8115,OXGUCUVFOIWWQJ-HQBVPOQASA-N,
8116,JNVJAQIDMZWIBX-UHFFFAOYSA-N,
8117,ISVAXMMPZNHBOO-UHFFFAOYSA-N,
8118,OFLCDBBPNUHRQC-UHFFFAOYSA-N,
8119,YJGZUNOEFKSPJH-UHFFFAOYSA-N,
8120,VVVSPTRPNMRBCB-AVQMFFATSA-N,
8121,TVUGQICVYUTADA-UHFFFAOYSA-N,
8122,RCHIKZLXCMNBGJ-UHFFFAOYSA-N,
8123,YWJYXUHJLTXSFM-VCHYOVAHSA-N,
8124,RNZFUXQZTIPJCX-WLRTZDKTSA-N,http://coconutKG.aksw.org/data/molecule/1000000
8125,VSMOCQXDJUAIMU-WUXMJOGZSA-N,http://coconutKG.aksw.org/data/molecule/1000000
8126,BZPSYGVQCIWJDA-UHFFFAOYSA-N,
8127,NCIKDFXHRFAELP-UHFFFAOYSA-N,
8128,ZBIKKIOMFYRMRG-UHFFFAOYSA-N,
8129,NGHYFACVNQWAKF-UHFFFAOYSA-N,
8130,FWTXKFKWESMCHS-AETVFEKWSA-N,
8131,UEXPKLJRGIWQBF-CSKARUKUSA-N,
8132,NIBZKROZQXTODK-VWLOTQADSA-N,
8133,KCSVKRINPHWIDN-OQLLNIDSSA-N,
8134,YMARZQAQMVYCKC-OEMFJLHTSA-N,
8135,WKHTWCXLRFWCOT-UHFFFAOYSA-N,
8136,WOTPSGVBILPLMQ-UHFFFAOYSA-N,
8137,UWMHVYAJPQJQMD-UHFFFAOYSA-N,
8138,QGGVWCSKMGBTKS-UHFFFAOYSA-N,
8139,NLHPVWXORLVIBR-OUPRKWGVSA-N,
8140,IVSXOIHQYQLTJO-QRWLVFNGSA-N,
8141,IFLMSXJAQTYVGV-UHFFFAOYSA-N,
8142,IDIFARLFPJSCJD-UHFFFAOYSA-N,
8143,BMXAVXNMHFYUKX-UHFFFAOYSA-N,
8144,YHMFJPBUCWUWIX-UHFFFAOYSA-N,
8145,QKORLSWPVRPZBR-UHFFFAOYSA-N,
8146,UTSZTJHXNMGFRG-UHFFFAOYSA-N,
8147,FTBYRSYTFFHHBD-UHFFFAOYSA-N,
8148,QIAODCQHVCNEJE-UHFFFAOYSA-N,
8149,VZMKKWZJRDHCBB-UHFFFAOYSA-N,
8150,XKCDEPPGEGNSCE-UHFFFAOYSA-N,
8151,CGOJBXYVVIWDPG-UHFFFAOYSA-N,
8152,HOGDSUZVEHIJII-UHFFFAOYSA-N,
8153,ZHSWAHMYNFUYLP-UHFFFAOYSA-N,
8154,FPRRGQMMFSDGPO-UHFFFAOYSA-N,
8155,MWYRNPUITWSHDF-UHFFFAOYSA-N,
8156,YNARKMIBDJDERR-UHFFFAOYSA-N,
8157,WOPQVBHWIZFFNA-UHFFFAOYSA-N,
8158,KOWIZGKBMLPJMR-UHFFFAOYSA-N,
8159,MZVHDJAHZXBJAI-UHFFFAOYSA-N,
8160,OAMQEFJZSQDWIU-UHFFFAOYSA-N,
8161,ZXPYIKFCKMNFRT-UHFFFAOYSA-N,
8162,FPHHMDVRFOCJKI-NSJPMZHKSA-N,
8163,AARBXLCRZKSNHA-UHFFFAOYSA-N,
8164,ZAMFIUHZNDCNOD-UHFFFAOYSA-N,
8165,ZGPQUFZDMCAFGN-UHFFFAOYSA-N,
8166,RANZUPJSBUXAJG-UHFFFAOYSA-N,
8167,OWWCERSCUUDMNG-UHFFFAOYSA-N,
8168,JJSPOZHKIUUQOQ-UHFFFAOYSA-N,
8169,YGTFJDOVMMMPRM-UHFFFAOYSA-N,
8170,FWSNQXPJXYEXQS-UHFFFAOYSA-N,
8171,QIBOGNIMIGKHTN-UHFFFAOYSA-N,
8172,XXYXJTKPTFBPLV-UHFFFAOYSA-N,
8173,VAZOHJYIMNOGJW-UHFFFAOYSA-N,
8174,AYDQZIYPUPNMQV-UHFFFAOYSA-N,
8175,ZELSQGJHFXPDPU-UHFFFAOYSA-N,
8176,CDHJVSSKTSXXEE-UHFFFAOYSA-N,
8177,JMCWMPKOVTVAAL-UHFFFAOYSA-N,
8178,KYDAFUBUZJMUDU-UHFFFAOYSA-N,
8179,ATGIUSMAYSFJIM-UHFFFAOYSA-N,
8180,IYJGZGIPGZUPCP-UHFFFAOYSA-N,
8181,UPSRNAZBUXOGEI-UHFFFAOYSA-N,
8182,JUONMKJDBNHIPL-UHFFFAOYSA-N,
8183,ZQYAWEDERLTPDW-UHFFFAOYSA-N,
8184,AYDYQAJAKSHELK-UHFFFAOYSA-N,
8185,IQMOOPWSCJTMDQ-UHFFFAOYSA-N,
8186,PSVJFNXTFGAPOA-UHFFFAOYSA-N,
8187,QFIZUWGEHZEGQR-UHFFFAOYSA-N,
8188,FKHGHMKGROOZRM-UHFFFAOYSA-N,
8189,DBODNWAONVVSIW-UHFFFAOYSA-N,
8190,WPIOWZPIVLXOEK-UHFFFAOYSA-N,
8191,BWAIMPAYVAKCTJ-UHFFFAOYSA-N,
8192,HWQAXYIDJKLSCZ-UHFFFAOYSA-N,
8193,ZGKWGZIFSZMXLW-UHFFFAOYSA-N,
8194,JHOOECCKVRSOPC-UHFFFAOYSA-N,
8195,KTGOPTAYWAHLCN-JXMROGBWSA-N,
8196,APLMSJFVMLWSPR-RMKNXTFCSA-N,
8197,VKWVAOWRZWIVLH-UHFFFAOYSA-N,
8198,OCDKZFPCAFFCCN-UHFFFAOYSA-N,
8199,WSCHRYKUSCSKEN-UHFFFAOYSA-N,
8200,MEPYACRBZPDAHM-UHFFFAOYSA-N,
8201,IEWAXHAXBUTWDP-UHFFFAOYSA-N,
8202,IUDOTSQZPDNTIX-UHFFFAOYSA-N,
8203,SISWURDPHCVGBY-UHFFFAOYSA-N,
8204,GCIARVDJUYGSFQ-NTUHNPAUSA-N,
8205,CFGBSMWQWZZBHK-XSFVSMFZSA-N,
8206,CLPJSKZLDXYDPB-FXDWFLARSA-N,
8207,QOMDHTNHJSXQQD-QYQHSDTDSA-N,
8208,SKZAQNGZUYKINS-UHFFFAOYSA-N,
8209,FTWLHZZOIPWOOS-IZCXSWDTSA-N,
8210,GPKASGONNYIPKG-UHFFFAOYSA-N,
8211,ISGUHTKNASHATN-LAUBAEHRSA-N,
8212,RHFACKXVOXCQAE-SEMHJIMDSA-O,
8213,VLQRLZDERJIZOA-UHFFFAOYSA-N,
8214,PSYJGIFGKIJVKP-UHFFFAOYSA-N,
8215,KMOUJOKENFFTPU-QNDFHXLGSA-N,
8216,WANOZOXLDQOONU-UHFFFAOYSA-N,
8217,ZLWCKWHDXLVBFZ-UHFFFAOYSA-N,
8218,NNMJUHZTORVYTO-UZFFRZEWSA-N,
8219,AUCVEGYUZCVPBS-WTHIONNESA-N,
8220,YXUUMMCRJVEJDN-HRYJEPKJSA-N,
8221,QTSQECWCPOUMFC-ABPIBVIQSA-N,
8222,CUUHCIHWIHOKLF-JDTMTQPXSA-N,
8223,PLGDVRBIRVMWOY-UHFFFAOYSA-N,
8224,UYLYXPZYFFLBLV-UHFFFAOYSA-N,
8225,RTHCYVBBDHJXIQ-UHFFFAOYSA-N,
8226,FOVDKVLUIXQBIW-HJAZHEKBSA-N,
8227,QDFALZMZLBCVCD-HXUWFJFHSA-N,
8228,QKIUUMJSCHRVFA-UHFFFAOYSA-N,
8229,OSKVZFNSISLWRC-UHFFFAOYSA-N,
8230,XQBLEZWKILFATD-UHFFFAOYSA-N,
8231,LTLYEAJONXGNFG-HBNTYKKESA-N,
8232,IEUCRNXTUOKQRD-UHFFFAOYSA-N,
8233,WNLXUQBKFUREJL-UHFFFAOYSA-N,
8234,PZDDHVNFCQCTSY-FZSIALSZSA-N,
8235,FGOCMKXAWIANLI-XIYFGJGBSA-N,
8236,LOHBEPYOFTVNEF-NTEUORMPSA-N,
8237,BILULBFPRNYCBQ-XNTDXEJSSA-N,
8238,ZJQRZHVAFSELTH-HMMYKYKNSA-N,
8239,MFKUTMHSVQIMSM-UHFFFAOYSA-N,
8240,NURORKNENNQKSS-UHFFFAOYSA-N,
8241,YJCOKVNRQZZFJX-UHFFFAOYSA-N,
8242,XMBSZPZJLPTFMV-UHFFFAOYSA-N,
8243,FBSYJUVNGAMMOK-UHFFFAOYSA-N,
8244,BAKRJLKWGGXQFY-UHFFFAOYSA-N,
8245,OAUPSHKTJBGBLG-UHFFFAOYSA-N,
8246,SCGRUHAJSQVIGC-UHFFFAOYSA-N,
8247,YGZGVGWPJMHYEE-UHFFFAOYSA-N,
8248,YDUJUQOVWVWQPQ-WPUBFDFZSA-N,
8249,SOJVDRRSFYXMOZ-HEMGCLFMSA-N,
8250,NDNGPTFPXXGENG-KAQIVPQOSA-N,
8251,RCKFPTLRFLMFFB-MZXMXVKLSA-N,
8252,XPZPSZIJTDXAGU-CMDGGOBGSA-N,
8253,GEYKNSFISPYVIU-UHFFFAOYSA-N,
8254,BLBBVRJGIRJMFY-YBFXNURJSA-N,
8255,WVSJVQPZGLBLDZ-UHFFFAOYSA-N,
8256,YWOGRJIPWSTHPT-UHFFFAOYSA-N,
8257,JVQLVXSZSWDFHX-UHFFFAOYSA-N,
8258,AMIOTDCHYCMTMW-UHFFFAOYSA-N,
8259,VAOXSAKBIICJDK-UHFFFAOYSA-N,
8260,MRIOYXMJHMGLHO-UHFFFAOYSA-N,
8261,IALCBUGLHFSBCX-UHFFFAOYSA-N,
8262,DJCFKRHJNZGQQC-LYHUEXMXSA-N,
8263,PSVXLAQMQIBIEJ-UHFFFAOYSA-N,
8264,LEMAYAXGOLZIOB-UHFFFAOYSA-N,
8265,ZBNZAPRZMAAIIX-UHFFFAOYSA-N,
8266,BSHZCZOWQQCJDA-UHFFFAOYSA-N,
8267,WCHKELVQXQOOHC-UHFFFAOYSA-N,
8268,HXLOBGOKFLYSBC-UHFFFAOYSA-N,
8269,IGZVITYOYQXJDG-UHFFFAOYSA-N,
8270,CBGRAJFZKIACPM-UHFFFAOYSA-N,
8271,KERPWUXPVOIULA-UHFFFAOYSA-N,
8272,ZJTVFKZNXFBCTO-XNTDXEJSSA-N,
8273,ARMUMDQSBHKWPS-UHFFFAOYSA-N,
8274,AIDJWZIOMBFHID-UHFFFAOYSA-N,
8275,ILLOLNMUIJJFKF-UHFFFAOYSA-N,
8276,RLHOTVBWJJMTKC-UHFFFAOYSA-N,
8277,MYBHZNWJSKGXNY-UHFFFAOYSA-N,
8278,NLOVLKIUJVZRPC-UHFFFAOYSA-N,
8279,ZJARZYJNVSBADE-UHFFFAOYSA-N,
8280,QZKGUNQLVFEEBA-UHFFFAOYSA-N,
8281,LPKGZPXVQWDRBC-UHFFFAOYSA-M,
8282,JDFJXRQXDXETKA-UHFFFAOYSA-N,
8283,SWWKJJXNISLZFP-UHFFFAOYSA-N,
8284,NZTINPKUMFFOJT-UHFFFAOYSA-N,
8285,TZSMCCAKJZATDX-UHFFFAOYSA-N,
8286,IBUMVBHZUWUIHQ-UHFFFAOYSA-N,
8287,JOANGCGJWKNRFO-UHFFFAOYSA-N,
8288,RYQLREUATKVWSH-UHFFFAOYSA-N,
8289,OEGKFVSEMPBLAE-UHFFFAOYSA-N,
8290,KDQKAZQPISOPGY-UHFFFAOYSA-N,
8291,MPXAMXCOIFEUBL-UHFFFAOYSA-N,
8292,XMGQYMWWDOXHJM-JTQLQIEISA-N,
8293,BETWCXJAIXKAOZ-UHFFFAOYSA-N,
8294,NXOPRQUIKXFMJJ-UHFFFAOYSA-N,
8295,KJVHDMPBUSEEAB-RMKNXTFCSA-N,
8296,IVLSUHQTGNCLAW-UHFFFAOYSA-N,
8297,IXVJTWBOZCTKSB-UHFFFAOYSA-N,
8298,PJPGLRDEKMXOJP-UHFFFAOYSA-N,
8299,ULOTVDWTJKRHPG-UHFFFAOYSA-N,
8300,DMYSWZSVMPWRKX-UHFFFAOYSA-N,
8301,ROHSVVGWMONNJN-UHFFFAOYSA-N,
8302,ZLUOCLCWAJSLHE-UHFFFAOYSA-N,
8303,MQYQAAHAGIQUIU-UHFFFAOYSA-N,
8304,FUINDSXPUWOZFC-UHFFFAOYSA-N,
8305,XWMSIJUDDRVRAM-UHFFFAOYSA-N,
8306,SOLNPYHCBLHVSW-UHFFFAOYSA-N,
8307,IMGIZGNHESANPX-UHFFFAOYSA-N,
8308,VGRDSKVSWFHEDN-UHFFFAOYSA-N,
8309,QVGKIPAVLWNDAT-UHFFFAOYSA-N,
8310,BHJRNQHHESSIHC-AZGOUGITSA-N,
8311,YUJAVMJKRUKNMF-FCSBQWRTSA-N,
8312,FNYLWPVRPXGIIP-UHFFFAOYSA-N,http://coconutKG.aksw.org/data/molecule/3228
8313,HXHWSAZORRCQMX-UHFFFAOYSA-N,
8314,ZFYHAPRHSLJXGK-UHFFFAOYSA-N,
8315,SZNHFZSRVPLPKE-ODBJFQFOSA-N,
8316,HSCYLORZADVKQZ-UHFFFAOYSA-N,
8317,CWFXOPAEXKNPOU-UHFFFAOYSA-N,
8318,DUAVZLCSMCTLSN-UHFFFAOYSA-N,
8319,OAICHXGQZLTXBH-UHFFFAOYSA-N,
8320,NFWKVWVWBFBAOV-MISYRCLQSA-N,
8321,KBAYAARDAWMNRW-NCZAXEGCSA-N,
8322,LHNOSDQVFGLDJT-HSZRJFAPSA-N,
8323,BARXPQNPLPHEDA-UHFFFAOYSA-N,
8324,RWTQDIWOBRFEIC-UHFFFAOYSA-N,
8325,IXVDHWNWACSWOH-UHFFFAOYSA-N,
8326,ZGBLVQWDJRHRMQ-CJVXNKBJSA-N,
8327,JESKAXLTSAABHD-CIAFOILYSA-N,
8328,DAGWCJGDWGPDPA-JKSUJKDBSA-N,
8329,YEQRPTVLWPWZTD-UHFFFAOYSA-N,
8330,OIYZHBHBHRMCTG-UHFFFAOYSA-N,
8331,FRXJIYQUHHMQRA-UHFFFAOYSA-N,
8332,XDAOLTSRNUSPPH-XMMPIXPASA-N,
8333,DYJILIKMPMUQGO-UHFFFAOYSA-N,
8334,VENJVIPOTIFVLV-RQZCQDPDSA-N,
8335,SLCNIKDVSDPJMD-WSDLNYQXSA-N,
8336,HYJJPUOKGYSAKZ-UHFFFAOYSA-N,
8337,XXZWCTRZKAWIKE-KERNGSKHSA-N,
8338,ACJJRKPVZVNVRC-UHFFFAOYSA-N,
8339,UXXVDVIYHORRJX-UHFFFAOYSA-N,
8340,SCZSMGGBTCESBE-UHFFFAOYSA-N,
8341,CIMAKXBXNHMVDP-UHFFFAOYSA-N,
8342,XNLFZORWVJHMHV-UHFFFAOYSA-N,
8343,AFQCCMNXDKHWQP-VGOFMYFVSA-N,
8344,KVYYUZCVBXKZNZ-UHFFFAOYSA-N,
8345,XCITUBOOGMBMSJ-UHFFFAOYSA-N,
8346,YSPWSBKNZZVEOC-KEBDBYFISA-N,
8347,JJFZCSYBMKNTJY-HUUCEWRRSA-N,
8348,HGPHPLYBYLFRRG-XDJHFCHBSA-N,
8349,FELSWQRLUPUYEB-GXDHUFHOSA-N,
8350,DZUASICROYLLHZ-DQSJHHFOSA-N,
8351,VMQJQZZJFVZNTF-UHFFFAOYSA-N,
8352,YBPABXGFEMOUTB-UHFFFAOYSA-N,
8353,HWGSLBXHTZZQOT-UHFFFAOYSA-N,
8354,QMOQJOJQHDGNAC-UHFFFAOYSA-N,
8355,UVWAVCSQUMEPTE-UHFFFAOYSA-N,
8356,YOBUATDIMIVFOE-KAQIVPQOSA-N,
8357,KAQFBRZZKZYYDT-QUMQEAAQSA-N,
8358,FOAPZVQLBCDKHQ-YUIMGRLZSA-N,
8359,WGASMPYTJQDWLG-NLKSIUOISA-N,
8360,MMIKDEWTCUAIBC-DISAMGIASA-N,
8361,SJVNSAMKONYEGV-HBKJEHTGSA-N,
8362,QGRADUQJYBJJER-DCIPZJNNSA-N,
8363,MNFGLQYSNLSOHP-UNZYHPAISA-N,
8364,SIHVBCCSPMCOSP-LBPRGKRZSA-N,
8365,ISPDQWWSQPWZQY-UHFFFAOYSA-N,
8366,MARKQEIVXJHMSE-UHFFFAOYSA-N,
8367,XKFTZKGMDDZMJI-HSZRJFAPSA-N,
8368,RBSANZKTNQQZIF-UHFFFAOYSA-N,
8369,YYPYGOBZSTWBLU-UHFFFAOYSA-N,
8370,VSCAOMUSYLNUIK-UHFFFAOYSA-N,
8371,SVHLSULAFZZZLA-UHFFFAOYSA-N,
8372,WLBGNNSUIYXBFS-UHFFFAOYSA-N,
8373,ZEHVGUHAKRDUGU-UHFFFAOYSA-N,
8374,CEUCMBLQZFAWPS-UHFFFAOYSA-N,
8375,ZTHYDTDGYGGXLG-UHFFFAOYSA-N,
8376,CRGWXZXGUYETCW-UHFFFAOYSA-N,
8377,DUYMXZAUVCSMJX-UHFFFAOYSA-N,
8378,YFSMFCHYRDXRQV-UHFFFAOYSA-N,
8379,CBEHSQUYTWTCBE-UHFFFAOYSA-N,
8380,UXBPRHGBARQXMO-UHFFFAOYSA-N,
8381,NJIVJKVAHNLXIJ-UHFFFAOYSA-N,
8382,MEXYRPQDZJDHQW-UHFFFAOYSA-N,
8383,AGMHAWAAVBPBRM-UHFFFAOYSA-N,
8384,JXWGKOOPUGCFQS-UHFFFAOYSA-N,
8385,YTOXQDUJSMCTGV-UHFFFAOYSA-N,
8386,NZBGFGGNLREHFL-UHFFFAOYSA-N,
8387,BFXMDIDOTSODGG-AJPITXKHSA-N,
8388,NHUONYUPNJDWEW-JUKZPKAISA-N,
8389,OHNSSAYJPAHTSB-OQLLNIDSSA-N,
8390,AVFJQUHMGUSZAP-UFFVCSGVSA-N,
8391,RAKZQITYBLWIDL-FPPKKYGNSA-N,
8392,JRUDGXSXYUAGTN-UHFFFAOYSA-N,
8393,ULSOSJFIPXSKPO-UHFFFAOYSA-N,
8394,ISOGYNKLRORBMF-UHFFFAOYSA-N,
8395,KTBBERAINMFOJN-UHFFFAOYSA-N,
8396,APIWMBUGOVSRBI-CMDGGOBGSA-N,
8397,LSVOBJIOONAGLU-UHFFFAOYSA-N,http://coconutKG.aksw.org/data/molecule/72177
8398,ZVMALUVLYJRPEZ-UHFFFAOYSA-N,http://coconutKG.aksw.org/data/molecule/59557
8399,ICPWYWXHGSJGOY-UHFFFAOYSA-N,
8400,WYMXMVOAIHZIFF-UHFFFAOYSA-N,
8401,RYBIYPPJKCXLPB-UHFFFAOYSA-N,
8402,FHNPTGDIWCFHRU-UHFFFAOYSA-N,
8403,ACRYIBDYCJFJFO-UHFFFAOYSA-N,
8404,OKNWQJUNWGRFEX-UHFFFAOYSA-N,
8405,HHYJMNRZLXBYAU-UHFFFAOYSA-N,
8406,QJKQROHNXPZHBX-JHCRTCCUSA-N,
8407,FTVVWDGOAFUJEM-UHFFFAOYSA-N,
8408,OYXLQHQLHXYLIY-UHFFFAOYSA-N,
8409,YTIPXQXZBBTVLE-UHFFFAOYSA-N,
8410,LHTNEUAGPIDYEG-UHFFFAOYSA-N,
8411,XRXDTQKRSIUYSM-UHFFFAOYSA-N,
8412,HRAYQUAQDCDBDG-UHFFFAOYSA-N,
8413,RNUFKUCLMOHTHU-UHFFFAOYSA-N,
8414,GBSGUHROMDCDSW-UHFFFAOYSA-N,
8415,VFUBDAIFRSRGKK-UHFFFAOYSA-N,
8416,AKHOSCVVXAMXFQ-UHFFFAOYSA-N,
8417,INTSNIXGRKMQOJ-UHFFFAOYSA-N,
8418,GHJFPAFBKIKLSS-UHFFFAOYSA-N,
8419,HFKRVZVGYAAJNR-UHFFFAOYSA-N,
8420,XBJHXMGMJRRLMI-ATZDWAIDSA-N,
8421,IAKNSJIOSHKDFJ-UHFFFAOYSA-N,
8422,PRJUASUTZXUHPR-UHFFFAOYSA-N,
8423,DYERXDHKGZKVGS-UHFFFAOYSA-N,
8424,YSKVBPGQYRAUQO-XCFYOIDPSA-N,
8425,JPXAIORZGBCHIB-UHFFFAOYSA-N,
8426,GUTRJAVJYHGRQZ-BGDMQGTOSA-N,
8427,GWQSXPMDIQADHQ-UHFFFAOYSA-N,
8428,CPNKFVYTKCVGFT-UHFFFAOYSA-N,
8429,UFFSSWFJZSCGMP-UHFFFAOYSA-O,
8430,YZZGEZJZTYYZGG-UHFFFAOYSA-N,
8431,LQFKPVQRHTZUFB-UHFFFAOYSA-N,
8432,WRZDLRLFAQCKBJ-UHFFFAOYSA-N,
8433,PRTAQRPXEDASRM-UHFFFAOYSA-N,
8434,ORMNJKQNJVIQJT-UHFFFAOYSA-N,
8435,VNCFKKSDFWVWLZ-SFHVURJKSA-N,
8436,IBPZYMKYAAPOHQ-UHFFFAOYSA-N,
8437,GGXKWVWZWMLJEH-UHFFFAOYSA-N,
8438,MXXFZXJSHIUFOL-VXKWHMMOSA-N,
8439,PZWZYTAOXXYTBM-RISCZKNCSA-N,
8440,MBRHNTMUYWQHMR-UHFFFAOYSA-N,
8441,XKHIPCDZGJWMJE-UHFFFAOYSA-N,
8442,WZCUAEHRIJLYOA-UHFFFAOYSA-N,
8443,DNAAHDMRKCMQLQ-UHFFFAOYSA-N,
8444,KZSWWVUUUNSOCR-UHFFFAOYSA-N,
8445,XRCSAAZENFFHRX-UHFFFAOYSA-N,
8446,XZHUFWYTKRZUQZ-UHFFFAOYSA-N,
8447,KDSQOGCANLGFPW-OEAKJJBVSA-N,
8448,ATEHUTNIVZWZNK-UHFFFAOYSA-N,
8449,FLPCAIYJNUVZIV-UHFFFAOYSA-N,
8450,DTEROJRFJGXHNX-UHFFFAOYSA-N,
8451,ICGMZDAHPPWPJF-UHFFFAOYSA-N,
8452,VSGKVJPCJOJUBP-CJJWORHMSA-N,
8453,FRTOTMQAWIIMKK-VEGXAWMVSA-N,
8454,XDZRZBNTRSROHG-ZHACJKMWSA-N,
8455,YROJPKUFDFWHAO-VMPITWQZSA-N,
8456,PQFALYYWIDGKOI-LJQANCHMSA-N,
8457,KXKKJMPULACOQW-VXLYETTFSA-N,
8458,BTKUBELCONMVFQ-UHFFFAOYSA-N,
8459,CJSFCDZYRGVCGD-UHFFFAOYSA-N,
8460,NBHPUKZRPYQEGR-UHFFFAOYSA-N,
8461,VJEFHQWSMODUBG-UHFFFAOYSA-N,
8462,VNQRVEGITJYOAZ-UHFFFAOYSA-N,
8463,PKJAXMYAINXTTQ-UHFFFAOYSA-N,
8464,SWRFZVZFIFBMLF-UHFFFAOYSA-N,
8465,QSJPUOZARQWATM-UHFFFAOYSA-N,
8466,PDMWBGZFIGNBGL-UHFFFAOYSA-N,
8467,PZWNRNIRHAMSGK-KEBDBYFISA-N,
8468,CWZFOUVOKBTZQE-BWDCGURESA-N,
8469,LFBMRFDBJDFLTN-QDNWXXHKSA-N,
8470,ZTVAETDUDBXLGY-UUOKFMHZSA-N,
8471,WDDZOKNXRKCEJJ-KQYNXXCUSA-N,
8472,IBJQHRYWNBKECU-IOSLPCCCSA-N,
8473,DNRQZNCUBUXXNV-DAGMQNCNSA-N,
8474,OROGUZVNAFJPHA-UHFFFAOYSA-N,
8475,RABWNOXOIDGJPF-UHFFFAOYSA-N,
8476,AYXXOFWTSSWURZ-MKTUGGFXSA-N,
8477,AOXRVHBNXWWFHO-UHFFFAOYSA-N,
8478,KAOMOVYHGLSFHQ-AOSYACOCSA-N,
8479,PZZRDJXEMZMZFD-IEGSVRCHSA-N,
8480,QJLNEMCWRNIUDT-UHFFFAOYSA-N,
8481,HCRCTWKLWQKZTO-UHFFFAOYSA-N,
8482,SRIJDRMKAJOZAJ-UHFFFAOYSA-N,
8483,NUKJNORVGLOXBS-QNGOZBTKSA-N,
8484,OOTCVJVLPIHPHP-LAGKAIQLSA-N,
8485,BRTBLZVYDKNGQX-UHFFFAOYSA-N,
8486,USBJMSVTHFXJMR-UHFFFAOYSA-M,
8487,LCJYFJQBQKQFII-UHFFFAOYSA-M,
8488,LNLZGXPBCJHBGF-UHFFFAOYSA-M,
8489,VAIFPWNSXISTJO-UHFFFAOYSA-N,
8490,UCMVIQKRUDAZSM-UHFFFAOYSA-N,
8491,YCSGXWPSZHUQSG-GIDUJCDVSA-N,
8492,WIPDUPHQJFNYSS-GKOGFXNCSA-N,
8493,FBFNFYABLPAQGK-UHFFFAOYSA-N,
8494,BBFXZYNPEPMKOW-UHFFFAOYSA-N,
8495,RLQFKEYRALXXEJ-BTJKTKAUSA-N,
8496,QKNZQSYOXRAXPX-UHFFFAOYSA-N,
8497,JXJPHZOUDWRHCV-AWEZNQCLSA-N,
8498,JXJPHZOUDWRHCV-UHFFFAOYSA-N,
8499,OMXCIRVMHPGVCD-UHFFFAOYSA-N,
8500,OKEDBMJLEWWRHL-UHFFFAOYSA-N,
8501,CCXZVZZEXQTCSK-UHFFFAOYSA-N,
8502,PGTCXULNTZOCOX-UHFFFAOYSA-N,
8503,JCOYBFIHEAVOKV-UHFFFAOYSA-N,
8504,PKSDYQZBQQHTJI-UHFFFAOYSA-N,
8505,YAAQLHVJCBQSIC-UHFFFAOYSA-N,
8506,ZMBVGRXWDRAZOC-UHFFFAOYSA-N,
8507,DBKRAZSTNZDPHZ-UHFFFAOYSA-N,
8508,PHMRRWNGTSNAOQ-UHFFFAOYSA-N,
8509,SAKCVBSZNULADI-UHFFFAOYSA-N,
8510,HFVJZFXVBPWOTF-UHFFFAOYSA-N,
8511,XRIYELGXTNWKPU-UHFFFAOYSA-N,
8512,GKQPCPXONLDCMU-CCEZHUSRSA-N,
8513,STGUEPIUUHBSBU-LLVKDONJSA-N,
8514,OJGAAQMNLKYWSQ-UHFFFAOYSA-N,
8515,RORFOHSEPCFIEY-UHFFFAOYSA-N,
8516,PESIVUUPADYIOC-UHFFFAOYSA-N,
8517,MGUKTDNBGKTMHQ-UHFFFAOYSA-N,
8518,NVDLICVFRRZMPR-UHFFFAOYSA-N,
8519,KKCUGKFGLMOMPX-UHFFFAOYSA-N,
8520,AOAJAGJXWRKYKA-UHFFFAOYSA-N,
8521,VLJWUPFUQDYBCW-UHFFFAOYSA-N,
8522,VDTPEWDKHZJJNC-UHFFFAOYSA-N,
8523,XVZPJJOTGNAWKX-UHFFFAOYSA-N,
8524,AQPNTDLFSJHABR-UHFFFAOYSA-N,
8525,BXKPADFLSVTXRU-UHFFFAOYSA-N,
8526,CMTZXCREJMUZHB-UHFFFAOYSA-N,
8527,DALJFINQIRVMMQ-UHFFFAOYSA-N,
8528,NVFMMXVDSJFVNO-UHFFFAOYSA-N,
8529,LPLSLEOFBMPIFG-UHFFFAOYSA-N,http://coconutKG.aksw.org/data/molecule/1020344
8530,YKGNLEQTTOPKRJ-UHFFFAOYSA-N,
8531,ZQJNQURMLQTVGE-UHFFFAOYSA-N,
8532,SLRRNHXGUZBHNV-UHFFFAOYSA-N,
8533,SNXTZYJOMPIHKM-UHFFFAOYSA-N,
8534,MHYOLZRPLFWQHQ-UHFFFAOYSA-N,
8535,ICDBBXTXPHUQSO-UHFFFAOYSA-N,
8536,UKHSRZJVKOZGAD-UHFFFAOYSA-N,
8537,JKRALBAWWDRRPL-UHFFFAOYSA-N,
8538,PKWCSGIFKDUSFR-UHFFFAOYSA-N,
8539,YOPKSOBTIYZVAH-UHFFFAOYSA-N,
8540,VCVMLWDTGJJHIX-UHFFFAOYSA-N,
8541,MIWSMVFRSRGVDM-UHFFFAOYSA-N,
8542,ADZFTCMTEDATTQ-UHFFFAOYSA-N,
8543,CRBJTYVJVJERPH-UHFFFAOYSA-N,
8544,QKVXPISYSQXMSA-UHFFFAOYSA-N,
8545,WGQMUABRZGUAOS-UHFFFAOYSA-N,
8546,QTDXHJIDZCYDHI-UOIWUHIWSA-N,
8547,JQNFKXWEJORMGJ-FVOAXITGSA-N,
8548,RJMUSRYZPJIFPJ-UHFFFAOYSA-N,
8549,VDVXSYASCNKSQO-UHFFFAOYSA-N,
8550,VPDDRYWFFSXXSV-UHFFFAOYSA-N,
8551,WVNOAGNOIPTWPT-NDUABGMUSA-N,
8552,QZTNKVOZRXLRAS-UHFFFAOYSA-N,
8553,PUXIQAJZFSPSDN-UHFFFAOYSA-N,
8554,GUKQVWNGFWPRPM-UHFFFAOYSA-N,
8555,WECLZMSSJPHHPM-UHFFFAOYSA-N,
8556,GYSLRHUIQGNROL-UHFFFAOYSA-N,
8557,NLPHPENOSFRPKN-UHFFFAOYSA-N,
8558,BLVINKHJKHRDIX-IKGGRYGDSA-N,
8559,GKTIJLFEMXPBCH-UHFFFAOYSA-N,
8560,JQKPURXJUHHGAM-UHFFFAOYSA-N,
8561,VUBNCDDUCADIDS-UHFFFAOYSA-N,
8562,GPDHVLCOTMFPBM-UHFFFAOYSA-N,
8563,QQMOKHJZFQFCRE-UHFFFAOYSA-N,
8564,RRWRYRLQZQQOTL-UHFFFAOYSA-N,
8565,HMYKQWCEUHQFJJ-UHFFFAOYSA-N,
8566,OIKUSNVFOQJCCJ-UHFFFAOYSA-N,
8567,SPPQQYFQUNLOBE-UHFFFAOYSA-N,
8568,KUIOELMGPFXPNX-UHFFFAOYSA-N,
8569,PKRLJALWWJCHMA-MTDXEUNCSA-N,
8570,HGZPMOZVQYACMJ-UHFFFAOYSA-N,
8571,WVTPNSBSHBFWMM-UHFFFAOYSA-N,
8572,PAKOONUBMFWMHZ-HSZRJFAPSA-N,
8573,LXUBFWPSTMKNAD-UHFFFAOYSA-N,
8574,YUKDNUBSMLOABX-XWMMGPHDSA-N,
8575,HBKZUXMEQSTDEX-DJNXLDHESA-N,
8576,DKKJNZYHGRUXBS-BQYQJAHWSA-N,
8577,LLUFWUGHFINWQU-QPJJXVBHSA-N,
8578,JWISZNPEUKLOBM-YDFGWWAZSA-N,
8579,HXQHFAZJCRQKPB-KXSOJQAOSA-N,
8580,OLSSKGLZSHZYMY-OHBBPIINSA-N,
8581,YUJMVQRARJMDMW-UHFFFAOYSA-N,
8582,APPOLCQHAJGORH-UHFFFAOYSA-N,
8583,PJUBEHCJUMFFBQ-UHFFFAOYSA-N,
8584,FYWJYTMPNPWARU-OMCISZLKSA-N,
8585,QVFXITLYCVJZCZ-UHFFFAOYSA-N,
8586,FKWNQAVRCQNIBQ-UHFFFAOYSA-N,
8587,SKJUKNSINSATBL-UHFFFAOYSA-N,
8588,NCAYMRCFKITABV-YRNVUSSQSA-N,http://coconutKG.aksw.org/data/molecule/1000000
8589,UQKUNKVFJDHYCG-RHANQZHGSA-N,
8590,IEVPSSAZNJTJDM-RHANQZHGSA-N,
8591,BVDBXZCOEACWLX-UHFFFAOYSA-N,
8592,NXPBTKVPMPQFET-GIDUJCDVSA-N,
8593,KPDHJLHALAQCBJ-UHFFFAOYSA-N,
8594,GRBOGTWWZKYPDA-ZOYWYXQUSA-N,
8595,OZLYOJKABVXQBS-LZJCXSABSA-N,
8596,NLEAZVYOBBBRRZ-LZJCXSABSA-N,
8597,FJEIJTJDFLPVHQ-BCQCSXDESA-N,
8598,KFOZXKFTLXFJIR-NOMHHCBYSA-N,
8599,DETXPWYWLCVIBJ-UHFFFAOYSA-N,
8600,OHJRBQSWJQDWKJ-UHFFFAOYSA-N,
8601,VEXMZIDCFNXMPU-UHFFFAOYSA-N,
8602,AENWOYWROGCXIX-UFFVCSGVSA-N,
8603,OYISCKYVJDZIQU-FYCYHCOWSA-N,
8604,HWDZHQIFJLJKPX-FVXNJELISA-N,
8605,RTGFLEHQAVVRMJ-PQPQYNOBSA-N,
8606,MILVDPMFUGONQQ-HMGLBJTLSA-N,
8607,MWYMVCYBLZZWPG-BXKDBHETSA-N,
8608,MUBRJEKKJANJNX-UHFFFAOYSA-N,
8609,SPAGNSNRICBDQI-UHFFFAOYSA-N,
8610,AOMBHLFCWIMSPC-UHFFFAOYSA-N,
8611,JVSPCGQWRMGHSG-UHFFFAOYSA-N,
8612,LOVFARKOSKKFGH-UHFFFAOYSA-N,
8613,PXWWDNCOJBOZIB-UHFFFAOYSA-N,
8614,DOJDPTJWDGGRDZ-UHFFFAOYSA-N,
8615,BSUHWWYVEXSCJE-QDEBKDIKSA-N,
8616,WIDKMRARYVTSRN-PXLJZGITSA-N,
8617,QSPXSYVWKDXNNL-DXMRSHBNSA-N,
8618,MIQJWPYLYJIUSJ-UHFFFAOYSA-N,
8619,ZDLFSZBGCMVORH-UHFFFAOYSA-N,
8620,BZFGDXJGWSIYQP-BHBWVORQSA-N,
8621,GWAIVTHYBMFOKQ-WVBSTYLSSA-N,
8622,XKGHTXDVZVPKEK-FGSUIDRYSA-N,
8623,WPKRJQDTXPMUQC-PMXXHBEXSA-N,
8624,ZCKZYBSHVCQSET-BHBWVORQSA-N,
8625,ZZEZVOIOGFPOLY-WOUKDFQISA-N,
8626,RUUNTEJEBVOOJK-ZRFIDHNTSA-N,
8627,WICDOLNOIVUBLF-ZRFIDHNTSA-N,
8628,BDGQLHZNDARJDQ-BHBWVORQSA-N,
8629,IRKIAUORKRWAFT-DISAMGIASA-N,
8630,DYIYXOFVMQJBHV-CJQREAPYSA-N,
8631,KZFRULYIWSGDHV-CQSZACIVSA-N,
8632,IZPWIFQTMIXZPD-UHFFFAOYSA-N,
8633,CEJMFBJXLHSSBS-UHFFFAOYSA-N,
8634,SBNGTYIVCJSHDV-UHFFFAOYSA-N,
8635,YYKQOZKAQJYTFW-UHFFFAOYSA-N,
8636,BVQQQSDIXFJTQH-UHFFFAOYSA-N,
8637,KXJINERNWPJXJT-UHFFFAOYSA-N,
8638,YZHCMMJTFTULTB-UHFFFAOYSA-N,
8639,WQSFUWAKMCYMAX-UHFFFAOYSA-N,
8640,GATYMFMUWLJDGJ-RKGAECKXSA-N,
8641,GYIRNYFLGWAHNN-UHFFFAOYSA-N,
8642,LMWOKDPRSOTNNS-DFEJGNFESA-N,
8643,VSUOBGNKYYBPFX-UHFFFAOYSA-N,
8644,LPIXMILYETZAPI-UHFFFAOYSA-N,
8645,SPSZXPUYOKQWPU-UHFFFAOYSA-N,
8646,OVZOFGDIDJTJQT-CNHKJKLMSA-N,
8647,MPLPBURRFZLQFR-OQUNMALSSA-N,
8648,XSWSPZWRAFSOKH-UHFFFAOYSA-N,
8649,IJALMJDLINPLTH-CLJLJLNGSA-N,
8650,SBZYUUGJHIROPT-UHFFFAOYSA-N,
8651,JALJFWONUDNYTA-UHFFFAOYSA-N,
8652,WLOFCJHITLRHMU-IZLXSDGUSA-N,
8653,APYVRWRPZHPAJR-UHFFFAOYSA-N,
8654,HWQXGMHVDXGALR-UHFFFAOYSA-N,
8655,MPGKGSOQFJYAHQ-UHFFFAOYSA-N,
8656,BVOJLUFVMGEFIM-UHFFFAOYSA-N,
8657,DEJJWZOCNXYPOF-UHFFFAOYSA-N,
8658,YZBDZUOXXAUYMV-UHFFFAOYSA-N,
8659,ZAHNYGJAXNYSKM-UHFFFAOYSA-N,
8660,LPDARFPVUJQMIC-UHFFFAOYSA-N,
8661,YRPLAIBPJKBBJY-UHFFFAOYSA-N,
8662,JVBCHRNKQZPMPN-UHFFFAOYSA-N,
8663,YQNRVGJCPCNMKT-LFVJCYFKSA-N,
8664,ZPINJJOPURFFNV-WJWAULOUSA-N,
8665,JQECGZJQIIQXAA-UHFFFAOYSA-N,
8666,WAPAORZWQIAPQD-UHFFFAOYSA-N,
8667,WWSWXUCLNZWXKO-IZCXSWDTSA-N,
8668,DNLIMGNJFJRNRM-UHFFFAOYSA-N,
8669,FQENAOMGHQFHAS-UHFFFAOYSA-N,
8670,XMJAULWIBAYPCF-UHFFFAOYSA-N,
8671,ROLNDGIVCBCROQ-BQYQJAHWSA-N,
8672,MVWFPSYXVJFVLN-DAFNUICNSA-N,
8673,LUCPZCQVXJBFQE-UHFFFAOYSA-N,
8674,DSIQFIHYYDCOLI-UHFFFAOYSA-N,
8675,QHKAIZZULJHVRC-UHFFFAOYSA-N,
8676,XELCAWMKASIXQC-LQNQUEJISA-N,
8677,QOAKRWLMTKEDDL-UHFFFAOYSA-N,
8678,PFMSLDOXKXKSHV-UHFFFAOYSA-N,
8679,MPMTUIGMIZXZOT-UHFFFAOYSA-N,
8680,GFSFEWSYEKECSE-UPHRSURJSA-N,
8681,GKNVFPVYBLRESP-UHFFFAOYSA-N,
8682,RVCAZHUIUDKZEK-UHFFFAOYSA-N,
8683,HTTAPXUKVNMLMV-UHFFFAOYSA-N,
8684,RTSXZTUPJDTHHB-HMSDUJDUSA-N,
8685,NNULPUWGQGOFSK-JBACZVJFSA-N,
8686,UPCGYFVYJJCJTE-URORMMCBSA-N,
8687,JLZPHDGPTVJCOI-URORMMCBSA-N,
8688,DFQDPBLCCLZOCK-WOHWVRMTSA-N,
8689,QSDGENYXXPPKSP-UHFFFAOYSA-N,
8690,ZOLYPCMRQHGHCV-UHFFFAOYSA-N,
8691,BBBIOQXWVKFUKH-UHFFFAOYSA-N,
8692,QCUWZEDNSFYDMG-UHFFFAOYSA-N,
8693,CDONXKSKMBKYPS-UHFFFAOYSA-N,
8694,RXZDXTGOHNWEQJ-UHFFFAOYSA-N,
8695,TZSMAQGCHSEKGA-XVNBXDOJSA-N,
8696,JZKBXNANEZSAFK-UHFFFAOYSA-N,
8697,FZRXPPXLTLRSSV-UHFFFAOYSA-N,
8698,FCGUXEYFDJACJZ-UHFFFAOYSA-N,
8699,NIVIKHPRHCBYML-UHFFFAOYSA-N,
8700,XLDNBEXOIKRDBY-UHFFFAOYSA-N,
8701,JWZYHPVOOKELNC-UHFFFAOYSA-N,
8702,XFHXGSJSNDGPJH-UHFFFAOYSA-N,
8703,KPCRYYCLGPRUIG-UHFFFAOYSA-N,
8704,FBFBOXFZFCJVQX-UHFFFAOYSA-N,
8705,RHEYJKSCHZHNIQ-UHFFFAOYSA-N,
8706,GARZEWDFAFPZRG-UHFFFAOYSA-N,
8707,KVSLNFFVXSOUCT-UHFFFAOYSA-N,
8708,KKYBBHZXMNXJKA-UHFFFAOYSA-N,
8709,DAZUVWQYSREBBL-UHFFFAOYSA-N,
8710,KJIXOOBCDORLFG-UHFFFAOYSA-N,
8711,LVMOLPJMCFJLGG-UHFFFAOYSA-N,
8712,GRCGIZYVAIINKY-UHFFFAOYSA-N,
8713,KPTZZYWEGPFBLH-UHFFFAOYSA-N,
8714,UFJHHSDBKBLCCD-UHFFFAOYSA-N,
8715,DWTLQSKVWZWBGL-UHFFFAOYSA-N,
8716,UUKFSSPTRWFOFF-UHFFFAOYSA-N,
8717,JJZCZBVWCVYBTR-UHFFFAOYSA-N,
8718,LOVIBOBFSNALHP-UHFFFAOYSA-N,
8719,NCVNFPKZXRANQE-UHFFFAOYSA-N,
8720,KRGJTEZZIDDFHB-UHFFFAOYSA-N,
8721,YJYSHOADPNSQGD-RDKOQUGISA-N,
8722,JBMGTRUHKILUNG-FQEVSTJZSA-N,
8723,HMZGOFIWFMYUNR-UHFFFAOYSA-N,
8724,NKCSKQXNXXSKRK-UHFFFAOYSA-N,
8725,HYZBFOPVISEWOF-UHFFFAOYSA-N,
8726,BJJVHBJYOXGRRO-XEQNPHJVSA-N,
8727,VWJBHAJZRMZXAZ-UHFFFAOYSA-N,
8728,CUPVITJALNDBTF-UHFFFAOYSA-N,
8729,CWSKCZOOFFDFCM-UHFFFAOYSA-N,
8730,RSFAQPUAOMIBBL-UHFFFAOYSA-N,
8731,FMXVLEPHGRWIRU-UHFFFAOYSA-N,
8732,ADJRQLRLGDGOLN-UHFFFAOYSA-N,
8733,IBVDUESHTFZMLI-UHFFFAOYSA-N,
8734,IHPPNIZLGNQUKL-UHFFFAOYSA-N,
8735,VGDOFWYNWXIOTL-UHFFFAOYSA-N,
8736,XTLLBQGQGBMDLC-UHFFFAOYSA-N,
8737,NVOYQGMLJUEOJA-UHFFFAOYSA-N,
8738,DSVMGJCRCYSHHT-UHFFFAOYSA-N,
8739,CNKQYHGHLATYSN-LRRSEIGYSA-N,
8740,AMUMFCGAPHFLIU-IBGZPJMESA-N,
8741,VXXPBQFXRLTUSZ-RQZCQDPDSA-N,
8742,XMXFMCCBXJMQNL-RQZCQDPDSA-N,
8743,CMNAEROYMIKZBP-UHFFFAOYSA-N,
8744,XNHSKQRFNGHRAM-UHFFFAOYSA-N,
8745,PKEJTUBRRYVHJC-UHFFFAOYSA-N,
8746,MLALSTONMFFBDW-UHFFFAOYSA-N,
8747,NUSLVBMEMSLNHH-UHFFFAOYSA-N,
8748,JDSPPHATAXYPKQ-UHFFFAOYSA-N,
8749,IAFAANQPDPWPHK-UHFFFAOYSA-N,
8750,QSDYDTWLLKMOMD-UHFFFAOYSA-N,
8751,HWYBOXOCNVDFPU-UHFFFAOYSA-N,
8752,YHJHYNUNWGIDHV-INKHBPHZSA-N,
8753,OLBBOELLFMGABP-JSBYTUSLSA-N,
8754,VVJCLCXPKFBKJE-UHFFFAOYSA-N,
8755,RHOXQMPLVKSUBD-UHFFFAOYSA-N,
8756,FFYNXTFWLIGHFK-UHFFFAOYSA-N,
8757,VSBIAJSIMZQNER-UHFFFAOYSA-N,
8758,GKWLLLGHRAPCSY-UHFFFAOYSA-N,
8759,GHIPTOATJAIBQT-UHFFFAOYSA-N,
8760,ZRDCGYDSIQUNOM-UHFFFAOYSA-N,
8761,CPIUFVZUGDYLDV-UHFFFAOYSA-N,
8762,VATHBLFVEIGIQD-UHFFFAOYSA-N,
8763,FHLIVZYIPIVMLZ-UHFFFAOYSA-N,
8764,UTTPPEJJEOPGOY-UHFFFAOYSA-N,
8765,XFGLPAZMEWKDFW-UHFFFAOYSA-N,
8766,CIWBONQIISSPLK-UHFFFAOYSA-N,
8767,SFXOHBSQPZEWIH-UHFFFAOYSA-N,
8768,ODHFQYYCERLFFF-NUGSKGIGSA-N,
8769,VEHIZKIENTWGCN-UHFFFAOYSA-N,
8770,HYFKAFOINPCCSY-UHFFFAOYSA-N,
8771,RSZQZSNNEWNERO-UHFFFAOYSA-N,
8772,NCMDZJCVHMEBIA-QDEBKDIKSA-N,
8773,HYULNPUIBOMHPX-UHFFFAOYSA-N,
8774,MEUAVWDALGIXCR-UHFFFAOYSA-N,
8775,JDOPSWLCHLHWEX-UHFFFAOYSA-N,
8776,JACAFSRFZBPAFR-UHFFFAOYSA-N,
8777,WADXPVUOGGMXPD-UHFFFAOYSA-N,
8778,OYFCMXGCWPZIBI-UHFFFAOYSA-N,
8779,GYLIFXIIMPBYQU-UHFFFAOYSA-N,
8780,XPHZKTHZZCYXDG-UHFFFAOYSA-N,
8781,FLEVBVBBGZPZHJ-BURFVFRZSA-N,
8782,XHXKHSUJQVCHTA-NWVCDLTISA-N,
8783,IDHJBKLGZXIYGT-UHFFFAOYSA-N,
8784,AOHMSQUIYJCECI-UHFFFAOYSA-N,
8785,GPZYJSQQQWSMSM-OVCLIPMQSA-N,
8786,GLYRGBSRDMEPED-WOJGMQOQSA-N,
8787,SNTZEXZITQEAJL-UHFFFAOYSA-N,
8788,LFVIXAZCLDBTBZ-UHFFFAOYSA-N,
8789,HZEMGIIPIAHLJA-UHFFFAOYSA-N,
8790,MBVCESWADCIXJN-UHFFFAOYSA-N,
8791,TWWZIVWNWSQGQA-FCRVUTKVSA-N,
8792,OFCNZEPTSQOCIV-UHFFFAOYSA-N,
8793,FBKIPJLWVIZHGV-UHFFFAOYSA-N,
8794,SSTCHTLFFVJUGP-UHFFFAOYSA-N,
8795,RDBXCICTXSDJIF-UHFFFAOYSA-N,
8796,CMUILNOQHBJOCY-UHFFFAOYSA-N,
8797,ZRCZENZERHHISS-UHFFFAOYSA-N,
8798,JAKRPPRRAOYEHH-UHFFFAOYSA-N,
8799,AZZXQPIFKYDBCE-UHFFFAOYSA-N,
8800,RVCMOXTVFYPAQP-UHFFFAOYSA-N,
8801,YGQBEUJUYKJJEB-UHFFFAOYSA-N,
8802,JXJPHZOUDWRHCV-CQSZACIVSA-N,
8803,RYYLZOUXUDQNJZ-HSZRJFAPSA-N,
8804,OMXZKFBYKODQDU-UHFFFAOYSA-N,
8805,WZFBMTIWOZGMMR-UHFFFAOYSA-N,
8806,JZZVVKQRWDJNKC-UHFFFAOYSA-N,
8807,SPXBVBKQIBKURT-UHFFFAOYSA-N,
8808,JLPKIJOINPNRQT-UHFFFAOYSA-N,
8809,TUMIZJRAPXOXPK-UHFFFAOYSA-N,
8810,NMTLAJFYOVDDHM-UHFFFAOYSA-M,
8811,GKEQCABCSSZING-UHFFFAOYSA-M,
8812,GXMXIGPYLUTSHV-UHFFFAOYSA-N,
8813,RHKCZTSEJRZWMT-QXBNKWALSA-N,
8814,OJXJGKAFQPXUFF-UHFFFAOYSA-N,
8815,FCEJQISTJWSDKA-UHFFFAOYSA-N,
8816,VMHSUZNTYMQKJX-UHFFFAOYSA-M,
8817,UQYLRMGCCJGHEH-UHFFFAOYSA-M,
8818,JRADTETYKVROFE-CALJPSDSSA-M,
8819,VWQPNCPIVYGVMV-NYUKNHBNSA-N,
8820,QNOLBQPWWYGVHI-UUILKARUSA-N,http://coconutKG.aksw.org/data/molecule/1000000
8821,HODNULJOYDDBQY-LHHJGKSTSA-N,http://coconutKG.aksw.org/data/molecule/1000000
8822,NITAQKTUVPHLON-UHFFFAOYSA-N,
8823,FIXPJDJPSVLXHL-UHFFFAOYSA-N,
8824,YSKCWVNEKKDNRV-UHFFFAOYSA-N,
8825,TXMNRUYDJGNNPL-UHFFFAOYSA-N,
8826,JICBPIZUNNAECM-VQHVLOKHSA-N,
8827,WMHXWPPLCJLKIX-UHFFFAOYSA-N,
8828,RWXJFSJBALSOAD-UHFFFAOYSA-N,
8829,NQOOPCVSQSSUJQ-UHFFFAOYSA-N,
8830,GMXMKSFJQLFOSO-JARDSOJUSA-N,
8831,ZLAFZSZBUBSCJA-UHFFFAOYSA-N,
8832,QFINJHBXXJQKPB-MDZQJLFPSA-N,
8833,HHIXZNUJIALLIN-MQWBZZGXSA-N,
8834,JIYKUGJWKQPHQJ-CNEDSUMSSA-N,
8835,ABJWHYSCCHJFPV-GRNZDMRJSA-N,
8836,UVIYSSYZNVVYPA-UHFFFAOYSA-N,
8837,XMRUOKPXQOSQOH-UHFFFAOYSA-N,
8838,HXLONHYWHNUHJK-UHFFFAOYSA-N,
8839,OYOIBWFFKOZQJZ-UHFFFAOYSA-N,
8840,KZFRULYIWSGDHV-UHFFFAOYSA-N,
8841,XTCFVHGQBASZSO-UHFFFAOYSA-N,
8842,IAOBTTWVMZCKKP-UHFFFAOYSA-N,
8843,XWXJXQWLMFQLCT-UHFFFAOYSA-N,
8844,OOEYCYRNAHHRGX-UHFFFAOYSA-N,
8845,MHNUPDJJUCNWFQ-UHFFFAOYSA-N,
8846,WOSSKXHXQLBGIC-UHFFFAOYSA-N,
8847,OQVDACKCPJXVFG-UHFFFAOYSA-N,
8848,SUCHITVPIATJQC-LJIZCISZSA-N,
8849,HECRDSFKLUVCAY-UHFFFAOYSA-N,
8850,VFLDPWHFBUODDF-FCXRPNKRSA-N,
8851,ZLFWFIZYALOODH-UHFFFAOYSA-N,
8852,OKSGGYFLUQQQDC-UHFFFAOYSA-N,
8853,JLIZCKIDPGDOOM-UHFFFAOYSA-N,
8854,HUYBLZOSOZHLKJ-UHFFFAOYSA-N,
8855,LIFNXPUKNQYFRZ-UHFFFAOYSA-N,
8856,YVKJTDUBDSKMDN-UHFFFAOYSA-N,
8857,FBRBALSTOQKTAW-UHFFFAOYSA-N,
8858,DJVCYWBOTVPSSF-UHFFFAOYSA-N,
8859,PUCSIZMWEAHYGV-UHFFFAOYSA-N,
8860,XKVXHTUMSOOBLT-UHFFFAOYSA-N,
8861,NJHKWPMIXFRSEE-QGZVFWFLSA-N,
8862,GPTFURBXHJWNHR-UHFFFAOYSA-N,
8863,SCDAZLFIUOBZAZ-UHFFFAOYSA-N,
8864,XQXWCZTXCXORQE-UHFFFAOYSA-N,
8865,IUCOXPUWFDDCIE-UHFFFAOYSA-N,
8866,XVRSZSDNOPDMJY-UHFFFAOYSA-N,
8867,CLHRJVIMDMMPCM-UHFFFAOYSA-N,
8868,HOXNIBKUWCUTET-UHFFFAOYSA-N,
8869,IWJDIQIAINBLEN-UHFFFAOYSA-N,
8870,VFJRZVLSJQUKRC-DAFXYXGESA-N,
8871,KATQDTCMJMUTEQ-UHFFFAOYSA-N,
8872,KPDHTYCXFWXBSP-UHFFFAOYSA-N,
8873,BKRMPZIIEIHGCM-UHFFFAOYSA-N,
8874,SDFKKMBWIQKUOQ-BMTLLIFSSA-N,
8875,QTOHWVWEDAXKCQ-CXUHLZMHSA-N,
8876,YSSULVPABJHTTO-UHFFFAOYSA-N,
8877,LPGYQHCVLXQWAX-UHFFFAOYSA-N,
8878,RIEOODKSDCGAKF-UHFFFAOYSA-N,
8879,DVRFUEWZLZZECE-WIMAGFSLSA-N,
8880,JUWLAXQCZXKMQK-JCMGPSCOSA-N,
8881,LUJVJYSMHUNKIL-UHFFFAOYSA-N,
8882,BZPMQUUNRDPQNP-UHFFFAOYSA-N,
8883,SZOPYPRIVNHWPE-UHFFFAOYSA-N,
8884,VNTCWLSRCGVGKB-UHFFFAOYSA-N,
8885,PZPOGWAOBATEMZ-UHFFFAOYSA-N,
8886,LARPFJIXBULVPK-FBAXZNBGSA-N,
8887,CZBDDWQSRPCNTA-PYDRTFRQSA-N,
8888,WYAKDISWCAWWCM-UHFFFAOYSA-N,
8889,FCWBDKKNCGNNPR-UHFFFAOYSA-N,
8890,FNYOVCZDHNZFMX-UHFFFAOYSA-N,
8891,HGXATCHKSBRNGS-UHFFFAOYSA-N,
8892,FIXFIRBVUINWGZ-UHFFFAOYSA-N,
8893,ZTAPPAAZNDBDCI-UHFFFAOYSA-N,
8894,NRNXHFVKPXAFLI-UHFFFAOYSA-N,
8895,IZXFRSQEIJMXEG-UHFFFAOYSA-N,
8896,MDDYERTYLJGHKR-UHFFFAOYSA-N,
8897,UMLZEJREMDUKPX-UHFFFAOYSA-N,
8898,VIWOHGKHKNTHGU-MFKUBSTISA-N,
8899,GPQWPBPXMGALCB-MZXMXVKLSA-N,
8900,QYJIXEBPXHEYDI-UHFFFAOYSA-N,
8901,MZZVCAWDPYQARO-UHFFFAOYSA-N,
8902,DHFMEJZASVQLSD-JJNLEZRASA-N,
8903,JHBKDKZEYMULAU-KQYNXXCUSA-N,
8904,ZYXHDBKOFUOYAI-NUGSKGIGSA-N,
8905,RPCNHOFRPNYGQT-XYOKQWHBSA-N,
8906,ISTNRBQKVNSOGV-HIPJIPGDSA-N,
8907,CDLQMBXHHOEWNH-UHFFFAOYSA-N,
8908,LJQWJLQBLFEQSW-UHFFFAOYSA-N,
8909,HEANGMATVHBSGD-DXJBIWDESA-N,
8910,INPSHOYTICSHIX-WFZWBVOJSA-N,
8911,NATZGFTXXCJJIA-UHFFFAOYSA-N,
8912,QZPHTQMMYSLJHP-UHFFFAOYSA-N,
8913,SGJBPETWYLMWNC-LLVKDONJSA-N,
8914,MDEYUJFQEBAHTA-RVXWVPLUSA-N,
8915,JFDJCTFRGANMOY-UHFFFAOYSA-N,
8916,TWLVFSOIMVGENQ-UHFFFAOYSA-N,
8917,KMSVNBDLCMTETB-UHFFFAOYSA-N,
8918,YLJOSLNZNCAKFI-UHFFFAOYSA-N,
8919,PSWCJDDYLCVRKC-UHFFFAOYSA-N,
8920,HHPSYNCGPQWWHZ-UHFFFAOYSA-N,
8921,UTIHVFPOFVXWPC-UHFFFAOYSA-N,
8922,OJBZPCXCBNXGRG-VAWYXSNFSA-N,
8923,CGIBCVBDFUTMPT-RMKNXTFCSA-N,
8924,ZSYKCQFLYGSMIQ-UHFFFAOYSA-N,
8925,BJVAKBFURHQSRZ-UHFFFAOYSA-N,
8926,WMFJBOOXJFXZET-BBVXACFBSA-N,
8927,DOJBGACKXYWZCZ-UHFFFAOYSA-N,
8928,AOLIECSILYWGQB-UHFFFAOYSA-N,
8929,JIUUJWHHALLQQP-REZHQCRGSA-N,
8930,JMEFKFSVJXBVFL-UHFFFAOYSA-N,
8931,FYSFSVCLLVXKDM-UHFFFAOYSA-N,
8932,ULOXGTDPEHELRB-UHFFFAOYSA-N,
8933,QZPPRKVITXXTOR-UHFFFAOYSA-N,
8934,ARNUDELAPAGENV-UHFFFAOYSA-N,
8935,JXKYWTYOSSRTEB-UHFFFAOYSA-N,
8936,DEPQGJPHXLAVKL-UHFFFAOYSA-N,
8937,IFABUVQSZISBKP-UHFFFAOYSA-N,
8938,QOZIRTDUFKESHW-UHFFFAOYSA-N,
8939,GJVLGOBBASOBDV-UHFFFAOYSA-N,
8940,WVWSTQWQUGANGT-UHFFFAOYSA-N,
8941,YJLBXVWFCBRGEV-UHFFFAOYSA-N,
8942,VOARNNSVAHEQGC-UHFFFAOYSA-N,
8943,RNPOVBLHGHBSLL-UHFFFAOYSA-N,
8944,NDOWVAHYKQKQPB-UHFFFAOYSA-N,
8945,SGRGGZWBZAQRQD-UHFFFAOYSA-N,
8946,ZJKOXFUHXVETMH-UHFFFAOYSA-N,
8947,JNNHYXIFAVSLFA-UHFFFAOYSA-N,
8948,OYWZLUSXGSHJED-UHFFFAOYSA-N,
8949,IXBWUOWHBQTFIH-UHFFFAOYSA-N,
8950,FDUKTGYPHHRWLP-UHFFFAOYSA-N,
8951,VKRRVNYCLNMKFN-UHFFFAOYSA-N,
8952,ZTQLGDMCIOOBTQ-UHFFFAOYSA-N,
8953,HMOLNGWIPUPQFN-UHFFFAOYSA-N,
8954,VFRUGSVCCPHUEB-UHFFFAOYSA-M,
8955,ZPRXJMCNXVAMDS-UHFFFAOYSA-M,
8956,VHEYIIKLJYZMCB-UHFFFAOYSA-M,
8957,KXDYPDLCWXVMSK-UHFFFAOYSA-N,
8958,QWDBGBXEDSHQFO-UHFFFAOYSA-N,
8959,MUDHKEQEBJQRRG-KPKJPENVSA-N,
8960,WQNQMRMFHYPBGA-UHFFFAOYSA-N,
8961,USBCJWKFLCWAQZ-MNRWYXMNSA-N,
8962,XZDGUUDOSQIPPX-UHFFFAOYSA-N,
8963,RUTQVGABQXDQAF-UHFFFAOYSA-N,
8964,JDBGIVNUJNEIJY-UHFFFAOYSA-N,
8965,DWAIUWLUXLNWII-UHFFFAOYSA-N,
8966,HXTFCUDBRBUTJU-UHFFFAOYSA-N,
8967,SMUPPUUWSXLJMT-UHFFFAOYSA-M,
8968,MFZJZDQCHHKLTF-UHFFFAOYSA-M,
8969,QSVXKNCKZNQNFQ-UHFFFAOYSA-M,
8970,BULRJIWZNSHYLC-IJVYDXPISA-N,
8971,CMEATFJOYPDTBG-IXXCWWLYSA-N,
8972,MTNUWDAVKOXVAK-GUVDVIPBSA-N,
8973,FMKDJKFBXPACSU-JOFXYRRGSA-N,
8974,XNHILLAJGRXTEB-UHFFFAOYSA-N,
8975,IIRVFKGOLGOGSN-UHFFFAOYSA-N,
8976,NDJJMCQSMYGULA-UHFFFAOYSA-N,
8977,CSCVSYRJUSDYKD-UHFFFAOYSA-N,
8978,SILNBOCIGGIDPD-UHFFFAOYSA-N,
8979,LGGUMMWYLKWOFZ-UHFFFAOYSA-N,
8980,MGWASJMRUYPOCB-UHFFFAOYSA-N,
8981,SKHXYJQSOCDTJE-UHFFFAOYSA-N,
8982,UFVPUNOEVVUROD-UHFFFAOYSA-N,
8983,JKZMYBLUKAMPKM-XUXIUFHCSA-N,
8984,OWEHMVZHDWOFAG-UHFFFAOYSA-N,
8985,OQLCUJONUUTKPP-UHFFFAOYSA-N,
8986,PPMURKATKOZVLC-SLUIUKIVSA-N,
8987,KTRXSSPCJJCMIE-UHFFFAOYSA-N,
8988,FICDOYXTHORMTD-UHFFFAOYSA-N,
8989,YVDJXASFHISGNT-UHFFFAOYSA-N,
8990,WTXOAXKLYNBCDT-UHFFFAOYSA-N,
8991,NJHLGXLMGCRYMQ-UHFFFAOYSA-N,
8992,JLTDRZFSBWRFBK-UHFFFAOYSA-N,
8993,FZNMPTRVPFPXRD-UHFFFAOYSA-N,
8994,CWLQQNBKZWASIA-UHFFFAOYSA-N,
8995,RUOKAMXOAOYWDZ-UUAJXVIYSA-N,
8996,LQTZDHWZWDZBBJ-UHFFFAOYSA-N,
8997,DKWGBKJZAAPJOE-UHFFFAOYSA-N,
8998,LDUXYBUURARSSA-UHFFFAOYSA-N,
8999,LSBAOURNDLAOQW-UHFFFAOYSA-N,
9000,MENXFXBCFLVVQR-IOSLPCCCSA-N,
9001,AJZXLJDCHMTEAI-DBYWBITJSA-N,
9002,VTTSFAQAAYHUOF-UHFFFAOYSA-N,
9003,YMGUXTBLOJPLDX-CVKSISIWSA-N,
9004,GUGQLGOBTCENLJ-UHFFFAOYSA-N,
9005,FBHJXWOURBPAKR-VQHVLOKHSA-N,
9006,QFQFQQBJNKHPHZ-YRNVUSSQSA-N,
9007,YQGPZPLMGJUBKC-VQHVLOKHSA-N,
9008,XFUISEXCEYJHFX-HDQHNUFJSA-N,
9009,BYISLTMARMJFNI-SLFFLAALSA-N,
9010,GKCYISSRDURVEW-UHFFFAOYSA-N,
9011,VLUCXPDTWDLJRX-UHFFFAOYSA-N,
9012,JWFSARIOZVATFH-UHFFFAOYSA-N,
9013,WFJMXMMPYVXLFE-UHFFFAOYSA-N,
9014,UCBVGLVFCREWNM-UHFFFAOYSA-N,
9015,ROOVJNIBQBDWFK-UHFFFAOYSA-N,
9016,OGXCZPHWSGKJGK-UHFFFAOYSA-N,
9017,AUWXBXONGHYVQA-UHFFFAOYSA-N,
9018,BTQQRTVTLFERGV-UHFFFAOYSA-N,
9019,HTVRCTNPJQRBFZ-UHFFFAOYSA-N,
9020,IGCYDMHHQHPMEJ-UHFFFAOYSA-N,
9021,VNJSYWPAPLJIMK-UHFFFAOYSA-N,http://coconutKG.aksw.org/data/molecule/369880
9022,NUWOGYBURBOQRP-UHFFFAOYSA-N,
9023,ILMGWMKPCOEJRH-UHFFFAOYSA-N,
9024,CUWSCNYUVZAUCL-UHFFFAOYSA-N,
9025,GMSVPBCCVMQLIL-UHFFFAOYSA-N,
9026,AMDACVCCXDZOTC-UHFFFAOYSA-N,http://coconutKG.aksw.org/data/molecule/187839
9027,PQEMVWNERIBJJT-UHFFFAOYSA-N,
9028,ZPWUTBCALSFPJQ-UHFFFAOYSA-N,
9029,REQNEUGQIDRJAL-UHFFFAOYSA-N,
9030,LGNBLZYJZBTMFO-UHFFFAOYSA-N,
9031,OKNYPLINMPVUFV-UHFFFAOYSA-N,
9032,JTVHIQJYLQMKRA-UHFFFAOYSA-N,
9033,YHXCXRGIXGMGEO-UHFFFAOYSA-N,
9034,LAXUZBKJDUGZGQ-UHFFFAOYSA-N,
9035,OAAGWQPTMMCQCB-UHFFFAOYSA-N,
9036,ZNHSYJHUWRWMHA-UHFFFAOYSA-N,
9037,ISAYOUXPIUZHEB-UHFFFAOYSA-N,
9038,DRTXUXSSVIINLL-UHFFFAOYSA-N,
9039,YZKUUDPGZLZUQT-UHFFFAOYSA-N,
9040,WUHHKFJFGLSSEG-UHFFFAOYSA-N,
9041,LBHMIHHQIMMEAI-UHFFFAOYSA-N,
9042,CTVWIVNUGCNAIM-UHFFFAOYSA-N,
9043,JZXJHPKFOHDMEK-UHFFFAOYSA-N,
9044,DMYOHQBLOZMDLP-UHFFFAOYSA-N,
9045,WPVMVODGPNYYEV-UHFFFAOYSA-N,
9046,SXKFJWGUZMQKMG-UHFFFAOYSA-N,
9047,ILZUZHCKWZMMBI-UHFFFAOYSA-N,
9048,WJUOPSPFQSXVSK-UHFFFAOYSA-N,
9049,REZSJZHHCDZQGR-UHFFFAOYSA-N,
9050,BFAQVECAZCMLCU-UHFFFAOYSA-N,
9051,NBANHCPOTAWQCO-IYYNEKPFSA-N,
9052,XJJVWAWKCIATTE-CPUCHLNUSA-N,
9053,TZTBAJFJEZRQCV-BPWRPNSKSA-N,
9054,BBKGLNMEMGQTBL-HSHDSVGOSA-N,
9055,SZTXPMXHIBXPSP-MKFINAITSA-N,
9056,ZSTPNQLNQBRLQF-UAQFGPKRSA-N,
9057,SEWQEQSXDGJDGG-ZTFGCOKTSA-N,
9058,DFQOXFIPAAMFAU-UHFFFAOYSA-O,
9059,WMVWGWABYSXDSD-DQRAZIAOSA-N,
9060,LSOYEORFQOSJNU-UHFFFAOYSA-N,
9061,REWBVTSAGBKXPB-UHFFFAOYSA-N,
9062,DLYMXJXGKUTWGO-UHFFFAOYSA-N,
9063,CKMPQYCZOQCRDI-PEYYIBSZSA-N,
9064,MRDKCYAPTRSJLK-QUNWWBBNSA-N,
9065,QFZIAEKHAKRLNT-UHFFFAOYSA-N,
9066,PKUVHEFKIHBKDH-UHFFFAOYSA-N,
9067,DWFZPYSRVLGZAP-JSAVKQRWSA-N,
9068,JURVLOCWPWGFIG-ZRDIBKRKSA-N,
9069,AHJCUJSTWXHHHI-OTYYAQKOSA-N,
9070,NYEUWABXLCSALY-UHFFFAOYSA-N,
9071,LLCKHNPLEHNQRJ-UHFFFAOYSA-N,
9072,ISTCORXFQBFBGT-UHFFFAOYSA-N,
9073,ZRNFFNJNHLXUEU-OUKQBFOZSA-N,
9074,ZROWVWXXVYPADE-UHFFFAOYSA-N,
9075,CLIUDRQOXPYQFI-UHFFFAOYSA-N,
9076,OVIKOXGTSNQMEI-UHFFFAOYSA-N,
9077,WDFNGBTYSVHPTN-UHFFFAOYSA-N,
9078,YKBDGMCRYYLJKW-UHFFFAOYSA-N,
9079,JMNHBCQWFJFBQW-UHFFFAOYSA-N,
9080,BHLRUOGOYQUJHE-UHFFFAOYSA-N,
9081,RGSRKBHTUUKVTA-UHFFFAOYSA-N,
9082,DRAYCUNJHJEHFI-UHFFFAOYSA-N,
9083,LKKXEZXFUOPENC-UHFFFAOYSA-N,
9084,XDCQWLZMQPGBGS-UHFFFAOYSA-N,
9085,WYGZUDPMZOMYKX-UHFFFAOYSA-N,
9086,FZTSFWLIYDKXEK-UHFFFAOYSA-N,
9087,FUAKOEQUOZBHQH-UHFFFAOYSA-N,
9088,PBHQGTAIJCKRCE-UHFFFAOYSA-N,
9089,RURBUYWCVXXTQG-UHFFFAOYSA-N,
9090,GCHVIHQNPQMHGS-UHFFFAOYSA-N,
9091,DRXUIUZPOFYSOZ-UHFFFAOYSA-N,
9092,RJERUHQUMUYXSJ-UHFFFAOYSA-N,
9093,AKHUKZJZNGHOJU-UHFFFAOYSA-N,
9094,ZCRLBQLLTGFQAY-UHFFFAOYSA-N,
9095,GASOJNOBWHBOFR-UHFFFAOYSA-N,
9096,WIYAKYWRWNNLES-UHFFFAOYSA-N,
9097,FGSFNKIFXGYVJN-UHFFFAOYSA-N,
9098,LFRWCUWESMFIBY-UHFFFAOYSA-N,
9099,BHIWKCYRDRDVNP-UHFFFAOYSA-N,
9100,XEOVNRPERAJDAH-TVFNXENMSA-N,
9101,QNEYCAYMNPOGEH-KHTLXAHUSA-N,
9102,RVVGAIYGOTZFAS-FGDGVPSKSA-N,
9103,XAMQOFQOOJZBST-UHFFFAOYSA-N,
9104,GTSIWKKDDFNEIB-UHFFFAOYSA-N,
9105,LMCMSYLAVFUOGK-UHFFFAOYSA-N,
9106,CMUWVXAFOAEMLK-UHFFFAOYSA-N,
9107,JEYSBYIFIZQTOQ-UHFFFAOYSA-N,
9108,ABNSVKOEGMDRJR-UHFFFAOYSA-N,
9109,YOPJQORMMAUUDQ-UHFFFAOYSA-N,
9110,FBZLJVXCFNWOHP-SILNSSARSA-N,
9111,FPLQMMPXMMHXOX-UHFFFAOYSA-N,
9112,GZBDYLBRYPXXCW-SFHVURJKSA-N,
9113,AWTQFDUENULDGU-UHFFFAOYSA-N,
9114,GCWUADMDCHNCOO-UHFFFAOYSA-N,
9115,ZHRICLUCOXRHHO-UHFFFAOYSA-N,
9116,ORBFDGDEPLVSGK-UHFFFAOYSA-N,
9117,FNHXZECRKOHGDB-VAVWTMJFSA-N,
9118,WYAWSKLQKNUOHE-UHFFFAOYSA-N,
9119,GYIGCFMFXUNFQO-UHFFFAOYSA-N,
9120,LCCAMULFXUTFBA-UHFFFAOYSA-N,
9121,GHKQYMDRHCUYKN-UHFFFAOYSA-N,
9122,FQRPHLJLYPTTQW-UHFFFAOYSA-N,
9123,PMLRXUAFKUJHLJ-UHFFFAOYSA-N,
9124,GDQAXDHOIGMVAY-UHFFFAOYSA-N,
9125,CWZYIVSBZLEQJK-UHFFFAOYSA-N,
9126,RKHFQOOMHRJYJM-OGLMXYFKSA-N,
9127,FWJTUFSDOKRVHE-UHFFFAOYSA-N,
9128,NGFWLNLDRNXOIJ-UHFFFAOYSA-N,
9129,IDHQCSULXAOPMI-UHFFFAOYSA-N,
9130,QAFGEZDMXMYEHU-UHFFFAOYSA-N,
9131,TVJHEFRTGBLBKP-UHFFFAOYSA-N,
9132,SJHJGLPARRTXCQ-UHFFFAOYSA-N,
9133,BJZZOKHVNKCEAP-UHFFFAOYSA-N,
9134,MWPPAAMDUYUISJ-UHFFFAOYSA-N,
9135,RAXZTWPLOKVWIV-UHFFFAOYSA-N,
9136,FCTYHRLSIQEMPL-UHFFFAOYSA-N,
9137,LVWNVTKGXYXMNT-BHBWVORQSA-N,
9138,BIDWPRMVBBJVAS-LBACSGLVSA-N,
9139,WLMMNIANMXLGTP-BHBWVORQSA-N,
9140,AUIRANFWWHILHU-BFAGERDPSA-N,
9141,LZKNODJQNWYWNY-UHFFFAOYSA-N,
9142,HGPKTFGSATYETK-UHFFFAOYSA-N,
9143,ZRTQSJFIDWNVJW-WYMLVPIESA-N,
9144,RGRVJCCSTKXEIS-UHFFFAOYSA-N,
9145,PEBJUHPAKRAQIA-UHFFFAOYSA-N,
9146,RLYCHYFMFRENHU-UHFFFAOYSA-N,
9147,GOHHZDCVRJIPNK-UHFFFAOYSA-N,
9148,QXXXZWVDJLWHKZ-UHFFFAOYSA-N,
9149,VCRXWCVZTJVMHA-UHFFFAOYSA-N,
9150,YEFLBPUCBQYWCI-UHFFFAOYSA-N,
9151,OMHVEHWIDPWNRM-UHFFFAOYSA-N,
9152,YWRLQSMCNFENNG-QIORGJLISA-N,
9153,VBVYEHLWFUYMMO-VGOFMYFVSA-N,
9154,JZADVKPETZDDHU-UHFFFAOYSA-N,
9155,GACGSIKNWJRYHP-FMIVXFBMSA-N,
9156,DCYBAFWEMSFPJW-MPESAESLSA-N,
9157,BRDWIEOJOWJCLU-LTGWCKQJSA-N,
9158,SCCCGLFFJPULHD-UHFFFAOYSA-N,
9159,HEUVJVOVUKMSIO-VBTTTWCCSA-N,
9160,HAZPVZAUKYNZPP-UHFFFAOYSA-N,
9161,GOMJXPDEQVXJIF-UHFFFAOYSA-N,
9162,BYXLCARLOGYKPB-UHFFFAOYSA-N,
9163,XMYYCPDTZAAJAM-UHFFFAOYSA-N,
9164,QPXUBPNLPSFVDF-MJGOQNOKSA-N,
9165,RZPDMFLHJKGEHL-XIKOKIGWSA-N,
9166,KRAOJTAIAWJVFM-UHFFFAOYSA-N,
9167,OYLLQDANOCJKRH-UHFFFAOYSA-N,
9168,ANHBNWSRSFNDNM-UHFFFAOYSA-N,
9169,ABXGPSJCOJQWFN-UHFFFAOYSA-N,
9170,XIOBWOPEXDDIJC-UHFFFAOYSA-N,
9171,FYVIFYAHBBXREU-UHFFFAOYSA-N,
9172,SLXJYSPIZFGDMP-WTVLQJKYSA-N,
9173,UVGIKSWSPYMWMO-MHWRWJLKSA-N,
9174,NXXJHLFKDMXDIR-ZVHZXABRSA-N,
9175,JAZRWNNTADAGCP-UHFFFAOYSA-N,
9176,UQPYVYWXQNIYKQ-KLSFGVRGSA-N,
9177,GGDRWWANTBFDEX-UHFFFAOYSA-N,
9178,HGYKAAOYCGDDPX-UHFFFAOYSA-N,
9179,GIMKNRJZUUKMDA-VIPNTURPSA-N,
9180,OJNCFYUXZFZWPX-UHFFFAOYSA-N,
9181,HTYRCONGVMKUQO-UHFFFAOYSA-N,
9182,WAOUWXOFWOYILO-UHFFFAOYSA-N,
9183,GLLFEQVKQPLGNT-UHFFFAOYSA-N,
9184,OAPDAZNMRFHURE-UHFFFAOYSA-N,
9185,WDPBHUUARVMNRM-WAAHFECUSA-N,
9186,HQEHVPLOYFVDSS-UHFFFAOYSA-N,
9187,VXJWXXXNAGXANY-UHFFFAOYSA-N,http://coconutKG.aksw.org/data/molecule/795553
9188,QMDDMCVXYCYGRO-UHFFFAOYSA-N,
9189,SKMAQZSSDQYMHA-UHFFFAOYSA-N,
9190,CSLSSIUGFJHMLO-UHFFFAOYSA-N,
9191,HMMNOLVEKCARJY-UHFFFAOYSA-N,
9192,RYYLZOUXUDQNJZ-QHCPKHFHSA-N,
9193,MYFMXGCAQYZCTI-UHFFFAOYSA-N,
9194,UGNQZKLMUIKBGD-UHFFFAOYSA-N,
9195,VGPIBGGRCVEHQZ-UHFFFAOYSA-N,
9196,MWSOQJFJGWOXEU-DWNQJFHRSA-N,
9197,DEKOYSAXLHNHNE-UHFFFAOYSA-N,
9198,PYARHHQCEKERNW-UHFFFAOYSA-N,
9199,WHSFDJOYVGIDIF-UHFFFAOYSA-N,
9200,UTYVOHKIDOONDB-UHFFFAOYSA-N,
9201,LHGXYMKWUSOCEY-UHFFFAOYSA-N,
9202,MUYBSJDLILZWJZ-UHFFFAOYSA-N,
9203,MKBPWHIPRGRCNU-UHFFFAOYSA-N,
9204,POYRGBHIKINMQK-UHFFFAOYSA-N,
9205,PXGYZOKOFLMHTR-CPNJWEJPSA-N,
9206,HYPPVQDTROHSCR-UHFFFAOYSA-N,
9207,JBTBLEHJQXGMHW-UHFFFAOYSA-N,
9208,DVFAQEVWJBLFDS-RFZPGFLSSA-N,
9209,QRURZCKSVZTTKU-UHFFFAOYSA-N,
9210,WEFJPHYUHBUEFE-UHFFFAOYSA-N,
9211,ARMXYDOMZQKJGD-UHFFFAOYSA-N,
9212,CIJXDSNTGMSJOR-UHFFFAOYSA-N,
9213,VNWCCTZYDFPPFN-VGOFMYFVSA-N,
9214,MQRVGCPATLEVMM-GIDUJCDVSA-N,
9215,OWNWPUJRCYRESV-UHFFFAOYSA-N,
9216,NFZOMTDVRLPGOT-UHFFFAOYSA-N,
9217,ZKISCICRCJELGG-UHFFFAOYSA-N,
9218,DKVDICQXGBUJLF-UHFFFAOYSA-N,
9219,YUPIBISHGQCYLV-UHFFFAOYSA-N,
9220,DDVYRHSVUAVLEO-UHFFFAOYSA-N,
9221,VUGTYJKOTMHXKR-VCHYOVAHSA-N,
9222,FXEQITLCGSQEMM-UHFFFAOYSA-N,
9223,YAIINZKOWNIMAS-UHFFFAOYSA-N,
9224,KGWNPIKIBSXGNF-UHFFFAOYSA-N,
9225,LXOMFHBVXBDOHG-UHFFFAOYSA-N,
9226,NLKMLYDOEPWPRP-UHFFFAOYSA-N,
9227,ALWQVPPGZUDFJG-UHFFFAOYSA-N,
9228,OUBUFGNZZUPZDX-UHFFFAOYSA-N,
9229,QTXXPJBXUYKBDH-UHFFFAOYSA-N,
9230,TYNJGVNWQJSDIU-UHFFFAOYSA-N,
9231,SRGPMOAVEYUMCN-DHZHZOJOSA-N,
9232,HCMGEKZAVMNLPW-UHFFFAOYSA-N,
9233,MLMCWCHHGDAHAU-UHFFFAOYSA-N,
9234,SRRVBXMRJRRBPK-UHFFFAOYSA-N,
9235,TVYWQYOOHZAWEM-UHFFFAOYSA-N,
9236,BKRVIIZONNQXSZ-UHFFFAOYSA-N,
9237,GETYTMFYYFHYAC-NTUHNPAUSA-N,
9238,LKPNTMRUGRFRCU-UHFFFAOYSA-N,
9239,ZAGXHWCKRNMVQP-UHFFFAOYSA-N,
9240,SUALKYLCBRELQJ-UHFFFAOYSA-N,
9241,BYPLYYGQYPRAPQ-UHFFFAOYSA-N,
9242,UVQQPIAWCUSKNC-CQXZKNNUSA-N,
9243,KHCKBYRTWIINSU-UHFFFAOYSA-N,
9244,LCTKWBLRAXZSTB-UHFFFAOYSA-N,
9245,OJPDZEFBOMRMTK-UHFFFAOYSA-N,
9246,YJZXLYWKHAIAFZ-UHFFFAOYSA-N,
9247,VKOSPFZNRADPDR-UHFFFAOYSA-N,
9248,VFEUZRDXEYWESK-UHFFFAOYSA-N,
9249,YXNYMIJBYGLDEY-UHFFFAOYSA-N,
9250,KLIJZUQBHKNMSQ-UHFFFAOYSA-N,
9251,ZBEPGPXSEYZNMY-UHFFFAOYSA-N,
9252,VRRLPZWLSBZHBS-UHFFFAOYSA-N,
9253,WFIYQGLJUHADIH-UHFFFAOYSA-N,
9254,NLFOSJAGCBAAOG-UHFFFAOYSA-N,
9255,ZGMLBZYISUQBET-UQNWOCKMSA-N,
9256,VDQAJESSQKRGQW-HKWRFOASSA-N,
9257,KIPDTGYELOXDIS-UHFFFAOYSA-N,
9258,AAONOLDNLGQRIV-UHFFFAOYSA-N,
9259,DMXOMELYXJMKHB-UHFFFAOYSA-N,
9260,YWQDIJCAXICZIA-BSHIDLADSA-N,
9261,JVODZKTWTAGSHY-UHFFFAOYSA-N,
9262,XIJYOFKTTSJBSQ-UHFFFAOYSA-N,
9263,NBKLSSUJHBUHGU-UHFFFAOYSA-N,
9264,VEVRMYJXESYEDV-AKSFJSHCSA-O,
9265,WXANRASUPLZXNG-UHFFFAOYSA-N,
9266,KXVRWKKKVHRQKX-UHFFFAOYSA-N,
9267,MAFPKFZUYUBSHD-SFHVURJKSA-N,
9268,IUNHWYNGTOPPLU-UHFFFAOYSA-N,
9269,IQCVVJYGTPCKQQ-UHFFFAOYSA-N,
9270,XOVYWPJBDXCSDT-UHFFFAOYSA-N,
9271,ALPMFGDYZYXYLS-LIOBNPLQSA-N,
9272,WIFGHMAOMSWZGU-UHFFFAOYSA-N,
9273,SIIMRTLNCSHSFX-UHFFFAOYSA-N,
9274,STTCSAUYKTXBKI-UHFFFAOYSA-N,
9275,FDPXSWXSCNRTCT-UHFFFAOYSA-N,
9276,GSQAZRWBMBSSQE-UHFFFAOYSA-N,
9277,PZVSYMIBHAGJFC-UHFFFAOYSA-N,
9278,DBSCUHDMPRIVTI-UHFFFAOYSA-N,
9279,XRLQKJNHVXWJPO-UHFFFAOYSA-N,
9280,CERVUBMJZFSELI-UHFFFAOYSA-N,
9281,UGVDLZWWHVIFQB-UHFFFAOYSA-N,
9282,HGMSIFPMRNSKFF-UHFFFAOYSA-N,
9283,NWXXNOLKGPIVBW-UHFFFAOYSA-N,
9284,BQGWJLVVPGRMRV-UHFFFAOYSA-N,
9285,AVHNOBYTCDKTEV-UHFFFAOYSA-N,
9286,UMIIBKVULCZBHV-UHFFFAOYSA-N,
9287,WJLXNSHGOJSYFN-AWEZNQCLSA-N,
9288,KCOMCVHDGMVEAV-UHFFFAOYSA-N,
9289,CLRKDQQILMNMAR-FSJOYUBUSA-N,
9290,GHXMDSXCRADJIW-UHFFFAOYSA-N,
9291,WPBCNDJIJTWYFD-UHFFFAOYSA-N,
9292,CCUYZWUDPCOWBX-UHFFFAOYSA-N,
9293,SLUUAYIPFKHINA-UHFFFAOYSA-N,
9294,PIDQOIFMGYABDA-UHFFFAOYSA-N,
9295,XGFZRMCJSKBFKE-UHFFFAOYSA-N,
9296,XQEOWTYNOPAHNQ-UHFFFAOYSA-N,
9297,CYZXUEMGJFKNGQ-UHFFFAOYSA-N,
9298,UOGPNZSINBIEIO-UHFFFAOYSA-N,
9299,ICYINOYUJMKTEP-UHFFFAOYSA-N,
9300,LMWKURVXWKDKDM-UHFFFAOYSA-N,
9301,DVKXPSKZZXXCNQ-UHFFFAOYSA-N,
9302,WLQUHTBUBBCZQQ-VMYVUXIHSA-N,
9303,SYDMJXOERPEUTC-UHFFFAOYSA-N,
9304,VUKTXPCDXNTVNV-UHFFFAOYSA-N,
9305,YAUGTWJGBPCHGC-UHFFFAOYSA-N,
9306,VQHLCKSJJGLMJI-UHFFFAOYSA-N,
9307,CWWQYRDYGGBCBK-UHFFFAOYSA-N,
9308,CTWZNRRMXPUUBY-UHFFFAOYSA-N,
9309,NLKPNAPZHPHLHJ-UHFFFAOYSA-N,
9310,NFHAEFBCYSASAR-UHFFFAOYSA-N,
9311,ANMPQVUIBQICDE-UHFFFAOYSA-N,
9312,ALRKGOIYTQTNIK-UHFFFAOYSA-N,
9313,HPLWFGKIOCCFSG-UHFFFAOYSA-N,
9314,KYWNLMOEMKGNBQ-UHFFFAOYSA-N,
9315,NILMEAHFCMEONW-UHFFFAOYSA-N,
9316,MULWHLWBNNDFSW-UHFFFAOYSA-N,
9317,HGOZDUKHIYLDNS-UHFFFAOYSA-N,
9318,UQQBVMKPQVCNJK-UHFFFAOYSA-N,
9319,ANTXXZMEXVRHEN-UHFFFAOYSA-N,
9320,PMNPDZIPKKSQML-UHFFFAOYSA-N,
9321,JFSPBVWPKOEZCB-UHFFFAOYSA-N,
9322,ZXKOJMMUPXTIIZ-JTSKRJEESA-N,
9323,KZQBCGREHPSYQS-UHFFFAOYSA-N,
9324,AFVACAZNAUREGB-HNNXBMFYSA-N,
9325,NJHKWPMIXFRSEE-KRWDZBQOSA-N,
9326,AVZNLSYBRWQUIM-UHFFFAOYSA-N,
9327,OADMXBRANBPWPC-UHFFFAOYSA-N,
9328,HMMNOLVEKCARJY-CQSZACIVSA-N,
9329,HMMNOLVEKCARJY-AWEZNQCLSA-N,
9330,TYOYZALDSVYPRH-RVXWVPLUSA-N,
9331,QMCNCUSDECAHSA-IWCJZZDYSA-N,
9332,PBWQEAJTJFGQKI-LYOVBCGYSA-N,
9333,OZHVYYJBMVWVBW-UISLRAPISA-N,
9334,QPKAWEMJYPPACR-CNHKJKLMSA-N,
9335,ZQGMLVQZBIKKMP-NNWCWBAJSA-N,
9336,PEBHVJGNEMQLKY-UHFFFAOYSA-N,
9337,OXXAKVXIIVFFEV-UHFFFAOYSA-N,
9338,YWHOZKPIIOKNCE-UHFFFAOYSA-N,
9339,XNQJJIVNDZHRJJ-UHFFFAOYSA-N,
9340,UEFAKJDYSQUQOO-UHFFFAOYSA-N,
9341,SNPAJCUMWJJZPP-UHFFFAOYSA-N,
9342,VVUMTHNDTDZGCY-UHFFFAOYSA-N,
9343,GHLSQUADCCTQEL-UHFFFAOYSA-N,
9344,DPCZYTPWTLAFPZ-FQEVSTJZSA-N,
9345,KZBSOWKSWQSRJY-UHFFFAOYSA-N,
9346,PMSFJNRLZNMLKR-DAGMQNCNSA-N,
9347,GQDCTRKQKKYCHJ-XLPZGREQSA-N,
9348,FSVBGEMZOUGCCP-RVXWVPLUSA-N,
9349,NMUFVCJKJIVBGZ-BBBNYMBOSA-N,
9350,HYBOGGSOBYZQDK-IOSLPCCCSA-N,
9351,YOIRBWCZXHEXDU-IOSLPCCCSA-N,
9352,VQXUHPBHTSISEF-OXQGGJHDSA-N,
9353,GZQVGSRUUTUJNG-UHFFFAOYSA-N,
9354,RDSWJSXGECZDMG-WJVRHOARSA-N,
9355,KCSKKUKGQIPPAF-MJXNYTJMSA-N,
9356,SESASYLTORGSTP-XKXQAKHTSA-N,
9357,RVVGAIYGOTZFAS-TWEVDUBQSA-N,
9358,KCSKKUKGQIPPAF-OGADHKOYSA-N,
9359,FRTOTMQAWIIMKK-JVASRFHESA-N,
9360,FNELUHSZTXLTQN-XMHGGMMESA-N,
9361,NVIDWEOWVGJFSK-UHFFFAOYSA-N,
9362,GVWNZKYTGBSOKP-UHFFFAOYSA-N,
9363,XMYQWJAIIQEYBC-GZTJUZNOSA-N,
9364,JJNBHYLPLQTPFJ-UHFFFAOYSA-N,
9365,PQGSZGZBPBWIPC-UHFFFAOYSA-N,
9366,YNKPXBYKHSVHEM-CUJSYCCXSA-N,
9367,MDENCHIATQUVIS-NTUHNPAUSA-N,
9368,TUWOSXFKXVXAHS-VGOFMYFVSA-N,
9369,GQIYLSGOFCKEOS-RIYZIHGNSA-N,
9370,GRBKOVYBWCPXND-KQYNXXCUSA-N,
9371,BQJKEBBBDDNSGP-ZRFIDHNTSA-N,
9372,WROFVBGCFVFHIE-KQYNXXCUSA-N,
9373,OZACJYWNJRCVMB-CVKSISIWSA-N,
9374,PLGWJUIDPGSTJB-UHFFFAOYSA-N,
9375,LAAXWTANFBKWOO-UHFFFAOYSA-N,
9376,HGVIRYRWXZFDIP-UHFFFAOYSA-N,
9377,JMUCYFACKZWBBG-UHFFFAOYSA-N,
9378,CBNWXUCOHJVFQM-UHFFFAOYSA-N,
9379,FTWODCXGJFVEPI-UHFFFAOYSA-N,
9380,ZALGFXBCDJIIBL-XQIGYMODSA-N,
9381,VSGKVJPCJOJUBP-FGDGVPSKSA-N,
9382,KZSXAVVXUMSZKI-UHFFFAOYSA-N,
9383,ZLVJBTPUHAJSNC-UHFFFAOYSA-N,
9384,GWUVFYUAKFHSNW-UHFFFAOYSA-N,
9385,MCWDTBWUCVZXKH-UHFFFAOYSA-N,
9386,ZXKIYXXIYSQNBB-UHFFFAOYSA-N,
9387,PXUORGWUHGDKQF-UHFFFAOYSA-N,
9388,GELAYAWORZEKAR-UHFFFAOYSA-N,
9389,QCOAXSGLNZGUCM-UHFFFAOYSA-N,
9390,XAKVCICVEDBYMB-UHFFFAOYSA-N,
9391,WTEYQXDDZQEQLH-UHFFFAOYSA-N,
9392,RQFWKYUURLLPND-UHFFFAOYSA-N,
9393,XOTFWUOAYRTCAZ-UHFFFAOYSA-N,
9394,CNWBCKFBDCVITK-UHFFFAOYSA-N,
9395,GHOXZGSUMQLJFC-UHFFFAOYSA-N,
9396,GFYCIJMDDJVZNN-UHFFFAOYSA-N,
9397,YOHOSWHYUKYHIA-UHFFFAOYSA-N,
9398,JCACGVWVECBJKF-UHFFFAOYSA-N,
9399,BVELZEFDOYCCCO-UHFFFAOYSA-N,
9400,BBEQQSJZRPMMKL-RXFVIIJJSA-N,
9401,KMKWCJNKYGPIFE-UHFFFAOYSA-N,
9402,DYVNZBSKMJYRIE-UHFFFAOYSA-N,
9403,OBGBGHKYJAOXRR-UHFFFAOYSA-N,http://coconutKG.aksw.org/data/molecule/92887
9404,KSUKZJPACONZCV-UHFFFAOYSA-N,
9405,DRDXYLNCBZYEHR-UHFFFAOYSA-N,
9406,DWRRDCJGBPAQEG-MHWPDBCOSA-N,
9407,OOEDMHZBNCISDK-MNRWYXMNSA-N,
9408,RBHAIMXODSIQDV-UHFFFAOYSA-N,
9409,VXKONHLRSXUYJE-UHFFFAOYSA-N,
9410,DBEYVIGIPJSTOR-FHWLQOOXSA-N,
9411,JEZSOTNQFYRKLR-UHFFFAOYSA-N,
9412,KBYNKGOXZAVKBH-UHFFFAOYSA-N,
9413,ANGGUPGFFZUKEE-UHFFFAOYSA-N,
9414,QURLIYNRUSAUIB-UHFFFAOYSA-N,
9415,DFMRKJOZXQKNHK-UHFFFAOYSA-N,
9416,ZYBAKFMTSSUUHZ-UHFFFAOYSA-N,
9417,APHIQCMFXBNJLO-UHFFFAOYSA-N,
9418,AKNAEECSVXOFFP-UHFFFAOYSA-N,
9419,BNCBYYHNHPIDQF-UHFFFAOYSA-N,
9420,VCOMGZPUNHVYPG-UHFFFAOYSA-N,
9421,WZGKSYIUYJBMGD-UHFFFAOYSA-N,
9422,MMOQCJOEUJYZLU-UHFFFAOYSA-N,
9423,AOQRXLNPEDGLRY-UHFFFAOYSA-N,
9424,PBPGQQGJSOSZRR-UHFFFAOYSA-N,
9425,CQLYFNOVKLQRLU-UHFFFAOYSA-N,
9426,LZNJZSBVOAGAFE-UHFFFAOYSA-N,
9427,NSUQKXHODNOQCQ-UHFFFAOYSA-N,
9428,STUIDIMQADARQF-UHFFFAOYSA-N,
9429,YXPOTYIIRALLPH-UHFFFAOYSA-N,
9430,GEUBAJKVKVTLRU-UHFFFAOYSA-N,
9431,HEGDBEGWOQBVJF-KIGCCDCASA-N,
9432,AXMUHUGMPSPUCE-UHFFFAOYSA-N,
9433,NDOOKIQFOFHWJP-UHFFFAOYSA-N,
9434,FTLXRNDLZTUJFO-UHFFFAOYSA-N,
9435,FKILIYGRJZPBDR-UHFFFAOYSA-N,
9436,YDDVLYCVTZTYBA-UHFFFAOYSA-N,
9437,QHRFNXXMYVWHAJ-UHFFFAOYSA-N,
9438,HFRMKBYMNLERAL-UHFFFAOYSA-N,
9439,RNHWJWVNYCWDHV-UHFFFAOYSA-N,
9440,JOZGTURSZYJBKA-UFFVCSGVSA-N,
9441,AHFWUIXKYGBKAD-REZTVBANSA-N,
9442,GCMGXYIXKPBFQJ-FAJYDZGRSA-N,
9443,QKZIROBVQPUAGQ-UHFFFAOYSA-N,
9444,LTQCZPPCSVOBLB-UHFFFAOYSA-N,
9445,BQPCZLPRXKKEJE-UHFFFAOYSA-N,
9446,BEMPYRYMTZJFJK-UHFFFAOYSA-N,
9447,AMRYAQOQJBAVPU-UHFFFAOYSA-N,
9448,DWANWXFGJCHFDU-UHFFFAOYSA-N,
9449,OUIOKPZQLCSIDL-UHFFFAOYSA-N,
9450,ZBAUYWIEJMOKKG-UHFFFAOYSA-N,
9451,KKGWWQGAIXHPFG-UHFFFAOYSA-N,
9452,HIJDSDLFAVZQCO-UHFFFAOYSA-N,
9453,PYZRFTTZIVBVEA-UHFFFAOYSA-N,
9454,GKZHRRREPZZTIF-UHFFFAOYSA-N,
9455,RFAKFRFVHNUKKX-UHFFFAOYSA-N,
9456,IXDDAUTTYAWORS-UHFFFAOYSA-N,
9457,URDDFBRWMADHEI-UHFFFAOYSA-N,
9458,YAKYXJJMYOZOCV-KUJURARGSA-N,
9459,RASSRKICLLTJOR-DAGMQNCNSA-N,
9460,HPILDVGUEJKOSS-IWCJZZDYSA-N,
9461,OUIQXXVRJMHDRO-UHFFFAOYSA-N,
9462,LTQWKIAKRGRXQA-UHFFFAOYSA-N,
9463,KZGTYWPLBLBRMJ-UHFFFAOYSA-N,
9464,JKGJSRZNHDGJCM-UHFFFAOYSA-N,
9465,PDUXWWYHBLIGGM-UHFFFAOYSA-N,
9466,MBRGMYAGPMHXDF-UHFFFAOYSA-N,
9467,WOZUIEFXSIZOFF-UHFFFAOYSA-N,
9468,SOOXOFOIQRSLHO-UHFFFAOYSA-N,
9469,MCFCCBZLJGOXFC-UHFFFAOYSA-N,
9470,KPJHBUYTLQYYDB-UHFFFAOYSA-N,
9471,BBBQRTKCIATGFW-UHFFFAOYSA-N,
9472,PZUIXEFKKGARKU-UHFFFAOYSA-N,
9473,UINKCAPSRHFEFU-UHFFFAOYSA-N,
9474,IENFTSNWYLEPMJ-LBPRGKRZSA-N,
9475,IPZOXRSTVKZPHN-UHFFFAOYSA-N,
9476,GJRLOJNVRCJJQW-JPBZRQQJSA-N,
9477,ZLFSABNNJOWEEK-SRZZPIQSSA-N,
9478,XRASPMIURGNCCH-UHFFFAOYSA-N,
9479,QDVZHPIVXHUQCT-CCDKUVBCSA-N,
9480,FUXINQMMZBADPV-UHFFFAOYSA-N,
9481,OBVNUHBGYYYYPD-UHFFFAOYSA-N,
9482,VXDPAPFCOAHDCI-URKNILKWSA-N,
9483,INMDPJWUNFVZRM-UHFFFAOYSA-N,
9484,NNXUUXCWFIMVMD-QGMBQPNBSA-N,
9485,BJVCZHODCCQPKL-UHFFFAOYSA-N,
9486,YNFPWXPLUHJGJO-UHFFFAOYSA-N,
9487,GFWPWSNIXRDQJC-UHFFFAOYSA-N,
9488,ZNFOTOUWJLOBHK-ZRFIDHNTSA-N,
9489,RQPFHUOFFGHZSX-QQFPHPJOSA-N,
9490,ASLXLPONEPDCEG-DHZHZOJOSA-N,
9491,IDPHIPBZANKORK-HBKJEHTGSA-N,
9492,RLJIJSQSCPWHDS-UHFFFAOYSA-N,
9493,QHHDIYLYAYELEZ-UHFFFAOYSA-N,
9494,LLVYGAKBYJIRQQ-WVBSTYLSSA-N,
9495,UEJVCSWCJRTRHL-UBEDBUPSSA-N,
9496,VZZUWEIFIMFIFJ-AKAIJSEGSA-N,
9497,SXODBZHSINDVNZ-WSGPNKEYSA-N,
9498,KECGPQQFTDUAOT-BSAHWWOCSA-N,
9499,VSGKVJPCJOJUBP-JSCSOFAYSA-N,
9500,DNVSLZJMWYZCRS-QMSQYKBOSA-N,
9501,DYXLPYFIEUTORU-UHFFFAOYSA-N,
9502,MCVDOHRUKGRVJP-UHFFFAOYSA-N,
9503,AEHPJWOORSYVKG-UHFFFAOYSA-N,
9504,FALJMMDLJMEQOZ-UHFFFAOYSA-N,
9505,ZZKZMGWWADXING-FRJWGUMJSA-N,
9506,LVOSZNDYMKKAFL-QBODTSNLSA-N,
9507,KMVGYYSPDSERNQ-KUOFOABLSA-N,
9508,OKCRMEZBXWRMEQ-JSGUNGOHSA-N,
9509,MJXDCLDSCMWOHL-KWJLABMDSA-N,
9510,PCRYWGMBODLOTL-LBRNLSNBSA-N,
9511,RSFFPCREFLCKSA-UHFFFAOYSA-N,
9512,JQJKWVIUFZWDPH-UHFFFAOYSA-N,
9513,CIDYIYSNDAJNGX-UHFFFAOYSA-N,
9514,HOHBYDWWHYPNCV-UHFFFAOYSA-N,
9515,NTUQCEYDBOOMNT-VKHMYHEASA-N,
9516,WJLXNSHGOJSYFN-CQSZACIVSA-N,
9517,RGIQOVJNERGYTK-UHFFFAOYSA-N,
9518,PLTQIEFFMDJSLD-UHFFFAOYSA-N,
9519,ZBGGZCPBBXFZQY-UHFFFAOYSA-N,
9520,OKHDSSGZCUEBGQ-UHFFFAOYSA-N,
9521,UECPLYYHUZYULV-UHFFFAOYSA-N,
9522,XCXFFUBBFUHOLW-UHFFFAOYSA-N,
9523,HDNYAVNXCRLQGY-UHFFFAOYSA-N,
9524,VYJRREXFIJXBNU-UHFFFAOYSA-N,
9525,OYSGWKOGUVOGFQ-RBOXIYTFSA-N,
9526,CLAFACOPDWAXMI-UHFFFAOYSA-N,
9527,FPYGUAYMZHYMFY-UHFFFAOYSA-N,
9528,DBSPPKSTAOJNQC-IDXNFREDSA-N,
9529,IDDKJVQQRXHITM-UHFFFAOYSA-N,
9530,AIVCWYGKRZLJEP-UHFFFAOYSA-N,
9531,WKOHKYCFOXUCHY-UHFFFAOYSA-N,
9532,DPNFZUFLZBZHAN-UHFFFAOYSA-N,
9533,QNLFWSBEKMYNFI-UHFFFAOYSA-N,
9534,PAGVFNILEJANAP-UHFFFAOYSA-N,
9535,UHIXWHUVLCAJQL-MPBGBICISA-N,
9536,BQDNHCZPLFKYMM-FJNYLYSMSA-N,
9537,RWNCLLIABLIXAV-QLLAZZGXSA-N,
9538,FBYVYDBWZYPRIX-UHFFFAOYSA-N,
9539,ZFXUXFSOSAAUIY-UHFFFAOYSA-N,
9540,PYEOAUMVAPVBTC-UHFFFAOYSA-N,
9541,JPJNFBCKTXINNM-SCFUHWHPSA-N,
9542,XIOWKWJXDQTVCE-IOSLPCCCSA-N,
9543,RLWMCTVGSFFJSM-ZDUSSCGKSA-N,
9544,YABCEPWBYFNGPD-RYGJVYDSSA-N,
9545,XMMGYFVIPYZPMB-UHFFFAOYSA-N,
9546,HCOLPOSQJHSVMF-UHFFFAOYSA-N,
9547,IUVXJPYOLXDXPP-UHFFFAOYSA-N,
9548,ZTFTXXAYNCQKPB-UHFFFAOYSA-N,
9549,MIDYWRJGCSZRLI-UHFFFAOYSA-N,
9550,FZPJFYTZKVCZET-JBZGATTQSA-N,
9551,KGRJFOJNTBEPSD-VZXWJRNJSA-N,
9552,GZFPZBNLDICCTE-XXNKEUCMSA-N,
9553,FZPJFYTZKVCZET-SCIWQTMTSA-N,
9554,KGRJFOJNTBEPSD-RUTKVRFVSA-N,
9555,ACDGCUUIOSWTNL-MBKJNQLWSA-N,
9556,BULRJIWZNSHYLC-ZCAIKZQOSA-N,
9557,ZJBHAERACULAIR-PJYAFMLMSA-N,
9558,RSSAYOWSFATNNN-CAQMSIDYSA-N,
9559,WWOBIJUCIBYZEC-UHFFFAOYSA-N,
9560,VFAMMCMCSFYHDE-JOCHJYFZSA-N,
9561,PYOZMAGJBYDNKJ-GOSISDBHSA-N,
9562,ZRQUZYCMGQNXGW-UHFFFAOYSA-N,
9563,YJLFUAWUYNIXID-UHFFFAOYSA-N,
9564,JKRATAQENXMOPR-UHFFFAOYSA-N,
9565,DGLISWRVKOCOBX-UHFFFAOYSA-N,
9566,KNGBKKXPIINVNW-UHFFFAOYSA-N,
9567,GGFQDQAZNOBZKF-UHFFFAOYSA-N,
9568,HPAVPFDZOXXYGH-UHFFFAOYSA-N,
9569,ZLKCQQPXSPKVAW-UHFFFAOYSA-N,
9570,TUOXXENDICUNMW-UHFFFAOYSA-N,
9571,NXUOHDSXCMCQGH-UHFFFAOYSA-N,
9572,AFASFUQUANGQKI-UHFFFAOYSA-N,
9573,SLPMNNNYPHZHES-UHFFFAOYSA-N,
9574,PCRVRINEUAYOAU-CQSZACIVSA-N,
9575,UTEHUKGJDLVHIH-UHFFFAOYSA-N,
9576,INWHPBGNSUYRME-UHFFFAOYSA-N,
9577,UCFUPHVAPCJAQY-UHFFFAOYSA-N,
9578,OVNOBZABRJJLFA-UHFFFAOYSA-N,
9579,HNVVXOSDQBCPDK-UHFFFAOYSA-N,
9580,VQFIECSNYSTKMZ-UHFFFAOYSA-N,
9581,NOUANKRQFRXIMP-UHFFFAOYSA-N,
9582,XLFRHDISIMZTNY-UHFFFAOYSA-N,
9583,CJTHXJVHTICQLU-CAMZPUQGSA-N,
9584,SYISQEFNOLEZGC-UHFFFAOYSA-N,
9585,VBFJSZBWZZNOTN-UHFFFAOYSA-N,
9586,QRXBTROCLZBODV-VQHVLOKHSA-N,
9587,AKCJTTNRVWWROG-OJTYKZSBSA-N,
9588,KQYXIXZXEACRGT-UHFFFAOYSA-N,
9589,RWBZBAPLQXUVIS-UHFFFAOYSA-N,
9590,XQHHDKZETDKMRK-OMCISZLKSA-N,
9591,TVBQRAPNJPDSJM-UHFFFAOYSA-N,
9592,HRDDKPRCSVIZTK-UHFFFAOYSA-N,
9593,IGOJWQXZHMQTNM-UHFFFAOYSA-N,
9594,JOBCQQBMTHXPBN-UHFFFAOYSA-N,
9595,GWEZMXDRLZJLML-UHFFFAOYSA-N,
9596,VMXUXGZPTYFWAS-UHFFFAOYSA-N,
9597,VBVOZMKGPOOFGO-UHFFFAOYSA-N,
9598,QACHASFKWQWFFX-UHFFFAOYSA-N,
9599,AVBIBHHCLCVAMN-UHFFFAOYSA-N,
9600,JYVORWNTGSCYBT-UHFFFAOYSA-N,
9601,KYSDLIRIVUETGK-UHFFFAOYSA-N,
9602,WFBPEHDQTBDJSR-LOCPCMAASA-N,
9603,RJLKALLGKBEOPW-UHFFFAOYSA-N,
9604,SRBQELCBEKPUQE-UHFFFAOYSA-N,
9605,DYOXCKGIGMXWNR-UHFFFAOYSA-N,
9606,FGDJGZMORZIQKZ-UHFFFAOYSA-N,
9607,HJHRNJUMBGWJEV-UHFFFAOYSA-N,
9608,GGVAUTHQUPENHT-UHFFFAOYSA-N,
9609,CJWBJYWMRVGLTD-UHFFFAOYSA-N,
9610,IHKGQGZPMBQGEH-UHFFFAOYSA-N,
9611,OTGBOZWJGSEJEF-UHFFFAOYSA-N,
9612,NHSNWJMYKRSPCQ-UHFFFAOYSA-N,
9613,JKLUROCNSHNXJR-UHFFFAOYSA-N,
9614,KNMUKAAFIINXHC-UHFFFAOYSA-N,
9615,ORXXTWGCZUDUQA-UHFFFAOYSA-N,
9616,TUQZMCANGASMFC-UHFFFAOYSA-N,
9617,BVHXJXQDOFAUQY-UHFFFAOYSA-N,
9618,RHVHNNKSHMILLK-UHFFFAOYSA-N,
9619,NSWLRMHKQBEWPO-UHFFFAOYSA-N,
9620,GJWWYZIOACBFIF-UHFFFAOYSA-N,
9621,KJCOCZGSPXGCLX-UHFFFAOYSA-N,
9622,LUXFALUQZYELJC-UHFFFAOYSA-N,
9623,NBNFIVJYTQXPKX-UHFFFAOYSA-N,
9624,AYVVUVAHRPZBNI-WMZOPIPTSA-N,
9625,QKZHOOPQJHWTJK-MYIDFECTSA-N,
9626,FXGDGJHXORIHQL-LSFURLLWSA-N,
9627,HPBNORJXKSVFLB-CIGUBIAISA-N,
9628,ZKEJUNBGGJXXPG-GOTSBHOMSA-N,
9629,LHCPRYRLDOSKHK-UHFFFAOYSA-N,
9630,KAHCKNUEZSETEP-UHFFFAOYSA-N,
9631,KFQUAMTWOJHPEJ-DAGMQNCNSA-N,
9632,XGINZAJGXIYMNE-BHBWVORQSA-N,
9633,BRJIMOKBZQJXKQ-LBACSGLVSA-N,
9634,JGXKIHSISJOKFQ-RVXWVPLUSA-N,
9635,UIXQOOYFJNBIRJ-RVXWVPLUSA-N,
9636,CWZXGWDPIONLOK-KWDXPJCYSA-N,
9637,HXMXDFZSETVJKW-UHEGPQQHSA-N,
9638,QINOCVZOJIQRPR-DWIMDKOCSA-N,
9639,KNWOZIVFPVMGIA-SCFUHWHPSA-N,
9640,PPAINDMAUCFONT-SDBHATRESA-N,
9641,OOHXAEQLLFPSEQ-DMEFTLKTSA-N,
9642,RWNCLLIABLIXAV-QUIOSVDYSA-N,
9643,AYPFUNSEPQTACK-UHIRCJBMSA-N,
9644,ULKWQMAYOHHZRF-UHFFFAOYSA-N,
9645,GPAHHGALBMIQQX-UHFFFAOYSA-N,
9646,PVNIIMVLHYAWGP-UHFFFAOYSA-N,http://coconutKG.aksw.org/data/molecule/795623
9647,YCOXCRKOOMUTKZ-UHFFFAOYSA-N,
9648,DDUQTZUTWIALCD-VXLYETTFSA-N,
9649,LZXQNYHHMYZFKC-UHFFFAOYSA-N,
9650,UDOXTWGXPFOKBV-UHFFFAOYSA-N,
9651,DBEGURASFTYNAP-UHFFFAOYSA-N,
9652,NAGALMYCBGTXKX-RVXWVPLUSA-N,
9653,LGUAMNJLPVYWFD-BGIGGGFGSA-N,
9654,LKWBUUIFYJICJO-RVXWVPLUSA-N,
9655,KJZKCPGMIUMAQJ-IWCJZZDYSA-N,
9656,PWAKJBXCFIASPO-QJPTWQEYSA-N,
9657,KSBHOFYLZCXOFM-KEDXZAOYSA-N,
9658,YCIYSWHBQFHKRW-SRZZPIQSSA-N,
9659,IGZFWIAREXANMY-KYXWUPHJSA-N,
9660,CXIIICSGGNJEQP-QQRDMOCMSA-N,
9661,YIVRKBAMRSMVOY-BGZDPUMWSA-N,
9662,GDSPRJCKNWNQTH-ZQARSLAVSA-N,
9663,LCMIKDKRBPDANA-UHFFFAOYSA-N,
9664,HPFXVMIBIBPAET-UHFFFAOYSA-N,
9665,UIMMCPVPLAXXGE-UHFFFAOYSA-N,
9666,AKKJJYNMDWSBJB-UHFFFAOYSA-N,
9667,XQZLSXWTKMGYIL-UHFFFAOYSA-N,
9668,CJGZZSQHWBXXFO-UHFFFAOYSA-N,
9669,WSEXANHWZAXKHZ-UHFFFAOYSA-N,
9670,XHKZMIQRFJKGJO-UHFFFAOYSA-N,
9671,VOLCDCJYXBHEGS-GOSISDBHSA-N,
9672,VZIIXAYDYHZYDM-WZONZLPQSA-N,
9673,KQQGEPZSLYMZAR-KRWDZBQOSA-N,
9674,OPJATRBUYSDTIX-UHFFFAOYSA-N,
9675,JCELRMUKKZRRDG-UHFFFAOYSA-N,
9676,XVOSYPWXSZUGIE-RTIZFMKRSA-N,
9677,JHWPKWSWTSDZLG-XNTDXEJSSA-N,
9678,VQUVMECFUGVQQB-UHFFFAOYSA-N,
9679,UHNFMINKFGBNHQ-LFIBNONCSA-N,http://coconutKG.aksw.org/data/molecule/1000000
9680,TVZGOIYYBHETMX-UHFFFAOYSA-N,
9681,HVNDUQCMEFPXBB-UHFFFAOYSA-N,
9682,SJAFBJKSOYEVCL-UHFFFAOYSA-N,
9683,FFQQEJWYDJNJQM-UHFFFAOYSA-N,
9684,WZMYLPAUUZGUBC-UHFFFAOYSA-N,
9685,TYPIDMNIIKGHGI-UHFFFAOYSA-N,
9686,TYZUIXKNWRCPMD-UHFFFAOYSA-N,
9687,GEGHYPJCEYLTLJ-UHFFFAOYSA-N,
9688,ZXZPBJBIPDTWKA-UHFFFAOYSA-N,
9689,LFEGNVOTFFCUFO-UHFFFAOYSA-N,
9690,VDHKOZYGVIDXKG-UHFFFAOYSA-N,
9691,RPCIBMVPOAXGHZ-UHFFFAOYSA-N,
9692,AVEKZKBPUKFDIW-UHFFFAOYSA-N,
9693,NAKFJLGGGRXWPQ-UHFFFAOYSA-N,
9694,FEUNZBRIYWDLLB-UHFFFAOYSA-N,
9695,XQRFMHUINFMIFO-UHFFFAOYSA-N,
9696,GTXVORXEEONZRB-UHFFFAOYSA-N,
9697,OAMGBJDNJXZFDY-UHFFFAOYSA-N,
9698,PIFOXFMXJMLZCJ-UHFFFAOYSA-N,
9699,WLBJBAVVSZPNAN-UHFFFAOYSA-N,
9700,FFQHOZPQWAGITN-UHFFFAOYSA-N,
9701,REINGBIPBAXWTB-UHFFFAOYSA-N,
9702,ZKBINHYIUJRQDY-UHFFFAOYSA-N,
9703,LHSRFQGHPVAUCG-UHFFFAOYSA-N,
9704,OWDSDXXMNTYYLP-UHFFFAOYSA-N,
9705,HXPTZHQTKSTIMK-OQYWAUBWSA-N,
9706,FOAIGCPESMNWQP-TXVCAPCZSA-N,
9707,IFIZBXFSHAYUDZ-HYEGHXRKSA-N,
9708,FJAYLKULSKOOOR-OAIPQVMDSA-N,
9709,VFWAFTMRPGEOJA-UHFFFAOYSA-N,
9710,QYEAFWVTYABBBV-UHFFFAOYSA-N,
9711,YSEUJPGWRXPFLR-KCBDQBBZSA-N,
9712,ZALGFXBCDJIIBL-CKMVWSRUSA-N,
9713,KQJXRZCKLTWSPW-UHFFFAOYSA-N,
9714,CITLMJXMYRMRSN-KPKJPENVSA-N,http://coconutKG.aksw.org/data/molecule/1000000
9715,ZZDYCICUFXYNRP-IZZDOVSWSA-N,http://coconutKG.aksw.org/data/molecule/1000000
9716,WTXHOSMFJHGTCI-SRZZPIQSSA-N,
9717,XYVUUBRJIVRKOR-DJKKODMXSA-N,
9718,WBEZSFOTIHPSFT-UHFFFAOYSA-N,
9719,KUETXCHGKVOJOE-UHFFFAOYSA-N,
9720,RJANLDIERXIQOX-CXUHLZMHSA-N,
9721,QSUGNJQBUXYDSK-UHFFFAOYSA-N,
9722,XGWWBWLRJVNDET-UHFFFAOYSA-N,
9723,XPOZHHDVPKRZRP-UHFFFAOYSA-N,
9724,FAPFPPRLKSJQDF-UHFFFAOYSA-N,
9725,OGRNSIRVNOEMNR-UHFFFAOYSA-N,
9726,YDJSTNHITFCDPC-UHFFFAOYSA-N,
9727,RPXOFIDRDUYBIR-UHFFFAOYSA-N,
9728,HPLIXGDKAZFGPZ-UHFFFAOYSA-N,
9729,FTPYQSDPKLOYFZ-UHFFFAOYSA-N,
9730,DQQPUGDSPQQOSF-UHFFFAOYSA-N,
9731,ASUTZQLVASHGKV-JDFRZJQESA-N,
9732,DONUVZIVKLIMJU-UHFFFAOYSA-N,
9733,RXMFBQPARXJPMH-UHFFFAOYSA-N,
9734,SOIPNVXTUQEWGL-UHFFFAOYSA-N,
9735,VUPGWBFCWDWLEN-UHFFFAOYSA-N,
9736,QDBWFZOEUBTXIK-UHFFFAOYSA-N,
9737,YONCNJBAGJTNRI-UHFFFAOYSA-N,
9738,YYIPWBHRVSTYMN-UHFFFAOYSA-N,
9739,JZHFRJPOTOSRLR-UHFFFAOYSA-N,
9740,NQUCRBBKCZQARP-UHFFFAOYSA-N,
9741,KHPPDCPVYDDAAE-UHFFFAOYSA-N,
9742,LVQMJEGRQKFDFF-UHFFFAOYSA-N,
9743,KQSJQJNXYXDHPK-YEFHWUCQSA-N,
9744,WFPAWRJOWKFVJU-UHFFFAOYSA-N,
9745,GKCVDJHMEBPGDU-UHFFFAOYSA-N,
9746,JDYIMGZASXCCTO-UHFFFAOYSA-N,
9747,GJRZCFOMLZOBHT-UHFFFAOYSA-N,
9748,MBHXUUGEWJXIFG-UHFFFAOYSA-N,
9749,INGVILAVYNKSSU-FBITUKKMSA-N,
9750,BHJRNQHHESSIHC-IAQBJXCMSA-N,
9751,VGQCAAHWKNJCGN-UHFFFAOYSA-M,
9752,VDULOAUXSMYUMG-UHFFFAOYSA-N,
9753,WTDXGGDDWBXPPH-UDWIEESQSA-N,
9754,TUAVRCZJGBDDEZ-SRZZPIQSSA-N,
9755,CDZJNEXKJVCKMN-DKTXOJPGSA-N,
9756,LCFLBZOLBBSRGD-UHFFFAOYSA-N,
9757,AVJNXTQTTUKRTO-UHFFFAOYSA-N,
9758,YJMOUQWVLIGKPC-LICLKQGHSA-N,
9759,MWTZXGWGOMKMHV-UHFFFAOYSA-N,
9760,IRMUPJUUMFSIHZ-UHFFFAOYSA-N,
9761,NBENLMYEFZJIAJ-UHFFFAOYSA-N,
9762,ZDRKWFOPEONBOM-UHFFFAOYSA-N,
9763,BRDWIEOJOWJCLU-UGKPPGOTSA-N,
9764,LPNWONUSPYMVNJ-UHFFFAOYSA-N,
9765,GUTBPDZLMUFDBI-FWEHEUNISA-N,
9766,PLNWCPKDDIKITN-GDTNESJVSA-N,
9767,IRHPCJOGNMKBHW-UHFFFAOYSA-N,
9768,MRBSMYAOELTSKO-UHFFFAOYSA-N,
9769,KYLIZBIRMBGUOP-UHFFFAOYSA-N,http://coconutKG.aksw.org/data/molecule/4600
9770,DFRUPTYVDWAJGF-MBMZGMDYSA-N,
9771,KRZBRLYCDLKORH-UHFFFAOYSA-N,
9772,OYMSCULTFIEDPU-UHFFFAOYSA-N,
9773,BIOJTPQZBSVTLX-UHFFFAOYSA-N,
9774,ULPHCDZBPZWWDX-UHFFFAOYSA-N,
9775,USOXCGKYXJHTSU-UHFFFAOYSA-N,
9776,BLPWNJHBODLFJI-UHFFFAOYSA-N,
9777,YRAWQFNUQPQDMD-UHFFFAOYSA-N,
9778,KSEBMYQBYZTDHS-HWKANZROSA-M,
9779,CVHRYLANZQEBRT-UHFFFAOYSA-N,
9780,DWNKMIMOIDFSEQ-DHRITJCHSA-N,
9781,NJTSVVKZKCZAGW-UHFFFAOYSA-N,
9782,YSVTZFVEHXCSIT-UHFFFAOYSA-N,
9783,GVFJLNYJLXOQFE-UHFFFAOYSA-N,
9784,ARSOIVQTJWWJFD-UHFFFAOYSA-N,
9785,XXINMMZAQZHIDC-UHFFFAOYSA-N,
9786,SAUXUZMFIXOULV-ZDUSSCGKSA-N,
9787,SAUXUZMFIXOULV-UHFFFAOYSA-N,
9788,IPSCEEDMLVAPAA-UHFFFAOYSA-N,
9789,PAYUNELULSPXRL-CQSZACIVSA-N,
9790,DOBVUNYQLACHMP-XUTVFYLZSA-N,
9791,HEPQEIUQEJXQGS-UHFFFAOYSA-N,
9792,RLONPUUONJUMIF-UHFFFAOYSA-N,
9793,RBHYEKSUYYNXDO-UHFFFAOYSA-N,
9794,WXMRQGWWIKCAIP-UHFFFAOYSA-N,
9795,OVQJOCKKOYUVQL-UHFFFAOYSA-N,
9796,SINMAKPZEXJEDA-UHFFFAOYSA-N,
9797,MCGVWBMTTYGPCJ-UHFFFAOYSA-N,
9798,APJHEVLVYQBAGA-UHFFFAOYSA-N,
9799,AAUONAJWYBPJMP-YKDZMGBSSA-N,
9800,ICBVFHWIMJOYQL-AKVJDAKUSA-N,
9801,QCWXCHQSHZQSOW-DRRZJSKLSA-N,
9802,RHZPKEOBYPPXLK-UHFFFAOYSA-N,
9803,LKDILUBAHONBOL-UHFFFAOYSA-N,
9804,DBWHHGOALLVRRI-UHFFFAOYSA-N,
9805,XGORMZSWQUUAPX-UHFFFAOYSA-N,
9806,TUKKJSRANBGSJG-UHFFFAOYSA-N,
9807,KTVWXYGBCPXDAK-UHFFFAOYSA-N,
9808,FMDLPDFIOAPYRM-UHFFFAOYSA-N,
9809,KFUWKSHUCGFELE-UHFFFAOYSA-N,
9810,NFDVTGUSFQPMAG-XHCCPWGMSA-N,
9811,WXVHRCWBSHZTGH-IQMFZBJNSA-N,
9812,UAZNXOYVBZODMC-LFIBNONCSA-N,
9813,YVVOYXYCSQRNAG-UHFFFAOYSA-N,
9814,CGBGHBMGEUZVIL-UHFFFAOYSA-N,
9815,NNSMMMFECCEHJD-UHFFFAOYSA-N,
9816,WAQDZMWJSWTBPF-UHFFFAOYSA-N,
9817,LVDCGGJQSCVQAI-UHFFFAOYSA-N,
9818,FIBATSPGNRZQTN-UHFFFAOYSA-N,
9819,ZAMWQRXWQPMJRF-UHFFFAOYSA-N,
9820,PEGXFRSXPAWKOT-UHFFFAOYSA-N,
9821,GTFIIYIWUOLDQE-UHFFFAOYSA-N,
9822,PYWUHVFNCZWKQP-UHFFFAOYSA-N,
9823,QEKKUMYQEIMOMH-UHFFFAOYSA-N,
9824,HABRWAVJEPODHJ-UHFFFAOYSA-N,
9825,IZRIJYLRLHDBEO-UHFFFAOYSA-N,
9826,GTJJCBWDEUUBLP-UHFFFAOYSA-N,
9827,VAALZNYMCCHCKE-UHFFFAOYSA-N,
9828,VSSRMWVDISOANM-UHFFFAOYSA-N,
9829,KYBPKGKTADBLNF-UHFFFAOYSA-N,
9830,XPBIICJUTJFRKE-MMOYSQFZSA-N,
9831,FGOFOHMLFVQUSI-WUXMJOGZSA-N,
9832,NUPPEJTYKUPHRQ-YSURURNPSA-N,
9833,IGFLEUISFBZPSV-NQXIYIGCSA-N,
9834,MRVMRPHKKTWMIH-UHFFFAOYSA-N,
9835,BLFLEERSNYLFJU-VIPNTURPSA-N,
9836,HKSIHVWLLWFLMZ-UHFFFAOYSA-N,
9837,BJBHOCNQOKLCLS-XIDOUCRZSA-N,
9838,CFPQNYHIHZHFQG-UJLQFKOBSA-N,
9839,IQAQPICKJTXVMO-UHFFFAOYSA-N,
9840,YIXWRNWSMWUHHN-UHFFFAOYSA-N,
9841,KGIDJRMJURSOAR-UHFFFAOYSA-N,
9842,WCANOBYZTIULHW-UHFFFAOYSA-N,
9843,DXEITTMYVOQYTN-UHFFFAOYSA-N,
9844,UONDIZPLQJFGNW-UHFFFAOYSA-N,
9845,JPFWKRXODINNMU-UHFFFAOYSA-N,
9846,DAWVEGMCMLEXJM-UHFFFAOYSA-N,
9847,FVVUQHRVZVIFAO-UHFFFAOYSA-N,
9848,QMUMDHKNHRCLOG-GIHPTVFISA-N,
9849,NUCGDAFGCCIOTC-UHFFFAOYSA-N,
9850,RMHJWRKATYFMNF-UHFFFAOYSA-N,
9851,SIISFRLGYDVIRG-UHFFFAOYSA-N,
9852,WBAUPCBZYZPHAH-UHFFFAOYSA-N,
9853,PMVKBAUTNAANHQ-WEVVVXLNSA-N,
9854,PQERMSYQWMTVPM-FQZHYLABSA-N,
9855,OCSYPEFFYJKINK-MXYCIJPUSA-N,
9856,DTQZRYBYVUIUBR-UHFFFAOYSA-N,
9857,PWEXOXJEHIIXED-UHFFFAOYSA-N,
9858,GKCKCTFVQODELO-UHFFFAOYSA-N,
9859,QFRGDYASLUVPGT-UHFFFAOYSA-N,
9860,ACYUTKYQUOISDM-UHFFFAOYSA-N,
9861,GWXCLEZJLOCLRN-UHFFFAOYSA-N,
9862,HOUKBTDUTSVLGG-UHFFFAOYSA-N,
9863,UWYWRODKRCSBIO-UHFFFAOYSA-N,
9864,QZWUGGVCZLLCCO-UHFFFAOYSA-N,
9865,LHOMNSYJUDNXGF-UHFFFAOYSA-N,
9866,IGEKUXSQGCKKAV-UHFFFAOYSA-N,
9867,GUOUCPVEPNQYKR-UHFFFAOYSA-N,
9868,POGHSLHSUDJPOH-UHFFFAOYSA-N,
9869,WOWYHFRLDFVULH-CMSFVGQCSA-N,
9870,HTYNXVHXABGAIZ-PVYFLZRGSA-N,
9871,RTPCHTMOKOLZBA-RGVLZGJSSA-N,
9872,CJQXFZHQQLHZGZ-NQUFBGNASA-N,
9873,XDEXSXZCSZRPSC-XDHOZWIPSA-N,
9874,YCQPCTLCBRKPNZ-UHFFFAOYSA-N,
9875,FPBBXZKCMRGUHI-UHFFFAOYSA-N,
9876,FIXDBXBISVBYRL-UHFFFAOYSA-N,
9877,CXSNXMDLPPMGBM-UHFFFAOYSA-N,
9878,GQAVOEMZJGVZOH-UHFFFAOYSA-N,
9879,JQMJVSBFIQFRMM-UHFFFAOYSA-N,
9880,RGFNQQWVTBKVIY-UHFFFAOYSA-N,
9881,INLPZFICJCUUOT-ZTPFDXHGSA-N,
9882,AFYLLZVESCIINV-VIZOYTHASA-N,
9883,KLBCCPQVHLBFLG-NJCQIAOXSA-N,
9884,ZUGRHEFBSNLHNP-PPTAUHKUSA-N,
9885,QPBWABSNFUJGCW-KIGCCDCASA-N,
9886,DVCBBGWACDEUAQ-VSWRARFASA-N,
9887,CCUWJXPNJJEFOK-MXYCIJPUSA-N,
9888,KCNFXNUTOAKGMP-UHFFFAOYSA-N,
9889,HQGJZMMVVFODKI-UHFFFAOYSA-N,
9890,MWMSJBVOFOOYBV-UHFFFAOYSA-N,
9891,XQQHAVSEAQOQJU-UHFFFAOYSA-N,
9892,VMIDYCQFMHBSBT-SEMHJIMDSA-O,
9893,KGXNHYXXNMLIDD-YBFXNURJSA-N,
9894,DAHPDNIVRXKQIA-UHFFFAOYSA-N,
9895,JRPFMVYQAJMUMM-UHFFFAOYSA-N,
9896,MXERBADZPIUNDI-UCFFOFKASA-N,
9897,JOHZKRYQXFLKSJ-TZKBOOPOSA-N,
9898,VDCSFJRIBUVROU-UHFFFAOYSA-N,
9899,ACUYKKJIZBQIFA-UHFFFAOYSA-N,
9900,USTYJHOKUSMVDB-UHFFFAOYSA-N,
9901,YKMFLLPOULQERG-YANBTOMASA-N,
9902,YCQJZMBVRVIPPM-XADRRFQNSA-N,
9903,JJCDOCJRHZYNHF-XDIGFQIYSA-N,
9904,XNKQJRFLVQQAJK-OOAXWGSJSA-N,
9905,HKSYCPCOQIFNRR-VIZOYTHASA-N,
9906,ADWKFDSJTHMLDF-QOMWVZHYSA-N,
9907,QOJRQJIIYPSNEM-UHFFFAOYSA-N,
9908,TYEQUCLSOGQIDM-FQZHYLABSA-N,
9909,NJQCJWIWPUOWGU-UHFFFAOYSA-N,
9910,XQMDOUSJSXRWSY-UHFFFAOYSA-N,
9911,QKUFRJKFILFZPE-JHLXLBAGSA-N,
9912,ABWOLRLIZQMBCY-UDWIEESQSA-N,
9913,UBSRLEJBEAGLFU-ALLRNTDFSA-N,
9914,GKJAPKAEXZFKRB-UHFFFAOYSA-N,
9915,IOKVDNTUENMUDB-UHFFFAOYSA-N,
9916,ZJISHFVXIWDDCM-UHFFFAOYSA-N,
9917,MLHDOSZPHYIILA-UHFFFAOYSA-N,
9918,WYVZWXOQVOQZAQ-QPJJXVBHSA-N,
9919,DWYPLJOPBULLQQ-DEDYPNTBSA-N,
9920,MQPMCEHCDILZRV-UHFFFAOYSA-N,
9921,WIXOYXNGUMFPDI-HIFRSBDPSA-N,
9922,VDQNNILVWILTFD-WBVHZDCISA-N,
9923,XSMOKDUSXPQXKC-BEFAXECRSA-N,
9924,BSHAMBOXMASBCY-YBFXNURJSA-N,
9925,OTHLTHFQFKZOCU-DHUSVAKKSA-N,
9926,SWNIMVHAICNFPQ-UHFFFAOYSA-N,
9927,FAIBQDZFXASBDT-UHFFFAOYSA-N,
9928,INGKNKFXHUIQFS-UHFFFAOYSA-N,
9929,FTWYZLGESBRFLT-UHFFFAOYSA-N,
9930,DTUKWECNWKVBAA-UHFFFAOYSA-N,
9931,OHPHDTVMEYVQCA-ONNFQVAWSA-N,
9932,NLRJTBQMWKONLN-OPEKNORGSA-N,
9933,RUORKSXAKRTEAC-UHFFFAOYSA-N,
9934,WRDUHZCGEFHJJL-KRLHNBHHSA-N,
9935,UQYCJAKXBCQGOE-FSRBWUQHSA-N,
9936,HDCAYJCHHGNCQX-WUXMJOGZSA-N,http://coconutKG.aksw.org/data/molecule/1000000
9937,HNZUPNRVGLVWOW-XLIONFOSSA-N,
9938,VLJCQYIXITYDEO-RVZIWHLTSA-N,
9939,SBXBCWAQEDVYIM-UHFFFAOYSA-N,
9940,DRGHWLNJVCQNKW-VCHYOVAHSA-N,
9941,CHVUSBGHHIAJPW-MHWRWJLKSA-N,
9942,HZWXWYDRPJXTBK-UHFFFAOYSA-N,
9943,BOINZMAXISLBSM-UHFFFAOYSA-N,
9944,GWAAZPPFQOCOPI-BRJLIKDPSA-N,
9945,HPJFGWHZBQZHSE-YJYMSZOUSA-N,
9946,RKPUMJUDSPJWAF-BEFAXECRSA-N,
9947,RRYQUWLALOJQIE-UHFFFAOYSA-N,
9948,KKDZTXXXDSNSJS-UZLBHIALSA-N,
9949,DYXCFFNFJAIVJL-HSTJUUNISA-N,
9950,CDXHVCYNZSREQV-ZZHFZYNASA-N,
9951,CSVMNDIXVFJHOD-WBVHZDCISA-N,
9952,DUESHUNZYGVHHL-AMBVBPHHSA-N,
9953,DBCZYIIWTMKMSV-UHFFFAOYSA-N,
9954,FWWRTYBQQDXLDD-UHFFFAOYSA-N,http://coconutKG.aksw.org/data/molecule/93053
9955,WQFOJBRZASIIRZ-ISCFFCANSA-N,
9956,GRCRDCYUIFGUJF-DNTWBNFNSA-N,
9957,RTLYSADFDDWWQA-FPSALIRRSA-N,
9958,GXJJQNMWWHVGOT-PVYFLZRGSA-N,
9959,MDKMFWDTLWAADX-LKZVIGDNSA-N,
9960,QKUFRJKFILFZPE-ISCFFCANSA-N,
9961,RIPHUKOTUQYFFU-OVCLIPMQSA-N,
9962,SVWZCNIUPHAHCR-JXMROGBWSA-N,
9963,SGIRPTCKSPUXQZ-UHFFFAOYSA-N,
9964,HCMKABBHVBNSJQ-UHFFFAOYSA-N,
9965,VPVHSXSCCCAFBR-VIZOYTHASA-N,
9966,SBKALLGFHFRENE-BXXZMZEQSA-N,
9967,STVQCJLSMDNZPZ-AMVUTOCUSA-N,
9968,ZHVKHBXLJAHMBY-GIDUJCDVSA-N,
9969,OEEZNEZNLQHBQH-CFNPILNSSA-N,
9970,QHCPPFYZKSXXRG-HIFRSBDPSA-N,
9971,FOYDQVJORQSTRS-QRWLVFNGSA-N,
9972,AGJIZQSBRSFNFJ-ZZHFZYNASA-N,
9973,VHNJBYQAHMQJDB-CHQVSRGASA-N,
9974,DFFZLSLVMLBPOY-URDYEQAASA-N,
9975,YWRLQMUSONFVRY-VGOFMYFVSA-N,
9976,JNIXBNOQCWSQDC-UHFFFAOYSA-N,
9977,LYLVOYFHKFSZQJ-UHFFFAOYSA-N,
9978,ATBGDNKSASMXGI-UHFFFAOYSA-N,
9979,BTBCZKFQUBJLSM-MUIHRTSISA-N,
