model,fold-1_MAP@5,fold-1_nDCG@5,fold-2_MAP@5,fold-2_nDCG@5,MAP@5_mean,MAP@5_std,nDCG@5_mean,nDCG@5_std
Node2Vec based model + cosine similarity;q=1.0;p=1.0;embedding_size=64,0.6976875864453664,0.6346786087413445,0.7265992392807745,0.6661317910645209,0.7121434128630705,0.014455826417704043,0.6504051999029328,0.0157265911615882
Node2Vec based model + cosine similarity;q=0.6;p=0.8;embedding_size=64,0.703829529737206,0.6472251175425341,0.722865663900415,0.660616014864714,0.7133475968188105,0.009518067081604464,0.653920566203624,0.006695448661089953
