model,fold-1_MAP@5,fold-1_nDCG@5,fold-2_MAP@5,fold-2_nDCG@5,MAP@5_mean,MAP@5_std,nDCG@5_mean,nDCG@5_std
Node2Vec based model + cosine similarity;q=1.0;p=1.0;embedding_size=64,0.7006483402489627,0.639937728902642,0.7106621715076072,0.6519636307302465,0.7056552558782849,0.005006915629322262,0.6459506798164443,0.006012950913802273
Node2Vec based model + cosine similarity;q=0.6;p=0.8;embedding_size=64,0.6943127593360996,0.6257094448953087,0.6919847856154909,0.6252747526262752,0.6931487724757952,0.0011639868603043335,0.6254920987607919,0.00021734613451673823
