model,fold-1_MAP@5,fold-1_nDCG@5,fold-2_MAP@5,fold-2_nDCG@5,MAP@5_mean,MAP@5_std,nDCG@5_mean,nDCG@5_std
TransE based model + cosine similarity;embedding_dim=150;epochs=5;seed=42;triples=ratings,0.000135486703626522,0.00025573285666626516,0.00018119503532156386,0.00029464132676300825,0.00015834086947404293,2.2854165847520933e-05,0.00027518709171463673,1.9454235048371548e-05
