model,fold-1_MAP@5,fold-1_nDCG@5,fold-2_MAP@5,fold-2_nDCG@5,MAP@5_mean,MAP@5_std,nDCG@5_mean,nDCG@5_std
Node2Vec based model + cosine similarity;q=1.0;p=1.0;embedding_size=64,0.02124115322612354,0.03480851469412854,0.023272050310838493,0.036521190079958486,0.022256601768481016,0.001015448542357477,0.03566485238704351,0.0008563376929149741
