,fold-1_MAP@5,fold-1_nDCG@5,fold-2_MAP@5,fold-2_nDCG@5,MAP@5_mean,MAP@5_std,nDCG@5_mean,nDCG@5_std,model
Node2Vec based model + cosine similarity;q=1.0;p=1.0;embedding_size=64,0.21735916756368856,0.1752989896798817,0.21986484870230835,0.18258610209208642,0.21861200813299847,0.001252840569309896,0.17894254588598407,0.0036435562061023635,Node2Vec based model + cosine similarity;q=1.0;p=1.0;embedding_size=64
Node2Vec based model + cosine similarity;q=0.6;p=0.8;embedding_size=64,0.20609795479009688,0.1693889697770154,0.22252840569309892,0.18767321081316146,0.2143131802415979,0.008215225451501024,0.17853109029508843,0.009142120518073032,Node2Vec based model + cosine similarity;q=0.6;p=0.8;embedding_size=64
