,fold-1_MAP@5,fold-1_nDCG@5,fold-2_MAP@5,fold-2_nDCG@5,MAP@5_mean,MAP@5_std,nDCG@5_mean,nDCG@5_std,model
Node2Vec based model + cosine similarity;q=1.0;p=1.0;embedding_size=64,0.20311906042675273,0.1600232845065004,0.20183629509962303,0.1663234608226964,0.20247767776318787,0.0006413826635648517,0.16317337266459842,0.0031500881580979884,Node2Vec based model + cosine similarity;q=1.0;p=1.0;embedding_size=64
Node2Vec based model + cosine similarity;q=0.6;p=0.8;embedding_size=64,0.19808857808857808,0.16295033302278059,0.2002441213426674,0.160643994252724,0.19916634971562275,0.0010777716270446575,0.1617971636377523,0.0011531693850282965,Node2Vec based model + cosine similarity;q=0.6;p=0.8;embedding_size=64
