model,fold-1_MAP@5,fold-1_nDCG@5,fold-2_MAP@5,fold-2_nDCG@5,MAP@5_mean,MAP@5_std,nDCG@5_mean,nDCG@5_std
Node2Vec based model + cosine similarity;q=1.0;p=1.0;embedding_size=64,0.21839250493096649,0.1771163629911136,0.2078632938643703,0.17274914807207017,0.2131278993976684,0.005264605533298092,0.17493275553159188,0.0021836074595217164
