model,fold-1_MAP@10,fold-1_nDCG@10,fold-2_MAP@10,fold-2_nDCG@10,fold-3_MAP@10,fold-3_nDCG@10,fold-4_MAP@10,fold-4_nDCG@10,fold-5_MAP@10,fold-5_nDCG@10,MAP@10_mean,MAP@10_std,nDCG@10_mean,nDCG@10_std
Node2Vec based model + cosine similarity;q=1.0;p=1.0;embedding_size=64,0.17025902880941443,0.032643644441733045,0.16872183292519147,0.03190612244824651,0.17056648024351748,0.03170823997192227,0.16929112718714617,0.03142879905515761,0.16603375687866126,0.03015363906646666,0.16897444520878618,0.0016122331639678393,0.031568088996705226,0.0008137319851784632
Node2Vec based model + cosine similarity;q=0.6;p=0.8;embedding_size=64,0.17354071561367954,0.03262603695673497,0.17062846391447167,0.032461833051012134,0.16832810165352394,0.03192955383250659,0.1678385490406219,0.03116794223230443,0.16674640245957983,0.03071109375970648,0.1694164465363754,0.0024199988433873144,0.03177929196645292,0.0007375925630602161
EPHEN based model + cosine similarity;embedding_model=sentence-transformers/all-mpnet-base-v2;embedding_model_kwargs=None;embed_with=abstract;iterations=30;mi=0.5.,2.6816433920259057e-05,5.113017266255504e-06,1.5460208234950185e-05,1.894531888551253e-05,1.3950774340034273e-05,1.2649261283141065e-05,3.460588025116123e-05,2.3594791071280674e-05,3.117674806098203e-05,1.9195712193028705e-05,2.4402008961477357e-05,8.306980587310322e-06,1.5899620139843697e-05,6.422955606047998e-06
"EPHEN based model + cosine similarity;embedding_model=deepwalk_based;embedding_model_kwargs={'config': {'save_weights': True}, 'parameters': {'walk_len': 10, 'p': 1.0, 'q': 1.0, 'n_walks': 50, 'embedding_size': 64, 'epochs': 1}};embed_with=graph;iterations=30;mi=0.5.",0.1729512247098274,0.03257857684220857,0.1700606609961198,0.032580828589438234,0.1687358246407189,0.03182156564482426,0.1685414152430782,0.031280864477669174,0.16382030526906208,0.030287568358235338,0.16882188617176128,0.002955939169963741,0.031709880782475115,0.0008640236173929995
