model,fold-1_MAP@10,fold-1_nDCG@10,fold-2_MAP@10,fold-2_nDCG@10,fold-3_MAP@10,fold-3_nDCG@10,fold-4_MAP@10,fold-4_nDCG@10,fold-5_MAP@10,fold-5_nDCG@10,MAP@10_mean,MAP@10_std,nDCG@10_mean,nDCG@10_std
Node2Vec based model + cosine similarity;q=1.0;p=1.0;embedding_size=64,0.14120405409206568,0.027114955973893427,0.14711603395644954,0.02868608603521429,0.1488734634470004,0.02802631085848278,0.14616369758642023,0.02876376314352852,0.14606526538299963,0.02848239367092669,0.1458845028929871,0.002548245658738727,0.028214701936409143,0.0006066732931010916
Node2Vec based model + cosine similarity;q=0.6;p=0.8;embedding_size=64,0.1459443551211871,0.02781872518647967,0.15001594133192303,0.029669560488112805,0.14661250732790285,0.02710580233110798,0.14733818247656688,0.028952399411498884,0.14658344336740556,0.027807400146042004,0.14729888592499712,0.001428402018586017,0.028270777512648265,0.0009162356998637812
EPHEN based model + cosine similarity;embedding_model=sentence-transformers/all-mpnet-base-v2;embedding_model_kwargs=None;embed_with=abstract;iterations=30;mi=0.5.,0.0030552302888368467,0.0010325584098990702,3.101177224583417e-05,7.755859046314744e-06,2.432406095632163e-05,0.0,2.2724498286125487e-05,2.529852256628213e-05,2.777215588387416e-05,1.551171809262949e-05,0.0006322125552418004,0.0012115122474183476,0.00021622490192085934,0.0004082527674839789
"EPHEN based model + cosine similarity;embedding_model=deepwalk_based;embedding_model_kwargs={'config': {'save_weights': True}, 'parameters': {'walk_len': 10, 'p': 1.0, 'q': 1.0, 'n_walks': 50, 'embedding_size': 64, 'epochs': 1}};embed_with=graph;iterations=30;mi=0.5.",0.1522461842980669,0.02877367393588693,0.144022224643716,0.028410645536377066,0.1414965612358547,0.026082421283670772,0.14205069200860912,0.027774616164700883,0.14383570775647728,0.02781463786734348,0.1447302739885448,0.00388400690404009,0.027771198957595826,0.0009238740885366318
