model,fold-1_MAP@10,fold-1_nDCG@10,fold-2_MAP@10,fold-2_nDCG@10,fold-3_MAP@10,fold-3_nDCG@10,fold-4_MAP@10,fold-4_nDCG@10,fold-5_MAP@10,fold-5_nDCG@10,MAP@10_mean,MAP@10_std,nDCG@10_mean,nDCG@10_std
"CKE;epoch=1000;kge_size=64;embed_size=64;regs=[1e-05, 1e-05, 0.01];lr=0.0001",1.1384335154826958e-06,0.0,6.143926908954231e-07,0.0,1.1141389025420599e-05,0.0,7.381747477375893e-06,0.0,3.9306408209464276e-06,4.592739135229525e-06,4.841320706024208e-06,3.963641276748053e-06,9.18547827045905e-07,1.83709565409181e-06
