model,fold-1_MAP@10,fold-1_nDCG@10,fold-2_MAP@10,fold-2_nDCG@10,fold-3_MAP@10,fold-3_nDCG@10,fold-4_MAP@10,fold-4_nDCG@10,fold-5_MAP@10,fold-5_nDCG@10,MAP@10_mean,MAP@10_std,nDCG@10_mean,nDCG@10_std
Node2Vec based model + cosine similarity;q=1.0;p=1.0;embedding_size=64,0.17083025707537655,0.03215657538885898,0.17134727720938006,0.030946266445329742,0.16433674212360552,0.029590836659647353,0.16680785575551776,0.031622036763595006,0.16642260403040587,0.031041531556585768,0.16794894723885714,0.0027029773258598656,0.03107144936280337,0.000859002304192111
Node2Vec based model + cosine similarity;q=0.6;p=0.8;embedding_size=64,0.17115613125900364,0.032309824846497553,0.16948741137007772,0.030554758248870183,0.1709977654158896,0.03170872606411131,0.16948356957525867,0.03164449036711222,0.1669963801632251,0.031209597259209337,0.16962425155669095,0.0014951535346536542,0.031485479357160125,0.0005825842072400669
EPHEN based model + cosine similarity;embedding_model=sentence-transformers/all-mpnet-base-v2;embedding_model_kwargs=None;embed_with=abstract;iterations=30;mi=0.5.,0.000610103988974663,0.0005015849768987534,0.0006090639386024937,0.0006668337687029925,0.0006066405007661838,0.000491533267711287,0.0005786836255111908,0.00042183499553632097,0.0005574870776752987,0.00046927263748410843,0.000592395826305966,2.0980757492062218e-05,0.0005102119292666925,8.299424717450268e-05
"EPHEN based model + cosine similarity;embedding_model=deepwalk_based;embedding_model_kwargs={'config': {'save_weights': True}, 'parameters': {'walk_len': 10, 'p': 1.0, 'q': 1.0, 'n_walks': 50, 'embedding_size': 64, 'epochs': 1}};embed_with=graph;iterations=30;mi=0.5.",0.17401814428889648,0.032216687069323575,0.17044677812718292,0.03200342372519754,0.17030861376624493,0.03184889673147112,0.1635078084481092,0.03162175932666768,0.16751061734421707,0.03122251958302334,0.1691583923949301,0.0034998399113912123,0.03178265728713665,0.00034092513466667934
