model,fold-1_MAP@10,fold-1_nDCG@10,fold-2_MAP@10,fold-2_nDCG@10,fold-3_MAP@10,fold-3_nDCG@10,fold-4_MAP@10,fold-4_nDCG@10,fold-5_MAP@10,fold-5_nDCG@10,MAP@10_mean,MAP@10_std,nDCG@10_mean,nDCG@10_std
"BPRMF;embed_size=64;epoch=1000;regs[1e-05, 1e-05, 0.01]",9.689735706736314e-06,0.0,1.4366950652621569e-05,0.0,5.721029979150805e-06,5.413536347260867e-06,1.0621363839335912e-05,0.0,2.0519912748206618e-06,0.0,8.490214290533052e-06,4.2340471808245265e-06,1.0827072694521735e-06,2.1654145389043466e-06
