model,fold-1_MAP@10,fold-1_nDCG@10,fold-2_MAP@10,fold-2_nDCG@10,fold-3_MAP@10,fold-3_nDCG@10,fold-4_MAP@10,fold-4_nDCG@10,fold-5_MAP@10,fold-5_nDCG@10,MAP@10_mean,MAP@10_std,nDCG@10_mean,nDCG@10_std
Node2Vec based model + cosine similarity;q=1.0;p=1.0;embedding_size=64,0.16900869853908265,0.032010258422848784,0.1658332200349613,0.030921713965885233,0.1672656928674777,0.030495832120140873,0.1665764874250089,0.03149964725791988,0.16618495776698808,0.031043371599081594,0.16697381132670372,0.0011231264859561088,0.031194164673175272,0.0005184524879993196
Node2Vec based model + cosine similarity;q=0.6;p=0.8;embedding_size=64,0.1692436164948394,0.031813308343172864,0.17151732677580836,0.03231824788298153,0.16884485399065102,0.030671147212306384,0.16647798615101256,0.03134715164442502,0.16485952673058213,0.030887014030173875,0.1681886620285787,0.002307946256171258,0.03140737382261193,0.0006018147613495341
EPHEN based model + cosine similarity;embedding_model=sentence-transformers/all-mpnet-base-v2;embedding_model_kwargs=None;embed_with=abstract;iterations=30;mi=0.5.,0.0,0.0,3.084311542872563e-05,9.925833324460203e-06,3.2663203580022044e-05,9.79316211670828e-06,2.7929769695100603e-05,1.1777240332568682e-05,3.226264363938923e-05,2.1990327934220145e-05,2.4739746468647506e-05,1.2480845889750083e-05,1.069731274159146e-05,6.993477024737337e-06
"EPHEN based model + cosine similarity;embedding_model=deepwalk_based;embedding_model_kwargs={'config': {'save_weights': True}, 'parameters': {'walk_len': 10, 'p': 1.0, 'q': 1.0, 'n_walks': 50, 'embedding_size': 64, 'epochs': 1}};embed_with=graph;iterations=30;mi=0.5.",0.17071738696640512,0.03314536042535336,0.17131099217475068,0.032122248519045396,0.16849814912449007,0.031481110952346875,0.16756353249236683,0.03137392431506922,0.16522597749915366,0.030832723454990073,0.16866320765143328,0.002203701269795977,0.03179107353336098,0.000791491629978402
