model,fold-1_MAP@10,fold-1_nDCG@10,fold-2_MAP@10,fold-2_nDCG@10,fold-3_MAP@10,fold-3_nDCG@10,fold-4_MAP@10,fold-4_nDCG@10,fold-5_MAP@10,fold-5_nDCG@10,MAP@10_mean,MAP@10_std,nDCG@10_mean,nDCG@10_std
Node2Vec based model + cosine similarity;q=1.0;p=1.0;embedding_size=64,0.14864802966450322,0.02866411309066276,0.14532695176109714,0.0274264796884425,0.1458853741877447,0.027931140864373125,0.1409943191256091,0.0278992787098451,0.1405159831232466,0.02704392079800324,0.14427413157244015,0.003089218900865843,0.027792986630265342,0.0005449170336949801
Node2Vec based model + cosine similarity;q=0.6;p=0.8;embedding_size=64,0.15062449034456296,0.029162918134787077,0.1412103587839466,0.027129859485119263,0.14599337543064217,0.027854300758451408,0.14314180278199226,0.02802261204688643,0.1392708509376057,0.027081759729582124,0.14404817565574995,0.003968104456722532,0.027850290030965258,0.0007566191244716164
EPHEN based model + cosine similarity;embedding_model=sentence-transformers/all-mpnet-base-v2;embedding_model_kwargs=None;embed_with=abstract;iterations=30;mi=0.5.,9.062722437689911e-05,2.285669729109393e-05,7.626500644108416e-05,8.11071312422365e-05,9.04789325836251e-05,3.9402005836435874e-05,8.360559362380855e-05,3.813289330463468e-05,8.2718424346059e-05,6.494283870313104e-05,8.473903627429519e-05,5.3813365476269655e-06,4.928831327550641e-05,2.0872537633061517e-05
"EPHEN based model + cosine similarity;embedding_model=deepwalk_based;embedding_model_kwargs={'config': {'save_weights': True}, 'parameters': {'walk_len': 10, 'p': 1.0, 'q': 1.0, 'n_walks': 50, 'embedding_size': 64, 'epochs': 1}};embed_with=graph;iterations=30;mi=0.5.",0.14711500402484898,0.028129733295859122,0.1503607883916139,0.028792484132667703,0.1464866039980704,0.027427406919114026,0.14529449626323163,0.028348830474236524,0.14694756864705336,0.028070046363423563,0.14724089226496367,0.0016848172969222298,0.028153700237060188,0.0004429887229459004
