model,fold-1_MAP@10,fold-1_nDCG@10,fold-2_MAP@10,fold-2_nDCG@10,fold-3_MAP@10,fold-3_nDCG@10,fold-4_MAP@10,fold-4_nDCG@10,fold-5_MAP@10,fold-5_nDCG@10,MAP@10_mean,MAP@10_std,nDCG@10_mean,nDCG@10_std
"BPRMF;embed_size=64;epoch=1000;regs[1e-05, 1e-05, 0.01]",5.017540308979289e-06,7.98079530423317e-06,2.792876578547495e-06,8.432840855427375e-06,5.481346556027795e-06,7.98079530423317e-06,5.501424748540716e-06,7.6156141384330395e-06,8.025253547415051e-06,4.592739135229525e-06,5.363688347902069e-06,1.6640694516492337e-06,7.320556947511256e-06,1.3883121860805662e-06
