model,fold-1_MAP@5,fold-1_nDCG@5,fold-2_MAP@5,fold-2_nDCG@5,MAP@5_mean,MAP@5_std,nDCG@5_mean,nDCG@5_std
Node2Vec based model + cosine similarity;q=1.0;p=1.0;embedding_size=64,0.33736659245766715,0.025118395206654008,0.3483690885785603,0.026514872675928308,0.3428678405181137,0.0055012480604465785,0.025816633941291158,0.0006982387346371501
