model,fold-1_MAP@5,fold-1_nDCG@5,fold-2_MAP@5,fold-2_nDCG@5,fold-3_MAP@5,fold-3_nDCG@5,fold-4_MAP@5,fold-4_nDCG@5,fold-5_MAP@5,fold-5_nDCG@5,MAP@5_mean,MAP@5_std,nDCG@5_mean,nDCG@5_std
"Entity2Rec;embedding_model=deepwalk_based;embedding_model_kwargs={'config': {'save_weights': True}, 'parameters': {'walk_len': 10, 'p': 1.0, 'q': 1.0, 'n_walks': 50, 'embedding_size': 64, 'epochs': 1}};run_all=False;workers=32;iterations=1;collab_only=False;content_only=False",0.008308589607635206,0.01336343908887122,0.008579003181336161,0.014144473487556833,0.007553022269353129,0.011679326451523303,0.00562919759632379,0.00874604699575104,0.007963944856839872,0.012184593261743412,0.007606751502297632,0.0010468088103881643,0.012023575857089162,0.0018536488304715785
