model,fold-1_MAP@5,fold-1_nDCG@5,fold-2_MAP@5,fold-2_nDCG@5,fold-3_MAP@5,fold-3_nDCG@5,fold-4_MAP@5,fold-4_nDCG@5,fold-5_MAP@5,fold-5_nDCG@5,MAP@5_mean,MAP@5_std,nDCG@5_mean,nDCG@5_std
"Entity2Rec;embedding_model=deepwalk_based;embedding_model_kwargs={'config': {'save_weights': True}, 'parameters': {'walk_len': 10, 'p': 1.0, 'q': 1.0, 'n_walks': 50, 'embedding_size': 64, 'epochs': 1}};run_all=False;workers=32;iterations=1;collab_only=False;content_only=False",0.009271827500883704,0.013716478827020675,0.007483209614704843,0.011744302348328722,0.010876634853305056,0.017536916632190015,0.007274655355249204,0.011287936190241333,0.005927889713679745,0.010301140674257251,0.00816684340756451,0.001722801663145888,0.012917354934407599,0.0025633799618442906
