model,fold-1_MAP@10,fold-1_nDCG@10,fold-2_MAP@10,fold-2_nDCG@10,fold-3_MAP@10,fold-3_nDCG@10,fold-4_MAP@10,fold-4_nDCG@10,fold-5_MAP@10,fold-5_nDCG@10,MAP@10_mean,MAP@10_std,nDCG@10_mean,nDCG@10_std
"Entity2Rec;embedding_model=deepwalk_based;embedding_model_kwargs={'config': {'save_weights': True}, 'parameters': {'walk_len': 10, 'p': 1.0, 'q': 1.0, 'n_walks': 50, 'embedding_size': 64, 'epochs': 1}};run_all=False;workers=16;iterations=1;collab_only=False;content_only=False",0.6157725437166567,0.7087230469742196,0.5942305950734373,0.6829342494808999,0.6280453107505104,0.7190121614954423,0.6172195362411909,0.7107811123783958,0.5976050774303496,0.6905912649139692,0.610574612642429,0.012741542633310912,0.7024083670485852,0.01345027282143033
