model,fold-1_MAP@10,fold-1_nDCG@10,fold-2_MAP@10,fold-2_nDCG@10,fold-3_MAP@10,fold-3_nDCG@10,fold-4_MAP@10,fold-4_nDCG@10,fold-5_MAP@10,fold-5_nDCG@10,MAP@10_mean,MAP@10_std,nDCG@10_mean,nDCG@10_std
"Entity2Rec;embedding_model=deepwalk_based;embedding_model_kwargs={'config': {'save_weights': True}, 'parameters': {'walk_len': 10, 'p': 1.0, 'q': 1.0, 'n_walks': 50, 'embedding_size': 64, 'epochs': 1}};run_all=False;workers=16;iterations=1;collab_only=False;content_only=False",0.6054345371879735,0.6894459087531595,0.5903619127889744,0.6810320906937722,0.6074094587696766,0.6976836903638121,0.6009366509830072,0.6929898009660975,0.5911676299150366,0.679554364392532,0.5990620379289336,0.007096706432455379,0.6881411710338747,0.006936043533252045
