model,fold-1_MAP@10,fold-1_nDCG@10,fold-2_MAP@10,fold-2_nDCG@10,fold-3_MAP@10,fold-3_nDCG@10,fold-4_MAP@10,fold-4_nDCG@10,fold-5_MAP@10,fold-5_nDCG@10,MAP@10_mean,MAP@10_std,nDCG@10_mean,nDCG@10_std
"BPRMF;embed_size=64;epoch=1000;regs[1e-05, 1e-05, 0.01]",0.31491737778271744,0.3501053495719292,0.30738956604426,0.34272790847510676,0.3112028564018969,0.34648491443919344,0.30500153337614433,0.34201604171507205,0.30674701454752024,0.34473360423596966,0.3090516696305078,0.0035640360187339766,0.3452135636874542,0.002904441135471765
CFKG;n_layers=3;adj_type=si;adj_uni_type=sum;alg_typebi,0.3117615507475466,0.34539926376818225,0.3039173386764803,0.34006996147509855,0.30191643717480077,0.3398484678768586,0.29714532186491466,0.3340124173495676,0.3009355755614832,0.33986332559011845,0.3031352448050451,0.0048420664738660435,0.3398386872119651,0.0036033213190861803
