model,fold-1_MAP@10,fold-1_nDCG@10,fold-2_MAP@10,fold-2_nDCG@10,fold-3_MAP@10,fold-3_nDCG@10,fold-4_MAP@10,fold-4_nDCG@10,fold-5_MAP@10,fold-5_nDCG@10,MAP@10_mean,MAP@10_std,nDCG@10_mean,nDCG@10_std
"BPRMF;embed_size=64;epoch=1000;regs[1e-05, 1e-05, 0.01]",0.318774467126062,0.3574860859376925,0.31661335354508335,0.3556808246674918,0.31224721419515244,0.35430329689433315,0.310122953097214,0.3520441782696732,0.31035918564348286,0.35264807920309277,0.313623434721399,0.003472043374927967,0.3544324929944567,0.001989353325309335
CFKG;n_layers=3;adj_type=si;adj_uni_type=sum;alg_typebi,0.3123133860650069,0.35163596663673735,0.3099096234275176,0.35003744381237484,0.3109642980636238,0.3528499679712322,0.3071836974329843,0.3493080072973139,0.3075860903230587,0.35050060184454396,0.30959141906243826,0.001960286812221432,0.35086639751244053,0.0012471037785339906
"CKE;epoch=1000;kge_size=64;embed_size=64;regs=[1e-05, 1e-05, 0.01];lr=0.0001",0.31848647027102683,0.35697316602824447,0.3168704255993545,0.3561143845543047,0.31283117837383917,0.3545722071029441,0.3092680444411513,0.3514788603499976,0.3100345627099387,0.3522504512340009,0.31349813627906215,0.0036494016755730906,0.3542778138538984,0.002129268539944318
KGAT;n_layers=3;adj_type=si;adj_uni_type=sum;alg_typebi,0.3149720544770467,0.3542152553096254,0.3139905239412501,0.3538738770537182,0.3101350451574129,0.35257258582640927,0.3085677186244484,0.350070865970895,0.31026026744549823,0.3525319824955684,0.3115851219291313,0.002458452996248863,0.3526529133312432,0.0014573750522872428
