model,fold-1_execution_time,fold-2_execution_time,fold-3_execution_time,fold-4_execution_time,fold-5_execution_time,execution_time_mean,execution_time_std
"BPRMF;embed_size=64;epoch=1000;regs[1e-05, 1e-05, 0.01] (CPU: AMD EPYC 7502P 32-Core Processor; RAM: 94GB; GPUs: ['NVIDIA A2'])",2139.698044538498,3900.065175294876,3958.3364565372467,3970.802418231964,4074.5111849308014,3608.682655906677,736.6416064893754
CFKG;n_layers=3;adj_type=si;adj_uni_type=sum;alg_typebi (CPU: AMD EPYC 7502P 32-Core Processor; RAM: 94GB; GPUs: ['NVIDIA A2']),32159.729271650314,28236.92865562439,34180.457701444626,34826.87769269943,24815.04552769661,30843.807769823074,3791.345963211975
"CKE;epoch=1000;kge_size=64;embed_size=64;regs=[1e-05, 1e-05, 0.01];lr=0.0001 (CPU: AMD EPYC 7502P 32-Core Processor; RAM: 94GB; GPUs: ['NVIDIA A2'])",3912.439787864685,3995.3694615364075,4078.02104473114,4210.600477933884,4218.424897193909,4082.971133852005,119.5127338933353
KGAT;n_layers=3;adj_type=si;adj_uni_type=sum;alg_typebi (CPU: AMD EPYC 7502P 32-Core Processor; RAM: 94GB; GPUs: ['NVIDIA A2']),42275.996556043625,50341.04234814644,32526.105937480927,51717.514667510986,52865.89680099487,45945.31126203537,7669.083779589326
