model,fold-1_execution_time,fold-2_execution_time,fold-3_execution_time,fold-4_execution_time,fold-5_execution_time,execution_time_mean,execution_time_std
"BPRMF;embed_size=64;epoch=1000;regs[1e-05, 1e-05, 0.01] (CPU: Apple M3 Ultra; RAM: 256GB; GPUs: [])",2018.8282828330994,1821.2404880523682,1822.9304728507996,1860.103268146515,1891.2259860038757,1882.8656995773315,72.75128152495373
CFKG;n_layers=3;adj_type=si;adj_uni_type=sum;alg_typebi (CPU: Apple M3 Ultra; RAM: 256GB; GPUs: []),7789.667939901352,7928.846602201462,7969.055224180222,7972.742554187775,7937.947906255722,7919.652045345307,67.19288991916665
"CKE;epoch=1000;kge_size=64;embed_size=64;regs=[1e-05, 1e-05, 0.01];lr=0.0001 (CPU: Apple M3 Ultra; RAM: 256GB; GPUs: [])",2840.4664068222046,2636.904340982437,2070.4774448871613,2133.221244096756,2999.1938202381134,2536.0526514053345,373.1948433952432
KGAT;n_layers=3;adj_type=si;adj_uni_type=sum;alg_typebi (CPU: Apple M3 Ultra; RAM: 256GB; GPUs: []),17100.976583242416,18140.604861974716,20214.405433654785,20561.893311977386,20801.73516893387,19363.923071956633,1472.6296766944831
