model,fold-1_execution_time,fold-2_execution_time,fold-3_execution_time,fold-4_execution_time,fold-5_execution_time,execution_time_mean,execution_time_std
"BPRMF;embed_size=64;epoch=1000;regs[1e-05, 1e-05, 0.01] (CPU: Apple M3 Ultra; RAM: 256GB; GPUs: [])",5887.537431001663,6103.506092071533,6127.1579558849335,6132.7930788993835,5941.699480056763,6038.538807582855,103.0895147395205
CFKG;n_layers=3;adj_type=si;adj_uni_type=sum;alg_typebi (CPU: Apple M3 Ultra; RAM: 256GB; GPUs: []),22672.185722112656,23259.268717050552,23254.589288949966,23210.31163096428,22528.115504026413,22984.894172620774,317.8877802089713
"CKE;epoch=1000;kge_size=64;embed_size=64;regs=[1e-05, 1e-05, 0.01];lr=0.0001 (CPU: Apple M3 Ultra; RAM: 256GB; GPUs: [])",8085.393295764923,8218.686845302582,8305.577361106873,8329.916360139847,8149.088534116745,8217.732479286195,92.22636055214554
KGAT;n_layers=3;adj_type=si;adj_uni_type=sum;alg_typebi (CPU: Apple M3 Ultra; RAM: 256GB; GPUs: []),48089.967197179794,64164.681429862976,46039.461835861206,62722.22464680672,66417.56273293495,57486.77956852913,8615.153073299382
