model,fold-1_MAP@10,fold-1_nDCG@10,fold-2_MAP@10,fold-2_nDCG@10,fold-3_MAP@10,fold-3_nDCG@10,fold-4_MAP@10,fold-4_nDCG@10,fold-5_MAP@10,fold-5_nDCG@10,MAP@10_mean,MAP@10_std,nDCG@10_mean,nDCG@10_std
"BPRMF;embed_size=64;epoch=1000;regs[1e-05, 1e-05, 0.01]",0.10143996889875026,0.23576419148009076,0.10623683615222274,0.24039078610508743,0.10201410934744269,0.23621540656934129,0.10053592763270182,0.23825210602954813,0.10723494963995157,0.24551542165380974,0.10349235833421382,0.0027084000121792144,0.2392275823675755,0.0035471058453196464
CFKG;n_layers=3;adj_type=si;adj_uni_type=sum;alg_typebi,0.001757552483358935,0.008173754438721946,8.900836320191159e-05,0.00016519118462243572,0.0012114055299539172,0.004455753912495975,0.00337176068157251,0.007328947338042354,0.0009500981396142687,0.0025684340494592137,0.0014759650395403086,0.001090276034539388,0.004538416184668385,0.0029670021201423746
"CKE;epoch=1000;kge_size=64;embed_size=64;regs=[1e-05, 1e-05, 0.01];lr=0.0001",0.10010086097362084,0.2338847288412969,0.10545281475792227,0.2379891486018132,0.10174683052731248,0.2376194177114671,0.10171059768989237,0.24063583956451798,0.10826735755532799,0.24689437927284077,0.1034556923008152,0.002978626449426059,0.23940470279838716,0.00431907630034189
KGAT;n_layers=3;adj_type=si;adj_uni_type=sum;alg_typebi,0.09596179387226814,0.22453356401329014,0.10294918582725802,0.23090624378147293,0.0949723261018864,0.21989844704413697,0.1022762505689253,0.24325612148233627,0.10612925170068027,0.2447685632664793,0.10045776161420364,0.004289140361078354,0.23267258791754314,0.009908240601982088
