model,fold-1_MAP@10,fold-1_nDCG@10,fold-2_MAP@10,fold-2_nDCG@10,fold-3_MAP@10,fold-3_nDCG@10,fold-4_MAP@10,fold-4_nDCG@10,fold-5_MAP@10,fold-5_nDCG@10,MAP@10_mean,MAP@10_std,nDCG@10_mean,nDCG@10_std
"BPRMF;embed_size=64;epoch=1000;regs[1e-05, 1e-05, 0.01]",0.10394673386080837,0.2401252031423276,0.10497167615552792,0.23880416532007953,0.10140067868047258,0.22972912939102233,0.10220933606417476,0.23597893035078515,0.10341255262559025,0.23629461353458817,0.10318819547731477,0.0012617370556863917,0.23618640834776058,0.0035810044123584296
CFKG;n_layers=3;adj_type=si;adj_uni_type=sum;alg_typebi,0.006848352961256187,0.021680871396626736,0.005610072822438414,0.012982132832297533,0.00035737753882915174,0.0015118634590621533,0.0016960658815497525,0.007257133942935222,0.0010239446435682995,0.0034619828087290557,0.003107162769528361,0.0026135559602274315,0.00937879688793014,0.007290045969947377
"CKE;epoch=1000;kge_size=64;embed_size=64;regs=[1e-05, 1e-05, 0.01];lr=0.0001",0.10703906620394074,0.2437126747510116,0.10758981671123248,0.24209983637444873,0.09978711407900476,0.22356681156215788,0.10227898437351843,0.23337038349429462,0.10775577222127403,0.2470183564671203,0.10489015071779409,0.0032550574022047435,0.2379536125298066,0.008491331850320699
KGAT;n_layers=3;adj_type=si;adj_uni_type=sum;alg_typebi,0.0987831742713015,0.22979442716704093,0.1040001530679974,0.23531234506291743,0.10186594223511784,0.2318562492534899,0.1037428617653752,0.23927575582553265,0.09993717439185949,0.23497899750505014,0.10166586114633028,0.0020543185879366285,0.23424355496280622,0.0032403765283265484
