model,fold-1_execution_time,fold-2_execution_time,fold-3_execution_time,fold-4_execution_time,fold-5_execution_time,execution_time_mean,execution_time_std
"BPRMF;embed_size=64;epoch=1000;regs[1e-05, 1e-05, 0.01] (CPU: AMD EPYC 7502P 32-Core Processor; RAM: 94GB; GPUs: ['NVIDIA A2'])",5400.651709079742,8149.500400304794,8342.170504808426,8171.108232021332,7427.356460094452,7498.15746126175,1094.898309797487
CFKG;n_layers=3;adj_type=si;adj_uni_type=sum;alg_typebi (CPU: AMD EPYC 7502P 32-Core Processor; RAM: 94GB; GPUs: ['NVIDIA A2']),52679.12831950188,54132.2849419117,55430.30355620384,53326.78841924667,57862.43206644058,54686.187460660934,1834.409916544022
"CKE;epoch=1000;kge_size=64;embed_size=64;regs=[1e-05, 1e-05, 0.01];lr=0.0001 (CPU: AMD EPYC 7502P 32-Core Processor; RAM: 94GB; GPUs: ['NVIDIA A2'])",8105.9062530994415,9266.162276506424,8979.046242713928,9194.0852227211,9704.51950931549,9049.943900871276,527.6798067274897
KGAT;n_layers=3;adj_type=si;adj_uni_type=sum;alg_typebi (CPU: AMD EPYC 7502P 32-Core Processor; RAM: 94GB; GPUs: ['NVIDIA A2']),45852.51525807381,57823.72477602959,54014.02222633362,46866.38322854042,56021.017199754715,52115.53253774643,4862.499071215659
