model,fold-1_MAP@10,fold-1_nDCG@10,fold-2_MAP@10,fold-2_nDCG@10,fold-3_MAP@10,fold-3_nDCG@10,fold-4_MAP@10,fold-4_nDCG@10,fold-5_MAP@10,fold-5_nDCG@10,MAP@10_mean,MAP@10_std,nDCG@10_mean,nDCG@10_std
"CKE;epoch=1000;kge_size=64;embed_size=64;regs=[1e-05, 1e-05, 0.01];lr=0.0001",0.07992492218251047,0.10829581578952384,0.07935045456280378,0.10730887206790723,0.08115126165593782,0.10942519629375015,0.08002140403316098,0.1073492200982181,0.07878563200482547,0.10611815320531119,0.0798467348878477,0.0007887516898769352,0.1076994514909421,0.001105401653999919
