model,fold-1_MAP@10,fold-1_nDCG@10,fold-2_MAP@10,fold-2_nDCG@10,fold-3_MAP@10,fold-3_nDCG@10,fold-4_MAP@10,fold-4_nDCG@10,fold-5_MAP@10,fold-5_nDCG@10,MAP@10_mean,MAP@10_std,nDCG@10_mean,nDCG@10_std
"BPRMF;embed_size=64;epoch=1000;regs[1e-05, 1e-05, 0.01]",0.2837303328994297,0.38139337679114044,0.29291716946980667,0.39168989482469035,0.29243296136254276,0.3875950211926163,0.2886829024155123,0.38715968949750307,0.2856240306302797,0.3780191268110133,0.2886774793555142,0.003629778339114105,0.3851714218233927,0.004852761702884102
CFKG;n_layers=3;adj_type=si;adj_uni_type=sum;alg_typebi,0.03488158510134347,0.07735468219305579,0.05159018431417184,0.1029346830490978,0.05260062692254153,0.0993328612005729,0.024201715101420954,0.05450039738043633,0.041497870425810636,0.0830751956657487,0.040954396373057686,0.010645011993577114,0.08343956389778232,0.01736254865027936
"CKE;epoch=1000;kge_size=64;embed_size=64;regs=[1e-05, 1e-05, 0.01];lr=0.0001",0.29457441195912004,0.3925328287399702,0.297549261014645,0.3969378045620391,0.2929410580460926,0.3861812118893607,0.28852685443015824,0.38763218174950625,0.28394082138962956,0.3765690586297498,0.2915064813679291,0.004777086597753762,0.3879706171141252,0.006848887078527299
KGAT;n_layers=3;adj_type=si;adj_uni_type=sum;alg_typebi,0.2755251412257295,0.3743440363479795,0.2762477271160615,0.3728097356042524,0.27735262541055855,0.3721857862824353,0.2706877812591593,0.3690943986299442,0.26996709670278696,0.36482936529422505,0.2739560743428592,0.003027998836370071,0.3706526644317673,0.003375459981406801
