model,fold-1_MAP@10,fold-1_nDCG@10,fold-2_MAP@10,fold-2_nDCG@10,fold-3_MAP@10,fold-3_nDCG@10,fold-4_MAP@10,fold-4_nDCG@10,fold-5_MAP@10,fold-5_nDCG@10,MAP@10_mean,MAP@10_std,nDCG@10_mean,nDCG@10_std
"BPRMF;embed_size=64;epoch=1000;regs[1e-05, 1e-05, 0.01]",0.2218370566481964,0.31787774607320024,0.19756673137814884,0.29082187230162515,0.22546373779078419,0.31867773162087204,0.2179797166107321,0.31018826099817604,0.21869959210658851,0.31519050579244634,0.21630936690689,0.009738043862682722,0.31055122335726393,0.010301650818483058
