model,fold-1_MAP@10,fold-1_nDCG@10,fold-2_MAP@10,fold-2_nDCG@10,fold-3_MAP@10,fold-3_nDCG@10,fold-4_MAP@10,fold-4_nDCG@10,fold-5_MAP@10,fold-5_nDCG@10,MAP@10_mean,MAP@10_std,nDCG@10_mean,nDCG@10_std
"BPRMF;embed_size=64;epoch=1000;regs[1e-05, 1e-05, 0.01]",0.27754201169883136,0.37097734718094605,0.28982939911167327,0.38940038393026666,0.3001359417043593,0.40125752652006896,0.2921861165816627,0.3899950080211203,0.2888981265398033,0.38547054501120154,0.289718319127266,0.007260363650257589,0.3874201621327207,0.00975900541411432
CFKG;n_layers=3;adj_type=si;adj_uni_type=sum;alg_typebi,0.06496734785387388,0.11977532271958051,0.06452253857239844,0.12222911960184081,0.060881053709728655,0.11835836788672374,0.06541362713735586,0.12673416765601442,0.07006556395976561,0.12637496808139745,0.06517002624662449,0.0029285230112178202,0.1226943891891114,0.0033883617463645447
"CKE;epoch=1000;kge_size=64;embed_size=64;regs=[1e-05, 1e-05, 0.01];lr=0.0001",0.2939663232442736,0.3860583654937062,0.29333840160902347,0.39145026057243115,0.30388282135249134,0.4015232391312321,0.29186249938882114,0.3883880317764599,0.2866976278846639,0.3816203491171543,0.2939495346958547,0.005585513728907905,0.38980804921819673,0.006679184730842805
KGAT;n_layers=3;adj_type=si;adj_uni_type=sum;alg_typebi,0.27137392769841134,0.3658194807188278,0.2663956417471352,0.36370777458220144,0.2698920741659847,0.3666867632782502,0.2709104166783559,0.368307200813545,0.26666469169066626,0.359802675197776,0.2690473503961107,0.0021121627507695207,0.3648647789181201,0.002934106479042318
