model,fold-1_MAP@10,fold-1_nDCG@10,fold-2_MAP@10,fold-2_nDCG@10,fold-3_MAP@10,fold-3_nDCG@10,fold-4_MAP@10,fold-4_nDCG@10,fold-5_MAP@10,fold-5_nDCG@10,MAP@10_mean,MAP@10_std,nDCG@10_mean,nDCG@10_std
CFKG;n_layers=3;adj_type=si;adj_uni_type=sum;alg_typebi,0.06051421548549509,0.11364849594258145,0.060483647359026095,0.11689032370410322,0.07385181604946288,0.13785777870353508,0.0539966886463945,0.1056247923936062,0.066076598042304,0.1237129918868995,0.06298459311653651,0.0066452532054279015,0.11954687652614511,0.010847287667868034
