model,fold-1_execution_time,fold-2_execution_time,fold-3_execution_time,fold-4_execution_time,fold-5_execution_time,execution_time_mean,execution_time_std
"BPRMF;embed_size=64;epoch=1000;regs[1e-05, 1e-05, 0.01] (CPU: AMD EPYC 7502P 32-Core Processor; RAM: 94GB; GPUs: ['NVIDIA A2'])",1853.493278503418,2979.4269387722015,2992.0397624969482,2985.227442741394,3057.6427280902863,2773.5660301208495,460.8998758168022
CFKG;n_layers=3;adj_type=si;adj_uni_type=sum;alg_typebi (CPU: AMD EPYC 7502P 32-Core Processor; RAM: 94GB; GPUs: ['NVIDIA A2']),35850.44621872902,36906.02089190483,37798.29133796692,36507.657009124756,39208.05673313141,37254.094438171385,1162.9850617190707
"CKE;epoch=1000;kge_size=64;embed_size=64;regs=[1e-05, 1e-05, 0.01];lr=0.0001 (CPU: AMD EPYC 7502P 32-Core Processor; RAM: 94GB; GPUs: ['NVIDIA A2'])",3280.239628314972,3222.706875562668,3444.7758588790894,2753.062985420227,3510.377247571945,3242.2325191497803,266.09698370446563
KGAT;n_layers=3;adj_type=si;adj_uni_type=sum;alg_typebi (CPU: AMD EPYC 7502P 32-Core Processor; RAM: 94GB; GPUs: ['NVIDIA A2']),37521.97502684593,38630.40594744682,39554.86292028427,38186.75174689293,40813.250051021576,38941.449138498305,1145.5250234765413
