model,fold-1_MAP@10,fold-1_nDCG@10,fold-2_MAP@10,fold-2_nDCG@10,fold-3_MAP@10,fold-3_nDCG@10,fold-4_MAP@10,fold-4_nDCG@10,fold-5_MAP@10,fold-5_nDCG@10,MAP@10_mean,MAP@10_std,nDCG@10_mean,nDCG@10_std
KGAT;n_layers=3;adj_type=si;adj_uni_type=sum;alg_typebi,0.06434341639218846,0.09009384200639871,0.06467134940344792,0.09024006064024223,0.0644734541934262,0.08973725977625964,0.0640326548236415,0.08992818771509963,0.06543875911138308,0.09090075762279695,0.06459192678481743,0.0004715954279633868,0.09018002155215943,0.0003974796501481689
