model,fold-1_MAP@10,fold-1_nDCG@10,fold-2_MAP@10,fold-2_nDCG@10,fold-3_MAP@10,fold-3_nDCG@10,fold-4_MAP@10,fold-4_nDCG@10,fold-5_MAP@10,fold-5_nDCG@10,MAP@10_mean,MAP@10_std,nDCG@10_mean,nDCG@10_std
"BPRMF;embed_size=64;epoch=1000;regs[1e-05, 1e-05, 0.01]",0.08112032477174091,0.10971948470447754,0.08036205142315694,0.10906175524679099,0.07801281065989064,0.10532498361382361,0.07949697362235303,0.10784862398799766,0.0779536268195652,0.10558277061863558,0.07938915745934134,0.0012577890111978576,0.10750752363434506,0.0017828579441352193
