model,fold-1_MAP@10,fold-1_nDCG@10,fold-2_MAP@10,fold-2_nDCG@10,fold-3_MAP@10,fold-3_nDCG@10,fold-4_MAP@10,fold-4_nDCG@10,fold-5_MAP@10,fold-5_nDCG@10,MAP@10_mean,MAP@10_std,nDCG@10_mean,nDCG@10_std
CFKG;n_layers=3;adj_type=si;adj_uni_type=sum;alg_typebi,0.030939895661784456,0.05154353176398385,0.03084021040964828,0.05195908163810093,0.031423139951344776,0.052925934268905094,0.03030530488041427,0.05135749063194452,0.031665172314326764,0.052480483628193984,0.031034744643503708,0.0004748077987445475,0.05205330438622567,0.0005825577825781799
