model,fold-1_MAP@10,fold-1_nDCG@10,fold-2_MAP@10,fold-2_nDCG@10,fold-3_MAP@10,fold-3_nDCG@10,fold-4_MAP@10,fold-4_nDCG@10,fold-5_MAP@10,fold-5_nDCG@10,MAP@10_mean,MAP@10_std,nDCG@10_mean,nDCG@10_std
CFKG;n_layers=3;adj_type=si;adj_uni_type=sum;alg_typebi,0.030113988726162527,0.050742688455634836,0.030058196938942367,0.05056857957542858,0.029095822195692112,0.049317318065890896,0.03061217155951171,0.05146809265908265,0.030069595058099276,0.05045225688048032,0.029989954895681598,0.0004925466038824044,0.05050978712730345,0.0006930138908650176
