model,fold-1_MAP@10,fold-1_nDCG@10,fold-2_MAP@10,fold-2_nDCG@10,fold-3_MAP@10,fold-3_nDCG@10,fold-4_MAP@10,fold-4_nDCG@10,fold-5_MAP@10,fold-5_nDCG@10,MAP@10_mean,MAP@10_std,nDCG@10_mean,nDCG@10_std
KGAT;n_layers=3;adj_type=si;adj_uni_type=sum;alg_typebi,0.2079349440868213,0.3036645401969304,0.20688663761329515,0.30338563969097226,0.20750318497651601,0.3016944229388851,0.20353851759273286,0.2996024622738625,0.20046149680169778,0.2923521086294454,0.20526495621421265,0.002857347246444655,0.30013983474601913,0.004154828274342048
