model,fold-1_MAP@10,fold-1_nDCG@10,fold-2_MAP@10,fold-2_nDCG@10,fold-3_MAP@10,fold-3_nDCG@10,fold-4_MAP@10,fold-4_nDCG@10,fold-5_MAP@10,fold-5_nDCG@10,MAP@10_mean,MAP@10_std,nDCG@10_mean,nDCG@10_std
KGAT;n_layers=3;adj_type=si;adj_uni_type=sum;alg_typebi,0.062135835449276595,0.08752661459454442,0.06296183152252807,0.08927281400082926,0.06311251032943223,0.08824442412428596,0.062367164752827796,0.08715572947475483,0.06234081054392568,0.08809966784841862,0.06258363051959807,0.00038186103379126617,0.08805985000856661,0.0007223169190206353
