model,fold-1_MAP@10,fold-1_nDCG@10,fold-2_MAP@10,fold-2_nDCG@10,fold-3_MAP@10,fold-3_nDCG@10,fold-4_MAP@10,fold-4_nDCG@10,fold-5_MAP@10,fold-5_nDCG@10,MAP@10_mean,MAP@10_std,nDCG@10_mean,nDCG@10_std
"CKE;epoch=1000;kge_size=64;embed_size=64;regs=[1e-05, 1e-05, 0.01];lr=0.0001",0.29109599562302435,0.3874369911742112,0.30256031633815306,0.39983490743895006,0.292041041260383,0.38921136087819197,0.28859789812590525,0.38535706717755547,0.2853058360632655,0.3803755244082304,0.2919202174821462,0.00580850223695107,0.3884431702154278,0.006418490959063176
