model,fold-1_MAP@10,fold-1_nDCG@10,fold-2_MAP@10,fold-2_nDCG@10,fold-3_MAP@10,fold-3_nDCG@10,fold-4_MAP@10,fold-4_nDCG@10,fold-5_MAP@10,fold-5_nDCG@10,MAP@10_mean,MAP@10_std,nDCG@10_mean,nDCG@10_std
"CKE;epoch=1000;kge_size=64;embed_size=64;regs=[1e-05, 1e-05, 0.01];lr=0.0001",0.08156443274053551,0.10921724754603152,0.08019084256985845,0.10798504977015697,0.08032617421815426,0.10732997765399462,0.08018198950079174,0.10724633255854331,0.07972597478867682,0.10722625549982262,0.08039788276360335,0.0006175624395466572,0.10780097260570982,0.0007615091184372723
