model,fold-1_MAP@10,fold-1_nDCG@10,fold-2_MAP@10,fold-2_nDCG@10,fold-3_MAP@10,fold-3_nDCG@10,fold-4_MAP@10,fold-4_nDCG@10,fold-5_MAP@10,fold-5_nDCG@10,MAP@10_mean,MAP@10_std,nDCG@10_mean,nDCG@10_std
"Entity2Rec;embedding_model=deepwalk_based;embedding_model_kwargs={'config': {'save_weights': True}, 'parameters': {'walk_len': 10, 'p': 1.0, 'q': 1.0, 'n_walks': 50, 'embedding_size': 64, 'epochs': 1}};run_all=False;workers=16;iterations=1;collab_only=False;content_only=False",0.003767947617364372,0.00928585032082318,0.003245255448709471,0.008475197236990363,0.005170443417931173,0.012568579341354514,0.004608280451334534,0.010195341910588688,0.003169574475247858,0.007667939420470111,0.003992300282117482,0.0007813757958788181,0.00963858164604537,0.0016885604483664017
