model,fold-1_MAP@10,fold-1_nDCG@10,fold-2_MAP@10,fold-2_nDCG@10,fold-3_MAP@10,fold-3_nDCG@10,fold-4_MAP@10,fold-4_nDCG@10,fold-5_MAP@10,fold-5_nDCG@10,MAP@10_mean,MAP@10_std,nDCG@10_mean,nDCG@10_std
"Entity2Rec;embedding_model=deepwalk_based;embedding_model_kwargs={'config': {'save_weights': True}, 'parameters': {'walk_len': 10, 'p': 1.0, 'q': 1.0, 'n_walks': 50, 'embedding_size': 64, 'epochs': 1}};run_all=False;workers=16;iterations=1;collab_only=False;content_only=False",0.003979486132853047,0.010720185624296549,0.004069974667137976,0.010023793221976223,0.00547816829099968,0.01247419402588998,0.003629133539437534,0.008599430077332002,0.002945892036560117,0.0075162116511063495,0.004020530933397671,0.000829081021774099,0.00986676292012022,0.0017136457978072788
