model,fold-1_MAP@10,fold-1_nDCG@10,fold-2_MAP@10,fold-2_nDCG@10,fold-3_MAP@10,fold-3_nDCG@10,fold-4_MAP@10,fold-4_nDCG@10,fold-5_MAP@10,fold-5_nDCG@10,MAP@10_mean,MAP@10_std,nDCG@10_mean,nDCG@10_std
"BPRMF;embed_size=64;epoch=1000;regs[1e-05, 1e-05, 0.01]",0.08081603132576307,0.10787317032206005,0.08152289653444159,0.10962867202848073,0.08102845782045956,0.10854740184008756,0.07966830336807276,0.10696895872294641,0.07842287384201901,0.1064375598306773,0.0802917125781512,0.001114873526483331,0.1078911525488504,0.0011325487784361193
